[01:01:59.705 *] Crash handler installed
[01:01:59.764 *] Loading config file: <project>/openmw-mr5502/build/OpenMW.app/Contents/Resources/openmw.cfg
[01:01:59.765 *] Loading config file: <project>/harness/config/openmw.cfg
[01:01:59.765 *] Loading config file: <project>/harness/results/20260907-0101-c35ed1117-mr5502-core-inline/overlay/openmw.cfg
[01:01:59.766 *] Logs dir: <project>/harness/results/20260907-0101-c35ed1117-mr5502-core-inline/overlay
[01:01:59.766 *] User data dir: <project>/harness/userdata
[01:01:59.766 *] Screenshots dir: <project>/harness/userdata/screenshots
[01:01:59.766 I] OpenMW version 0.52.0
[01:01:59.766 I] Revision: c35ed11178
[01:01:59.766 I] Loading settings file: <project>/openmw-mr5502/build/OpenMW.app/Contents/Resources/defaults.bin
[01:01:59.766 I] Loading settings file: <project>/harness/config/settings.cfg
[01:01:59.766 I] Loading settings file: <project>/harness/results/20260907-0101-c35ed1117-mr5502-core-inline/overlay/settings.cfg
[01:01:59.767 I] Using default (English) font encoding.
[01:01:59.767 W] No such dir: <home>/Library/Application Support/openmw/data
[01:01:59.767 I] OSG version: 3.6.5
[01:01:59.767 I] SDL version: 2.32.10
[01:01:59.767 I] Loading shader settings file: <project>/harness/results/20260907-0101-c35ed1117-mr5502-core-inline/overlay/shaders.yaml
[01:01:59.785 E] Error: Failed to read window icon, no png readerwriter found
[01:01:59.786 W] Requesting an OpenGL 3.3 core profile context
[01:01:59.807 I] OpenGL Vendor: Apple
[01:01:59.807 I] OpenGL Renderer: Apple M5 Pro
[01:01:59.807 I] OpenGL Version: 4.1 Metal - 90.5
[01:01:59.807 I] Core profile: granted 19 version-implied GL features on a GL 4.1 context
[01:01:59.807 I] Core profile: vertex attribute aliasing and matrix uniforms enabled, 26 fixed-function modes disabled
[01:01:59.807 W] GL_ARB_clip_control not supported: disabling reverse-z depth buffer
[01:01:59.807 I] Adding BSA archive <project>/Morrowind/Data Files/Morrowind.bsa
[01:01:59.809 I] Adding BSA archive <project>/Morrowind/Data Files/Tribunal.bsa
[01:01:59.809 I] Adding BSA archive <project>/Morrowind/Data Files/Bloodmoon.bsa
[01:01:59.809 I] Adding data directory <project>/openmw-mr5502/build/OpenMW.app/Contents/Resources/../Resources/resources/vfs
[01:01:59.810 I] Adding data directory <project>/openmw-mr5502/build/OpenMW.app/Contents/Resources/../Resources/resources/vfs-mw
[01:01:59.810 I] Adding data directory <project>/Morrowind/Data Files
[01:01:59.824 I] Adding data directory <project>/harness/mod
[01:01:59.828 I] Preferred locales: gmst en
[01:01:59.828 I] Initializing LuaUtil::LuaState without profiler
[01:01:59.828 I] Lua version: Lua 5.1.4 (LuaJIT 2.1.1767980792)
[01:01:59.828 I] Loading TrueType font file fonts/mysticcards.omwfont
[01:01:59.831 I] Loading TrueType font file fonts/demonicletters.omwfont
[01:01:59.831 I] Loading TrueType font file fonts/dejavulgcsansmono.omwfont
[01:01:59.843 I] Sound disabled.
[01:01:59.846 I] Loading content file builtin.omwscripts
[01:01:59.846 E] Error loading splash/splash_hunger.tga: no readerwriter for 'tga' found
[01:01:59.846 I] Loading content file Morrowind.esm
[01:01:59.985 I] Loading content file Tribunal.esm
[01:02:00.003 I] Loading content file Bloodmoon.esm
[01:02:00.025 I] Loading content file bench.omwscripts
[01:02:00.025 V] Lua scripts configuration (45 scripts):
[01:02:00.025 V] #0 MENU PLAYER : scripts/omw/mwui/init.lua
[01:02:00.025 V] #1 MENU : scripts/omw/settings/menu.lua
[01:02:00.025 V] #2 PLAYER : scripts/omw/settings/player.lua
[01:02:00.025 V] #3 GLOBAL : scripts/omw/settings/global.lua
[01:02:00.025 V] #4 GLOBAL : scripts/omw/activationhandlers.lua
[01:02:00.025 V] #5 GLOBAL : scripts/omw/usehandlers.lua
[01:02:00.025 V] #6 GLOBAL : scripts/omw/worldeventhandlers.lua
[01:02:00.025 V] #7 GLOBAL : scripts/omw/crimes.lua
[01:02:00.025 V] #8 PLAYER CREATURE NPC : scripts/omw/mechanics/animationcontroller.lua
[01:02:00.025 V] #9 PLAYER : scripts/omw/skillhandlers.lua
[01:02:00.025 V] #10 PLAYER : scripts/omw/mechanics/playercontroller.lua
[01:02:00.025 V] #11 MENU : scripts/omw/camera/settings.lua
[01:02:00.025 V] #12 MENU : scripts/omw/input/settings.lua
[01:02:00.025 V] #13 PLAYER : scripts/omw/input/playercontrols.lua
[01:02:00.025 V] #14 PLAYER : scripts/omw/camera/camera.lua
[01:02:00.025 V] #15 PLAYER : scripts/omw/input/actionbindings.lua
[01:02:00.025 V] #16 PLAYER : scripts/omw/input/smoothmovement.lua
[01:02:00.025 V] #17 PLAYER : scripts/omw/input/gamepadcontrols.lua
[01:02:00.025 V] #18 NPC CREATURE : scripts/omw/ai.lua
[01:02:00.025 V] #19 GLOBAL : scripts/omw/mechanics/globalcontroller.lua
[01:02:00.025 V] #20 PLAYER CREATURE NPC : scripts/omw/mechanics/actorcontroller.lua
[01:02:00.025 V] #21 PLAYER NPC CREATURE : scripts/omw/combat/interface_local.lua
[01:02:00.025 V] #22 GLOBAL : scripts/omw/combat/interface_global.lua
[01:02:00.026 V] #23 PLAYER CREATURE NPC : scripts/omw/spellcasting/interface_local.lua
[01:02:00.026 V] #24 GLOBAL : scripts/omw/spellcasting/interface_global.lua
[01:02:00.026 V] #25 GLOBAL : scripts/omw/mechanics/projectiles.lua
[01:02:00.026 V] #26 PLAYER : scripts/omw/ui.lua
[01:02:00.026 V] #27 MENU : scripts/omw/console/menu.lua
[01:02:00.026 V] #28 PLAYER : scripts/omw/console/player.lua
[01:02:00.026 V] #29 GLOBAL : scripts/omw/console/global.lua
[01:02:00.026 V] #30 CUSTOM : scripts/omw/console/local.lua
[01:02:00.026 V] #31 NPC CREATURE : scripts/omw/music/actor.lua
[01:02:00.026 V] #32 GLOBAL : scripts/omw/cellhandlers.lua
[01:02:00.026 V] #33 GLOBAL : scripts/omw/combat/global.lua
[01:02:00.026 V] #34 PLAYER : scripts/omw/combat/settingspage.lua
[01:02:00.026 V] #35 PLAYER NPC CREATURE : scripts/omw/combat/local.lua
[01:02:00.026 V] #36 PLAYER : scripts/omw/music/music.lua
[01:02:00.026 V] #37 MENU : scripts/omw/music/settings.lua
[01:02:00.026 V] #38 PLAYER : scripts/omw/playerskillhandlers.lua
[01:02:00.026 V] #39 LOAD : scripts/omw/esmfallbacks.lua
[01:02:00.026 V] #40 PLAYER CREATURE NPC : scripts/omw/spellcasting/local.lua
[01:02:00.026 V] #41 DOOR CONTAINER : scripts/omw/spellcasting/lockable.lua
[01:02:00.026 V] #42 GLOBAL : scripts/omw/spellcasting/global.lua
[01:02:00.026 V] #43 GLOBAL : scripts/bench/global.lua
[01:02:00.026 V] #44 PLAYER : scripts/bench/player.lua
[01:02:00.035 V] Enchantment "test magic axe": dropping unexpected skill argument of "FortifyMaximumMagicka" effect
[01:02:00.100 I] Using 1 async physics threads
[01:02:00.100 I] Using <project>/harness/userdata/navmesh.db to store navigation mesh cache
[01:02:00.100 V] Using idle priority for thread=0x16dbc3000
[01:02:00.101 I] Reserving texture units for shadow maps: 13..15
[01:02:00.104 I] Reserving texture unit for opaque depth texture: 12
[01:02:00.104 I] Reserving texture unit for opaque color texture: 11
[01:02:00.105 V] Disabling Multiview (disabled by config)
[01:02:00.108 V] Language file "l10n/Interface/gmst.yaml" is enabled
[01:02:00.108 V] Language file "l10n/Interface/en.yaml" is enabled
[01:02:00.117 V] Language file "l10n/OMWEngine/gmst.yaml" is enabled
[01:02:00.117 V] Language file "l10n/OMWEngine/en.yaml" is enabled
[01:02:00.126 V] Language file "l10n/OMWShaders/en.yaml" is enabled
[01:02:00.134 V] Language file "l10n/OMWCamera/en.yaml" is enabled
[01:02:00.135 V] Language file "l10n/OMWControls/en.yaml" is enabled
[01:02:00.135 V] Language file "l10n/interface/gmst.yaml" is enabled
[01:02:00.135 V] Language file "l10n/interface/en.yaml" is enabled
[01:02:00.135 V] Language file "l10n/Calendar/gmst.yaml" is enabled
[01:02:00.135 V] Language file "l10n/Calendar/en.yaml" is enabled
[01:02:00.135 V] Language file "l10n/OMWMusic/en.yaml" is enabled
[01:02:00.136 I] OSG stats will be written to: <project>/harness/results/20260907-0101-c35ed1117-mr5502-core-inline/seyda-r1-stats.txt
[01:02:00.140 I] Starting a new game
[01:02:00.142 V] Language file "l10n/Mechanics/gmst.yaml" is enabled
[01:02:00.143 E] Error loading splash/splash_clannfear.tga: no readerwriter for 'tga' found
[01:02:00.152 W] glLinkProgram 0xb93c78800"" FAILED
[01:02:00.152 W] Program "" infolog:
[01:02:00.152 W] ERROR: duplicate definition of function 'applyClipPlanes'
[01:02:00.152 W] 
[01:02:00.152 W] Warning: detected OpenGL error 'invalid operation' at after pcp->apply(Unfiorm&) in GLObjectsVisitor::apply(osg::StateSet& stateset), unifrom name:  color
[01:02:00.152 W] Warning: detected OpenGL error 'invalid operation' at after pcp->apply(Unfiorm&) in GLObjectsVisitor::apply(osg::StateSet& stateset), unifrom name:  material.ambient
[01:02:00.157 W] glLinkProgram 0xb93c78900"" FAILED
[01:02:00.157 W] Program "" infolog:
[01:02:00.157 W] ERROR: duplicate definition of function 'applyClipPlanes'
[01:02:00.157 W] 
[01:02:00.161 W] glLinkProgram 0xb93c78a00"" FAILED
[01:02:00.161 W] Program "" infolog:
[01:02:00.161 W] ERROR: duplicate definition of function 'applyClipPlanes'
[01:02:00.161 W] 
[01:02:00.162 W] Warning: detected OpenGL error 'invalid operation' at after pcp->apply(Unfiorm&) in GLObjectsVisitor::apply(osg::StateSet& stateset), unifrom name:  material.ambient
[01:02:00.162 W] Warning: detected OpenGL error 'invalid operation' at after pcp->apply(Unfiorm&) in GLObjectsVisitor::apply(osg::StateSet& stateset), unifrom name:  material.ambient
[01:02:00.162 W] Warning: detected OpenGL error 'invalid operation' at after pcp->apply(Unfiorm&) in GLObjectsVisitor::apply(osg::StateSet& stateset), unifrom name:  maximumShadowMapDistance
[01:02:00.164 E] Error loading splash/splash_nixhound.tga: no readerwriter for 'tga' found
[01:02:00.164 I] Loading cell Seyda Neen (-2, -9)
[01:02:00.170 W] glLinkProgram 0xb93c7bd00"" FAILED
[01:02:00.170 W] Program "" infolog:
[01:02:00.170 W] ERROR: duplicate definition of function 'applyClipPlanes'
[01:02:00.170 W] 
[01:02:00.174 V] Controller R2_Claw02 present more than once in meshes/r/xsiltstrider.kf, ignoring later version
[01:02:00.205 W] glLinkProgram 0xb92b38500"" FAILED
[01:02:00.205 W] Program "" infolog:
[01:02:00.205 W] ERROR: duplicate definition of function 'applyClipPlanes'
[01:02:00.205 W] 
[01:02:00.222 I] Loading cell Bitter Coast Region (-2, -8)
[01:02:00.232 I] Loading cell Bitter Coast Region (-1, -9)
[01:02:00.242 I] Loading cell Bitter Coast Region (-3, -9)
[01:02:00.251 I] Loading cell Seyda Neen (-2, -10)
[01:02:00.251 I] Warning: lookoutScript[local variables] line 41, column 37 (=): invalid operator =, treating it as ==
[01:02:00.255 W] glLinkProgram 0xb919b5600"" FAILED
[01:02:00.255 W] Program "" infolog:
[01:02:00.255 W] ERROR: duplicate definition of function 'applyClipPlanes'
[01:02:00.255 W] 
[01:02:00.257 I] Loading cell Ascadian Isles Region (-1, -8)
[01:02:00.273 I] Loading cell Bitter Coast Region (-3, -8)
[01:02:00.278 I] Loading cell Bitter Coast Region (-1, -10)
[01:02:00.280 I] Loading cell Bitter Coast Region (-3, -10)
[01:02:00.284 V] Language file "l10n/OMWCombat/en.yaml" is enabled
[01:02:00.298 I] AiTravel: -8914, -73093, 126
[01:02:00.298 I] Warning: lookoutScript line 41, column 37 (=): invalid operator =, treating it as ==
[01:02:00.298 I] Warning: fallingScript line 46, column 6 (endif): endif without matching if/elseif
[01:02:00.309 W] glLinkProgram 0xb9890a600"" FAILED
[01:02:00.309 W] Program "" infolog:
[01:02:00.309 W] ERROR: duplicate definition of function 'applyClipPlanes'
[01:02:00.309 W] 
[01:02:00.309 W] Warning: detected OpenGL error 'invalid operation' at end of Geometry::drawImplementation().
[01:02:00.309 W] Warning: detected OpenGL error 'invalid operation' at end of Geometry::drawImplementation().
[01:02:00.309 W] Warning: detected OpenGL error 'invalid operation' at end of Geometry::drawImplementation().
[01:02:00.309 W] Warning: detected OpenGL error 'invalid operation' at end of Geometry::drawImplementation().
[01:02:00.309 W] Warning: detected OpenGL error 'invalid operation' at end of Geometry::drawImplementation().
[01:02:00.309 W] Warning: detected OpenGL error 'invalid operation' at end of Geometry::drawImplementation().
[01:02:00.309 W] Warning: detected OpenGL error 'invalid operation' at end of Geometry::drawImplementation().
[01:02:00.309 W] Warning: detected OpenGL error 'invalid operation' at end of Geometry::drawImplementation().
[01:02:00.309 W] Warning: detected OpenGL error 'invalid operation' at end of Geometry::drawImplementation().
[01:02:00.309 W] Warning: detected OpenGL error 'invalid operation' at end of Geometry::drawImplementation().
[01:02:00.309 W] Warning: detected OpenGL error 'invalid operation' at end of Geometry::drawImplementation().
[01:02:00.309 W] Warning: detected OpenGL error 'invalid operation' at end of Geometry::drawImplementation().
[01:02:00.309 W] Warning: detected OpenGL error 'invalid operation' at end of Geometry::drawImplementation().
[01:02:00.309 W] Warning: detected OpenGL error 'invalid operation' at end of Geometry::drawImplementation().
[01:02:00.309 W] Warning: detected OpenGL error 'invalid operation' at end of Geometry::drawImplementation().
[01:02:00.309 W] Warning: detected OpenGL error 'invalid operation' at end of Geometry::drawImplementation().
[01:02:00.309 W] Warning: detected OpenGL error 'invalid operation' at end of Geometry::drawImplementation().
[01:02:00.309 W] Warning: detected OpenGL error 'invalid operation' at end of Geometry::drawImplementation().
[01:02:00.309 W] Warning: detected OpenGL error 'invalid operation' at end of Geometry::drawImplementation().
[01:02:00.309 W] Warning: detected OpenGL error 'invalid operation' at end of Geometry::drawImplementation().
[01:02:00.309 W] Warning: detected OpenGL error 'invalid operation' at end of Geometry::drawImplementation().
[01:02:00.309 W] Warning: detected OpenGL error 'invalid operation' at end of Geometry::drawImplementation().
[01:02:00.309 W] Warning: detected OpenGL error 'invalid operation' at end of Geometry::drawImplementation().
[01:02:00.309 W] Warning: detected OpenGL error 'invalid operation' at end of Geometry::drawImplementation().
[01:02:00.310 W] Warning: detected OpenGL error 'invalid operation' at end of Geometry::drawImplementation().
[01:02:00.310 W] Warning: detected OpenGL error 'invalid operation' at end of Geometry::drawImplementation().
[01:02:00.310 W] Warning: detected OpenGL error 'invalid operation' at end of Geometry::drawImplementation().
[01:02:00.310 W] Warning: detected OpenGL error 'invalid operation' at end of Geometry::drawImplementation().
[01:02:00.310 W] Warning: detected OpenGL error 'invalid operation' at end of Geometry::drawImplementation().
[01:02:00.310 W] Warning: detected OpenGL error 'invalid operation' at end of Geometry::drawImplementation().
[01:02:00.310 W] Warning: detected OpenGL error 'invalid operation' at end of Geometry::drawImplementation().
[01:02:00.310 W] Warning: detected OpenGL error 'invalid operation' at end of Geometry::drawImplementation().
[01:02:00.310 W] Warning: detected OpenGL error 'invalid operation' at end of Geometry::drawImplementation().
[01:02:00.310 W] Warning: detected OpenGL error 'invalid operation' at end of Geometry::drawImplementation().
[01:02:00.310 W] Warning: detected OpenGL error 'invalid operation' at end of Geometry::drawImplementation().
[01:02:00.310 W] Warning: detected OpenGL error 'invalid operation' at end of Geometry::drawImplementation().
[01:02:00.310 W] Warning: detected OpenGL error 'invalid operation' at end of Geometry::drawImplementation().
[01:02:00.310 W] Warning: detected OpenGL error 'invalid operation' at end of Geometry::drawImplementation().
[01:02:00.310 W] Warning: detected OpenGL error 'invalid operation' at end of Geometry::drawImplementation().
[01:02:00.310 W] Warning: detected OpenGL error 'invalid operation' at end of Geometry::drawImplementation().
[01:02:00.310 W] Warning: detected OpenGL error 'invalid operation' at end of Geometry::drawImplementation().
[01:02:00.310 W] Warning: detected OpenGL error 'invalid operation' at end of Geometry::drawImplementation().
[01:02:00.310 W] Warning: detected OpenGL error 'invalid operation' at end of Geometry::drawImplementation().
[01:02:00.310 W] Warning: detected OpenGL error 'invalid operation' at end of Geometry::drawImplementation().
[01:02:00.310 W] Warning: detected OpenGL error 'invalid operation' at end of Geometry::drawImplementation().
[01:02:00.310 W] Warning: detected OpenGL error 'invalid operation' at end of Geometry::drawImplementation().
[01:02:00.310 W] Warning: detected OpenGL error 'invalid operation' at end of Geometry::drawImplementation().
[01:02:00.310 W] Warning: detected OpenGL error 'invalid operation' at end of Geometry::drawImplementation().
[01:02:00.310 W] Warning: detected OpenGL error 'invalid operation' at end of Geometry::drawImplementation().
[01:02:00.310 W] Warning: detected OpenGL error 'invalid operation' at end of Geometry::drawImplementation().
[01:02:00.310 W] Warning: detected OpenGL error 'invalid operation' at end of Geometry::drawImplementation().
[01:02:00.310 W] Warning: detected OpenGL error 'invalid operation' at end of Geometry::drawImplementation().
[01:02:00.310 W] Warning: detected OpenGL error 'invalid operation' at end of Geometry::drawImplementation().
[01:02:00.310 W] Warning: detected OpenGL error 'invalid operation' at end of Geometry::drawImplementation().
[01:02:00.310 W] Warning: detected OpenGL error 'invalid operation' at end of Geometry::drawImplementation().
[01:02:00.310 W] Warning: detected OpenGL error 'invalid operation' at end of Geometry::drawImplementation().
[01:02:00.310 W] Warning: detected OpenGL error 'invalid operation' at end of Geometry::drawImplementation().
[01:02:00.310 W] Warning: detected OpenGL error 'invalid operation' at end of Geometry::drawImplementation().
[01:02:00.310 W] Warning: detected OpenGL error 'invalid operation' at end of Geometry::drawImplementation().
[01:02:00.310 W] Warning: detected OpenGL error 'invalid operation' at end of Geometry::drawImplementation().
[01:02:00.310 W] Warning: detected OpenGL error 'invalid operation' at end of Geometry::drawImplementation().
[01:02:00.310 W] Warning: detected OpenGL error 'invalid operation' at end of Geometry::drawImplementation().
[01:02:00.310 W] Warning: detected OpenGL error 'invalid operation' at end of Geometry::drawImplementation().
[01:02:00.310 W] Warning: detected OpenGL error 'invalid operation' at end of Geometry::drawImplementation().
[01:02:00.310 W] Warning: detected OpenGL error 'invalid operation' at end of Geometry::drawImplementation().
[01:02:00.310 W] Warning: detected OpenGL error 'invalid operation' at end of Geometry::drawImplementation().
[01:02:00.310 W] Warning: detected OpenGL error 'invalid operation' at end of Geometry::drawImplementation().
[01:02:00.310 W] Warning: detected OpenGL error 'invalid operation' at end of Geometry::drawImplementation().
[01:02:00.310 W] Warning: detected OpenGL error 'invalid operation' at end of Geometry::drawImplementation().
[01:02:00.310 W] Warning: detected OpenGL error 'invalid operation' at end of Geometry::drawImplementation().
[01:02:00.310 W] Warning: detected OpenGL error 'invalid operation' at end of Geometry::drawImplementation().
[01:02:00.310 W] Warning: detected OpenGL error 'invalid operation' at end of Geometry::drawImplementation().
[01:02:00.310 W] Warning: detected OpenGL error 'invalid operation' at end of Geometry::drawImplementation().
[01:02:00.310 W] Warning: detected OpenGL error 'invalid operation' at end of Geometry::drawImplementation().
[01:02:00.310 W] Warning: detected OpenGL error 'invalid operation' at end of Geometry::drawImplementation().
[01:02:00.310 W] Warning: detected OpenGL error 'invalid operation' at end of Geometry::drawImplementation().
[01:02:00.310 W] Warning: detected OpenGL error 'invalid operation' at end of Geometry::drawImplementation().
[01:02:00.310 W] Warning: detected OpenGL error 'invalid operation' at end of Geometry::drawImplementation().
[01:02:00.310 W] Warning: detected OpenGL error 'invalid operation' at end of Geometry::drawImplementation().
[01:02:00.310 W] Warning: detected OpenGL error 'invalid operation' at end of Geometry::drawImplementation().
[01:02:00.310 W] Warning: detected OpenGL error 'invalid operation' at end of Geometry::drawImplementation().
[01:02:00.310 W] Warning: detected OpenGL error 'invalid operation' at end of Geometry::drawImplementation().
[01:02:00.310 W] Warning: detected OpenGL error 'invalid operation' at end of Geometry::drawImplementation().
[01:02:00.310 W] Warning: detected OpenGL error 'invalid operation' at end of Geometry::drawImplementation().
[01:02:00.310 W] Warning: detected OpenGL error 'invalid operation' at end of Geometry::drawImplementation().
[01:02:00.310 W] Warning: detected OpenGL error 'invalid operation' at end of Geometry::drawImplementation().
[01:02:00.310 W] Warning: detected OpenGL error 'invalid operation' at end of Geometry::drawImplementation().
[01:02:00.310 W] Warning: detected OpenGL error 'invalid operation' at end of Geometry::drawImplementation().
[01:02:00.310 W] Warning: detected OpenGL error 'invalid operation' at end of Geometry::drawImplementation().
[01:02:00.311 W] Warning: detected OpenGL error 'invalid operation' at end of Geometry::drawImplementation().
[01:02:00.311 W] Warning: detected OpenGL error 'invalid operation' at end of Geometry::drawImplementation().
[01:02:00.311 W] Warning: detected OpenGL error 'invalid operation' at end of Geometry::drawImplementation().
[01:02:00.311 W] Warning: detected OpenGL error 'invalid operation' at end of Geometry::drawImplementation().
[01:02:00.311 W] Warning: detected OpenGL error 'invalid operation' at end of Geometry::drawImplementation().
[01:02:00.311 W] Warning: detected OpenGL error 'invalid operation' at end of Geometry::drawImplementation().
[01:02:00.311 W] Warning: detected OpenGL error 'invalid operation' at end of Geometry::drawImplementation().
[01:02:00.311 W] Warning: detected OpenGL error 'invalid operation' at end of Geometry::drawImplementation().
[01:02:00.311 W] Warning: detected OpenGL error 'invalid operation' at end of Geometry::drawImplementation().
[01:02:00.311 W] Warning: detected OpenGL error 'invalid operation' at end of Geometry::drawImplementation().
[01:02:00.311 W] Warning: detected OpenGL error 'invalid operation' at end of Geometry::drawImplementation().
[01:02:00.311 W] Warning: detected OpenGL error 'invalid operation' at end of Geometry::drawImplementation().
[01:02:00.311 W] Warning: detected OpenGL error 'invalid operation' at end of Geometry::drawImplementation().
[01:02:00.311 W] Warning: detected OpenGL error 'invalid operation' at end of Geometry::drawImplementation().
[01:02:00.311 W] Warning: detected OpenGL error 'invalid operation' at end of Geometry::drawImplementation().
[01:02:00.311 W] Warning: detected OpenGL error 'invalid operation' at end of Geometry::drawImplementation().
[01:02:00.311 W] Warning: detected OpenGL error 'invalid operation' at end of Geometry::drawImplementation().
[01:02:00.311 W] Warning: detected OpenGL error 'invalid operation' at end of Geometry::drawImplementation().
[01:02:00.311 W] Warning: detected OpenGL error 'invalid operation' at end of Geometry::drawImplementation().
[01:02:00.311 W] Warning: detected OpenGL error 'invalid operation' at end of Geometry::drawImplementation().
[01:02:00.311 W] Warning: detected OpenGL error 'invalid operation' at end of Geometry::drawImplementation().
[01:02:00.311 W] Warning: detected OpenGL error 'invalid operation' at end of Geometry::drawImplementation().
[01:02:00.311 W] Warning: detected OpenGL error 'invalid operation' at end of Geometry::drawImplementation().
[01:02:00.311 W] Warning: detected OpenGL error 'invalid operation' at end of Geometry::drawImplementation().
[01:02:00.311 W] Warning: detected OpenGL error 'invalid operation' at end of Geometry::drawImplementation().
[01:02:00.311 W] Warning: detected OpenGL error 'invalid operation' at end of Geometry::drawImplementation().
[01:02:00.311 W] Warning: detected OpenGL error 'invalid operation' at end of Geometry::drawImplementation().
[01:02:00.311 W] Warning: detected OpenGL error 'invalid operation' at end of Geometry::drawImplementation().
[01:02:00.311 W] Warning: detected OpenGL error 'invalid operation' at end of Geometry::drawImplementation().
[01:02:00.311 W] Warning: detected OpenGL error 'invalid operation' at end of Geometry::drawImplementation().
[01:02:00.311 W] Warning: detected OpenGL error 'invalid operation' at end of Geometry::drawImplementation().
[01:02:00.311 W] Warning: detected OpenGL error 'invalid operation' at end of Geometry::drawImplementation().
[01:02:00.311 W] Warning: detected OpenGL error 'invalid operation' at end of Geometry::drawImplementation().
[01:02:00.311 W] Warning: detected OpenGL error 'invalid operation' at end of Geometry::drawImplementation().
[01:02:00.311 W] Warning: detected OpenGL error 'invalid operation' at end of Geometry::drawImplementation().
[01:02:00.311 W] Warning: detected OpenGL error 'invalid operation' at end of Geometry::drawImplementation().
[01:02:00.311 W] Warning: detected OpenGL error 'invalid operation' at end of Geometry::drawImplementation().
[01:02:00.311 W] Warning: detected OpenGL error 'invalid operation' at end of Geometry::drawImplementation().
[01:02:00.311 W] Warning: detected OpenGL error 'invalid operation' at end of Geometry::drawImplementation().
[01:02:00.311 W] Warning: detected OpenGL error 'invalid operation' at end of Geometry::drawImplementation().
[01:02:00.311 W] Warning: detected OpenGL error 'invalid operation' at end of Geometry::drawImplementation().
[01:02:00.311 W] Warning: detected OpenGL error 'invalid operation' at end of Geometry::drawImplementation().
[01:02:00.311 W] Warning: detected OpenGL error 'invalid operation' at end of Geometry::drawImplementation().
[01:02:00.311 W] Warning: detected OpenGL error 'invalid operation' at end of Geometry::drawImplementation().
[01:02:00.311 W] Warning: detected OpenGL error 'invalid operation' at end of Geometry::drawImplementation().
[01:02:00.311 W] Warning: detected OpenGL error 'invalid operation' at end of Geometry::drawImplementation().
[01:02:00.311 W] Warning: detected OpenGL error 'invalid operation' at end of Geometry::drawImplementation().
[01:02:00.311 W] Warning: detected OpenGL error 'invalid operation' at end of Geometry::drawImplementation().
[01:02:00.311 W] Warning: detected OpenGL error 'invalid operation' at end of Geometry::drawImplementation().
[01:02:00.311 W] Warning: detected OpenGL error 'invalid operation' at end of Geometry::drawImplementation().
[01:02:00.311 W] Warning: detected OpenGL error 'invalid operation' at end of Geometry::drawImplementation().
[01:02:00.311 W] Warning: detected OpenGL error 'invalid operation' at end of Geometry::drawImplementation().
[01:02:00.311 W] Warning: detected OpenGL error 'invalid operation' at end of Geometry::drawImplementation().
[01:02:00.311 W] Warning: detected OpenGL error 'invalid operation' at end of Geometry::drawImplementation().
[01:02:00.311 W] Warning: detected OpenGL error 'invalid operation' at end of Geometry::drawImplementation().
[01:02:00.311 W] Warning: detected OpenGL error 'invalid operation' at end of Geometry::drawImplementation().
[01:02:00.311 W] Warning: detected OpenGL error 'invalid operation' at end of Geometry::drawImplementation().
[01:02:00.311 W] Warning: detected OpenGL error 'invalid operation' at end of Geometry::drawImplementation().
[01:02:00.311 W] Warning: detected OpenGL error 'invalid operation' at end of Geometry::drawImplementation().
[01:02:00.311 W] Warning: detected OpenGL error 'invalid operation' at end of Geometry::drawImplementation().
[01:02:00.311 W] Warning: detected OpenGL error 'invalid operation' at end of Geometry::drawImplementation().
[01:02:00.311 W] Warning: detected OpenGL error 'invalid operation' at end of Geometry::drawImplementation().
[01:02:00.311 W] Warning: detected OpenGL error 'invalid operation' at end of Geometry::drawImplementation().
[01:02:00.311 W] Warning: detected OpenGL error 'invalid operation' at end of Geometry::drawImplementation().
[01:02:00.311 W] Warning: detected OpenGL error 'invalid operation' at end of Geometry::drawImplementation().
[01:02:00.311 W] Warning: detected OpenGL error 'invalid operation' at end of Geometry::drawImplementation().
[01:02:00.311 W] Warning: detected OpenGL error 'invalid operation' at end of Geometry::drawImplementation().
[01:02:00.311 W] Warning: detected OpenGL error 'invalid operation' at end of Geometry::drawImplementation().
[01:02:00.311 W] Warning: detected OpenGL error 'invalid operation' at end of Geometry::drawImplementation().
[01:02:00.311 W] Warning: detected OpenGL error 'invalid operation' at end of Geometry::drawImplementation().
[01:02:00.311 W] Warning: detected OpenGL error 'invalid operation' at end of Geometry::drawImplementation().
[01:02:00.311 W] Warning: detected OpenGL error 'invalid operation' at end of Geometry::drawImplementation().
[01:02:00.311 W] Warning: detected OpenGL error 'invalid operation' at end of Geometry::drawImplementation().
[01:02:00.311 W] Warning: detected OpenGL error 'invalid operation' at end of Geometry::drawImplementation().
[01:02:00.311 W] Warning: detected OpenGL error 'invalid operation' at end of Geometry::drawImplementation().
[01:02:00.311 W] Warning: detected OpenGL error 'invalid operation' at end of Geometry::drawImplementation().
[01:02:00.311 W] Warning: detected OpenGL error 'invalid operation' at end of Geometry::drawImplementation().
[01:02:00.311 W] Warning: detected OpenGL error 'invalid operation' at end of Geometry::drawImplementation().
[01:02:00.311 W] Warning: detected OpenGL error 'invalid operation' at end of Geometry::drawImplementation().
[01:02:00.311 W] Warning: detected OpenGL error 'invalid operation' at end of Geometry::drawImplementation().
[01:02:00.311 W] Warning: detected OpenGL error 'invalid operation' at end of Geometry::drawImplementation().
[01:02:00.311 W] Warning: detected OpenGL error 'invalid operation' at end of Geometry::drawImplementation().
[01:02:00.311 W] Warning: detected OpenGL error 'invalid operation' at end of Geometry::drawImplementation().
[01:02:00.311 W] Warning: detected OpenGL error 'invalid operation' at end of Geometry::drawImplementation().
[01:02:00.311 W] Warning: detected OpenGL error 'invalid operation' at end of Geometry::drawImplementation().
[01:02:00.311 W] Warning: detected OpenGL error 'invalid operation' at end of Geometry::drawImplementation().
[01:02:00.311 W] Warning: detected OpenGL error 'invalid operation' at end of Geometry::drawImplementation().
[01:02:00.311 W] Warning: detected OpenGL error 'invalid operation' at end of Geometry::drawImplementation().
[01:02:00.311 W] Warning: detected OpenGL error 'invalid operation' at end of Geometry::drawImplementation().
[01:02:00.311 W] Warning: detected OpenGL error 'invalid operation' at end of Geometry::drawImplementation().
[01:02:00.311 W] Warning: detected OpenGL error 'invalid operation' at end of Geometry::drawImplementation().
[01:02:00.311 W] Warning: detected OpenGL error 'invalid operation' at end of Geometry::drawImplementation().
[01:02:00.311 W] Warning: detected OpenGL error 'invalid operation' at end of Geometry::drawImplementation().
[01:02:00.311 W] Warning: detected OpenGL error 'invalid operation' at end of Geometry::drawImplementation().
[01:02:00.311 W] Warning: detected OpenGL error 'invalid operation' at end of Geometry::drawImplementation().
[01:02:00.311 W] Warning: detected OpenGL error 'invalid operation' at end of Geometry::drawImplementation().
[01:02:00.311 W] Warning: detected OpenGL error 'invalid operation' at end of Geometry::drawImplementation().
[01:02:00.311 W] Warning: detected OpenGL error 'invalid operation' at end of Geometry::drawImplementation().
[01:02:00.311 W] Warning: detected OpenGL error 'invalid operation' at end of Geometry::drawImplementation().
[01:02:00.311 W] Warning: detected OpenGL error 'invalid operation' at end of Geometry::drawImplementation().
[01:02:00.311 W] Warning: detected OpenGL error 'invalid operation' at end of Geometry::drawImplementation().
[01:02:00.311 W] Warning: detected OpenGL error 'invalid operation' at end of Geometry::drawImplementation().
[01:02:00.311 W] Warning: detected OpenGL error 'invalid operation' at end of Geometry::drawImplementation().
[01:02:00.311 W] Warning: detected OpenGL error 'invalid operation' at end of Geometry::drawImplementation().
[01:02:00.311 W] Warning: detected OpenGL error 'invalid operation' at end of Geometry::drawImplementation().
[01:02:00.311 W] Warning: detected OpenGL error 'invalid operation' at end of Geometry::drawImplementation().
[01:02:00.311 W] Warning: detected OpenGL error 'invalid operation' at end of Geometry::drawImplementation().
[01:02:00.311 W] Warning: detected OpenGL error 'invalid operation' at end of Geometry::drawImplementation().
[01:02:00.311 W] Warning: detected OpenGL error 'invalid operation' at end of Geometry::drawImplementation().
[01:02:00.311 W] Warning: detected OpenGL error 'invalid operation' at end of Geometry::drawImplementation().
[01:02:00.311 W] Warning: detected OpenGL error 'invalid operation' at end of Geometry::drawImplementation().
[01:02:00.311 W] Warning: detected OpenGL error 'invalid operation' at end of Geometry::drawImplementation().
[01:02:00.311 W] Warning: detected OpenGL error 'invalid operation' at end of Geometry::drawImplementation().
[01:02:00.311 W] Warning: detected OpenGL error 'invalid operation' at end of Geometry::drawImplementation().
[01:02:00.311 W] Warning: detected OpenGL error 'invalid operation' at end of Geometry::drawImplementation().
[01:02:00.311 W] Warning: detected OpenGL error 'invalid operation' at end of Geometry::drawImplementation().
[01:02:00.311 W] Warning: detected OpenGL error 'invalid operation' at end of Geometry::drawImplementation().
[01:02:00.311 W] Warning: detected OpenGL error 'invalid operation' at end of Geometry::drawImplementation().
[01:02:00.311 W] Warning: detected OpenGL error 'invalid operation' at end of Geometry::drawImplementation().
[01:02:00.311 W] Warning: detected OpenGL error 'invalid operation' at end of Geometry::drawImplementation().
[01:02:00.311 W] Warning: detected OpenGL error 'invalid operation' at end of Geometry::drawImplementation().
[01:02:00.311 W] Warning: detected OpenGL error 'invalid operation' at end of Geometry::drawImplementation().
[01:02:00.311 W] Warning: detected OpenGL error 'invalid operation' at end of Geometry::drawImplementation().
[01:02:00.311 W] Warning: detected OpenGL error 'invalid operation' at end of Geometry::drawImplementation().
[01:02:00.311 W] Warning: detected OpenGL error 'invalid operation' at end of Geometry::drawImplementation().
[01:02:00.311 W] Warning: detected OpenGL error 'invalid operation' at end of Geometry::drawImplementation().
[01:02:00.311 W] Warning: detected OpenGL error 'invalid operation' at end of Geometry::drawImplementation().
[01:02:00.311 W] Warning: detected OpenGL error 'invalid operation' at end of Geometry::drawImplementation().
[01:02:00.311 W] Warning: detected OpenGL error 'invalid operation' at end of Geometry::drawImplementation().
[01:02:00.311 W] Warning: detected OpenGL error 'invalid operation' at end of Geometry::drawImplementation().
[01:02:00.311 W] Warning: detected OpenGL error 'invalid operation' at end of Geometry::drawImplementation().
[01:02:00.311 W] Warning: detected OpenGL error 'invalid operation' at end of Geometry::drawImplementation().
[01:02:00.311 W] Warning: detected OpenGL error 'invalid operation' at end of Geometry::drawImplementation().
[01:02:00.311 W] Warning: detected OpenGL error 'invalid operation' at end of Geometry::drawImplementation().
[01:02:00.311 W] Warning: detected OpenGL error 'invalid operation' at end of Geometry::drawImplementation().
[01:02:00.311 W] Warning: detected OpenGL error 'invalid operation' at end of Geometry::drawImplementation().
[01:02:00.311 W] Warning: detected OpenGL error 'invalid operation' at end of Geometry::drawImplementation().
[01:02:00.311 W] Warning: detected OpenGL error 'invalid operation' at end of Geometry::drawImplementation().
[01:02:00.311 W] Warning: detected OpenGL error 'invalid operation' at end of Geometry::drawImplementation().
[01:02:00.311 W] Warning: detected OpenGL error 'invalid operation' at end of Geometry::drawImplementation().
[01:02:00.311 W] Warning: detected OpenGL error 'invalid operation' at end of Geometry::drawImplementation().
[01:02:00.311 W] Warning: detected OpenGL error 'invalid operation' at end of Geometry::drawImplementation().
[01:02:00.312 W] Warning: detected OpenGL error 'invalid operation' at end of Geometry::drawImplementation().
[01:02:00.312 W] Warning: detected OpenGL error 'invalid operation' at end of Geometry::drawImplementation().
[01:02:00.312 W] Warning: detected OpenGL error 'invalid operation' at end of Geometry::drawImplementation().
[01:02:00.312 W] Warning: detected OpenGL error 'invalid operation' at end of Geometry::drawImplementation().
[01:02:00.312 W] Warning: detected OpenGL error 'invalid operation' at end of Geometry::drawImplementation().
[01:02:00.312 W] Warning: detected OpenGL error 'invalid operation' at end of Geometry::drawImplementation().
[01:02:00.312 W] Warning: detected OpenGL error 'invalid operation' at end of Geometry::drawImplementation().
[01:02:00.312 W] Warning: detected OpenGL error 'invalid operation' at end of Geometry::drawImplementation().
[01:02:00.312 W] Warning: detected OpenGL error 'invalid operation' at end of Geometry::drawImplementation().
[01:02:00.312 W] Warning: detected OpenGL error 'invalid operation' at end of Geometry::drawImplementation().
[01:02:00.312 W] Warning: detected OpenGL error 'invalid operation' at end of Geometry::drawImplementation().
[01:02:00.312 W] Warning: detected OpenGL error 'invalid operation' at end of Geometry::drawImplementation().
[01:02:00.312 W] Warning: detected OpenGL error 'invalid operation' at end of Geometry::drawImplementation().
[01:02:00.312 W] Warning: detected OpenGL error 'invalid operation' at end of Geometry::drawImplementation().
[01:02:00.312 W] Warning: detected OpenGL error 'invalid operation' at end of Geometry::drawImplementation().
[01:02:00.312 W] Warning: detected OpenGL error 'invalid operation' at end of Geometry::drawImplementation().
[01:02:00.312 W] Warning: detected OpenGL error 'invalid operation' at end of Geometry::drawImplementation().
[01:02:00.312 W] Warning: detected OpenGL error 'invalid operation' at end of Geometry::drawImplementation().
[01:02:00.312 W] Warning: detected OpenGL error 'invalid operation' at end of Geometry::drawImplementation().
[01:02:00.312 W] Warning: detected OpenGL error 'invalid operation' at end of Geometry::drawImplementation().
[01:02:00.312 W] Warning: detected OpenGL error 'invalid operation' at end of Geometry::drawImplementation().
[01:02:00.312 W] Warning: detected OpenGL error 'invalid operation' at end of Geometry::drawImplementation().
[01:02:00.312 W] Warning: detected OpenGL error 'invalid operation' at end of Geometry::drawImplementation().
[01:02:00.312 W] Warning: detected OpenGL error 'invalid operation' at end of Geometry::drawImplementation().
[01:02:00.312 W] Warning: detected OpenGL error 'invalid operation' at end of Geometry::drawImplementation().
[01:02:00.312 W] Warning: detected OpenGL error 'invalid operation' at end of Geometry::drawImplementation().
[01:02:00.312 W] Warning: detected OpenGL error 'invalid operation' at end of Geometry::drawImplementation().
[01:02:00.312 W] Warning: detected OpenGL error 'invalid operation' at end of Geometry::drawImplementation().
[01:02:00.312 W] Warning: detected OpenGL error 'invalid operation' at end of Geometry::drawImplementation().
[01:02:00.312 W] Warning: detected OpenGL error 'invalid operation' at end of Geometry::drawImplementation().
[01:02:00.312 W] Warning: detected OpenGL error 'invalid operation' at end of Geometry::drawImplementation().
[01:02:00.312 W] Warning: detected OpenGL error 'invalid operation' at end of Geometry::drawImplementation().
[01:02:00.312 W] Warning: detected OpenGL error 'invalid operation' at end of Geometry::drawImplementation().
[01:02:00.312 W] Warning: detected OpenGL error 'invalid operation' at end of Geometry::drawImplementation().
[01:02:00.312 W] Warning: detected OpenGL error 'invalid operation' at end of Geometry::drawImplementation().
[01:02:00.312 W] Warning: detected OpenGL error 'invalid operation' at end of Geometry::drawImplementation().
[01:02:00.312 W] Warning: detected OpenGL error 'invalid operation' at end of Geometry::drawImplementation().
[01:02:00.312 W] Warning: detected OpenGL error 'invalid operation' at end of Geometry::drawImplementation().
[01:02:00.312 W] Warning: detected OpenGL error 'invalid operation' at end of Geometry::drawImplementation().
[01:02:00.312 W] Warning: detected OpenGL error 'invalid operation' at end of Geometry::drawImplementation().
[01:02:00.312 W] Warning: detected OpenGL error 'invalid operation' at end of Geometry::drawImplementation().
[01:02:00.312 W] Warning: detected OpenGL error 'invalid operation' at end of Geometry::drawImplementation().
[01:02:00.312 W] Warning: detected OpenGL error 'invalid operation' at end of Geometry::drawImplementation().
[01:02:00.312 W] Warning: detected OpenGL error 'invalid operation' at end of Geometry::drawImplementation().
[01:02:00.312 W] Warning: detected OpenGL error 'invalid operation' at end of Geometry::drawImplementation().
[01:02:00.312 W] Warning: detected OpenGL error 'invalid operation' at end of Geometry::drawImplementation().
[01:02:00.312 W] Warning: detected OpenGL error 'invalid operation' at end of Geometry::drawImplementation().
[01:02:00.312 W] Warning: detected OpenGL error 'invalid operation' at end of Geometry::drawImplementation().
[01:02:00.312 W] Warning: detected OpenGL error 'invalid operation' at end of Geometry::drawImplementation().
[01:02:00.312 W] Warning: detected OpenGL error 'invalid operation' at end of Geometry::drawImplementation().
[01:02:00.312 W] Warning: detected OpenGL error 'invalid operation' at end of Geometry::drawImplementation().
[01:02:00.312 W] Warning: detected OpenGL error 'invalid operation' at end of Geometry::drawImplementation().
[01:02:00.312 W] Warning: detected OpenGL error 'invalid operation' at end of Geometry::drawImplementation().
[01:02:00.312 W] Warning: detected OpenGL error 'invalid operation' at end of Geometry::drawImplementation().
[01:02:00.312 W] Warning: detected OpenGL error 'invalid operation' at end of Geometry::drawImplementation().
[01:02:00.312 W] Warning: detected OpenGL error 'invalid operation' at end of Geometry::drawImplementation().
[01:02:00.312 W] Warning: detected OpenGL error 'invalid operation' at end of Geometry::drawImplementation().
[01:02:00.312 W] Warning: detected OpenGL error 'invalid operation' at end of Geometry::drawImplementation().
[01:02:00.312 W] Warning: detected OpenGL error 'invalid operation' at end of Geometry::drawImplementation().
[01:02:00.312 W] Warning: detected OpenGL error 'invalid operation' at end of Geometry::drawImplementation().
[01:02:00.312 W] Warning: detected OpenGL error 'invalid operation' at end of Geometry::drawImplementation().
[01:02:00.312 W] Warning: detected OpenGL error 'invalid operation' at end of Geometry::drawImplementation().
[01:02:00.312 W] Warning: detected OpenGL error 'invalid operation' at end of Geometry::drawImplementation().
[01:02:00.312 W] Warning: detected OpenGL error 'invalid operation' at end of Geometry::drawImplementation().
[01:02:00.312 W] Warning: detected OpenGL error 'invalid operation' at end of Geometry::drawImplementation().
[01:02:00.312 W] Warning: detected OpenGL error 'invalid operation' at end of Geometry::drawImplementation().
[01:02:00.312 W] Warning: detected OpenGL error 'invalid operation' at end of Geometry::drawImplementation().
[01:02:00.312 W] Warning: detected OpenGL error 'invalid operation' at end of Geometry::drawImplementation().
[01:02:00.312 W] Warning: detected OpenGL error 'invalid operation' at end of Geometry::drawImplementation().
[01:02:00.312 W] Warning: detected OpenGL error 'invalid operation' at end of Geometry::drawImplementation().
[01:02:00.312 W] Warning: detected OpenGL error 'invalid operation' at end of Geometry::drawImplementation().
[01:02:00.312 W] Warning: detected OpenGL error 'invalid operation' at end of Geometry::drawImplementation().
[01:02:00.312 W] Warning: detected OpenGL error 'invalid operation' at end of Geometry::drawImplementation().
[01:02:00.312 W] Warning: detected OpenGL error 'invalid operation' at end of Geometry::drawImplementation().
[01:02:00.312 W] Warning: detected OpenGL error 'invalid operation' at end of Geometry::drawImplementation().
[01:02:00.312 W] Warning: detected OpenGL error 'invalid operation' at end of Geometry::drawImplementation().
[01:02:00.312 W] Warning: detected OpenGL error 'invalid operation' at end of Geometry::drawImplementation().
[01:02:00.312 W] Warning: detected OpenGL error 'invalid operation' at end of Geometry::drawImplementation().
[01:02:00.312 W] Warning: detected OpenGL error 'invalid operation' at end of Geometry::drawImplementation().
[01:02:00.312 W] Warning: detected OpenGL error 'invalid operation' at end of Geometry::drawImplementation().
[01:02:00.312 W] Warning: detected OpenGL error 'invalid operation' at end of Geometry::drawImplementation().
[01:02:00.312 W] Warning: detected OpenGL error 'invalid operation' at end of Geometry::drawImplementation().
[01:02:00.312 W] Warning: detected OpenGL error 'invalid operation' at end of Geometry::drawImplementation().
[01:02:00.312 W] Warning: detected OpenGL error 'invalid operation' at end of Geometry::drawImplementation().
[01:02:00.312 W] Warning: detected OpenGL error 'invalid operation' at end of Geometry::drawImplementation().
[01:02:00.312 W] Warning: detected OpenGL error 'invalid operation' at end of Geometry::drawImplementation().
[01:02:00.312 W] Warning: detected OpenGL error 'invalid operation' at end of Geometry::drawImplementation().
[01:02:00.312 W] Warning: detected OpenGL error 'invalid operation' at end of Geometry::drawImplementation().
[01:02:00.312 W] Warning: detected OpenGL error 'invalid operation' at end of Geometry::drawImplementation().
[01:02:00.312 W] Warning: detected OpenGL error 'invalid operation' at end of Geometry::drawImplementation().
[01:02:00.312 W] Warning: detected OpenGL error 'invalid operation' at end of Geometry::drawImplementation().
[01:02:00.312 W] Warning: detected OpenGL error 'invalid operation' at end of Geometry::drawImplementation().
[01:02:00.312 W] Warning: detected OpenGL error 'invalid operation' at end of Geometry::drawImplementation().
[01:02:00.312 W] Warning: detected OpenGL error 'invalid operation' at end of Geometry::drawImplementation().
[01:02:00.312 W] Warning: detected OpenGL error 'invalid operation' at end of Geometry::drawImplementation().
[01:02:00.312 W] Warning: detected OpenGL error 'invalid operation' at end of Geometry::drawImplementation().
[01:02:00.312 W] Warning: detected OpenGL error 'invalid operation' at end of Geometry::drawImplementation().
[01:02:00.312 W] Warning: detected OpenGL error 'invalid operation' at end of Geometry::drawImplementation().
[01:02:00.312 W] Warning: detected OpenGL error 'invalid operation' at end of Geometry::drawImplementation().
[01:02:00.312 W] Warning: detected OpenGL error 'invalid operation' at end of Geometry::drawImplementation().
[01:02:00.312 W] Warning: detected OpenGL error 'invalid operation' at end of Geometry::drawImplementation().
[01:02:00.312 W] Warning: detected OpenGL error 'invalid operation' at end of Geometry::drawImplementation().
[01:02:00.312 W] Warning: detected OpenGL error 'invalid operation' at end of Geometry::drawImplementation().
[01:02:00.312 W] Warning: detected OpenGL error 'invalid operation' at end of Geometry::drawImplementation().
[01:02:00.313 W] Warning: detected OpenGL error 'invalid operation' at end of Geometry::drawImplementation().
[01:02:00.313 W] Warning: detected OpenGL error 'invalid operation' at end of Geometry::drawImplementation().
[01:02:00.313 W] Warning: detected OpenGL error 'invalid operation' at end of Geometry::drawImplementation().
[01:02:00.313 W] Warning: detected OpenGL error 'invalid operation' at end of Geometry::drawImplementation().
[01:02:00.313 W] Warning: detected OpenGL error 'invalid operation' at end of Geometry::drawImplementation().
[01:02:00.313 W] Warning: detected OpenGL error 'invalid operation' at end of Geometry::drawImplementation().
[01:02:00.313 W] Warning: detected OpenGL error 'invalid operation' at end of Geometry::drawImplementation().
[01:02:00.313 W] Warning: detected OpenGL error 'invalid operation' at end of Geometry::drawImplementation().
[01:02:00.313 W] Warning: detected OpenGL error 'invalid operation' at end of Geometry::drawImplementation().
[01:02:00.313 W] Warning: detected OpenGL error 'invalid operation' at end of Geometry::drawImplementation().
[01:02:00.313 W] Warning: detected OpenGL error 'invalid operation' at end of Geometry::drawImplementation().
[01:02:00.313 W] Warning: detected OpenGL error 'invalid operation' at end of Geometry::drawImplementation().
[01:02:00.313 W] Warning: detected OpenGL error 'invalid operation' at end of Geometry::drawImplementation().
[01:02:00.313 W] Warning: detected OpenGL error 'invalid operation' at end of Geometry::drawImplementation().
[01:02:00.313 W] Warning: detected OpenGL error 'invalid operation' at end of Geometry::drawImplementation().
[01:02:00.313 W] Warning: detected OpenGL error 'invalid operation' at end of Geometry::drawImplementation().
[01:02:00.313 W] Warning: detected OpenGL error 'invalid operation' at end of Geometry::drawImplementation().
[01:02:00.313 W] Warning: detected OpenGL error 'invalid operation' at end of Geometry::drawImplementation().
[01:02:00.313 W] Warning: detected OpenGL error 'invalid operation' at end of Geometry::drawImplementation().
[01:02:00.313 W] Warning: detected OpenGL error 'invalid operation' at end of Geometry::drawImplementation().
[01:02:00.313 W] Warning: detected OpenGL error 'invalid operation' at end of Geometry::drawImplementation().
[01:02:00.313 W] Warning: detected OpenGL error 'invalid operation' at end of Geometry::drawImplementation().
[01:02:00.313 W] Warning: detected OpenGL error 'invalid operation' at end of Geometry::drawImplementation().
[01:02:00.313 W] Warning: detected OpenGL error 'invalid operation' at end of Geometry::drawImplementation().
[01:02:00.313 W] Warning: detected OpenGL error 'invalid operation' at end of Geometry::drawImplementation().
[01:02:00.313 W] Warning: detected OpenGL error 'invalid operation' at end of Geometry::drawImplementation().
[01:02:00.313 W] Warning: detected OpenGL error 'invalid operation' at end of Geometry::drawImplementation().
[01:02:00.313 W] Warning: detected OpenGL error 'invalid operation' at end of Geometry::drawImplementation().
[01:02:00.313 W] Warning: detected OpenGL error 'invalid operation' at end of Geometry::drawImplementation().
[01:02:00.313 W] Warning: detected OpenGL error 'invalid operation' at end of Geometry::drawImplementation().
[01:02:00.313 W] Warning: detected OpenGL error 'invalid operation' at end of Geometry::drawImplementation().
[01:02:00.313 W] Warning: detected OpenGL error 'invalid operation' at end of Geometry::drawImplementation().
[01:02:00.313 W] Warning: detected OpenGL error 'invalid operation' at end of Geometry::drawImplementation().
[01:02:00.313 W] Warning: detected OpenGL error 'invalid operation' at end of Geometry::drawImplementation().
[01:02:00.313 W] Warning: detected OpenGL error 'invalid operation' at end of Geometry::drawImplementation().
[01:02:00.313 W] Warning: detected OpenGL error 'invalid operation' at end of Geometry::drawImplementation().
[01:02:00.313 W] Warning: detected OpenGL error 'invalid operation' at end of Geometry::drawImplementation().
[01:02:00.313 W] Warning: detected OpenGL error 'invalid operation' at end of Geometry::drawImplementation().
[01:02:00.313 W] Warning: detected OpenGL error 'invalid operation' at end of Geometry::drawImplementation().
[01:02:00.313 W] Warning: detected OpenGL error 'invalid operation' at end of Geometry::drawImplementation().
[01:02:00.313 W] Warning: detected OpenGL error 'invalid operation' at end of Geometry::drawImplementation().
[01:02:00.313 W] Warning: detected OpenGL error 'invalid operation' at end of Geometry::drawImplementation().
[01:02:00.313 W] Warning: detected OpenGL error 'invalid operation' at end of Geometry::drawImplementation().
[01:02:00.313 W] Warning: detected OpenGL error 'invalid operation' at end of Geometry::drawImplementation().
[01:02:00.313 W] Warning: detected OpenGL error 'invalid operation' at end of Geometry::drawImplementation().
[01:02:00.313 W] Warning: detected OpenGL error 'invalid operation' at end of Geometry::drawImplementation().
[01:02:00.313 W] Warning: detected OpenGL error 'invalid operation' at end of Geometry::drawImplementation().
[01:02:00.313 W] Warning: detected OpenGL error 'invalid operation' at end of Geometry::drawImplementation().
[01:02:00.313 W] Warning: detected OpenGL error 'invalid operation' at end of Geometry::drawImplementation().
[01:02:00.313 W] Warning: detected OpenGL error 'invalid operation' at end of Geometry::drawImplementation().
[01:02:00.313 W] Warning: detected OpenGL error 'invalid operation' at end of Geometry::drawImplementation().
[01:02:00.313 W] Warning: detected OpenGL error 'invalid operation' at end of Geometry::drawImplementation().
[01:02:00.313 W] Warning: detected OpenGL error 'invalid operation' at end of Geometry::drawImplementation().
[01:02:00.313 W] Warning: detected OpenGL error 'invalid operation' at end of Geometry::drawImplementation().
[01:02:00.313 W] Warning: detected OpenGL error 'invalid operation' at end of Geometry::drawImplementation().
[01:02:00.313 W] Warning: detected OpenGL error 'invalid operation' at end of Geometry::drawImplementation().
[01:02:00.313 W] Warning: detected OpenGL error 'invalid operation' at end of Geometry::drawImplementation().
[01:02:00.313 W] Warning: detected OpenGL error 'invalid operation' at end of Geometry::drawImplementation().
[01:02:00.313 W] Warning: detected OpenGL error 'invalid operation' at end of Geometry::drawImplementation().
[01:02:00.313 W] Warning: detected OpenGL error 'invalid operation' at end of Geometry::drawImplementation().
[01:02:00.313 W] Warning: detected OpenGL error 'invalid operation' at end of Geometry::drawImplementation().
[01:02:00.313 W] Warning: detected OpenGL error 'invalid operation' at end of Geometry::drawImplementation().
[01:02:00.313 W] Warning: detected OpenGL error 'invalid operation' at end of Geometry::drawImplementation().
[01:02:00.313 W] Warning: detected OpenGL error 'invalid operation' at end of Geometry::drawImplementation().
[01:02:00.313 W] Warning: detected OpenGL error 'invalid operation' at end of Geometry::drawImplementation().
[01:02:00.313 W] Warning: detected OpenGL error 'invalid operation' at end of Geometry::drawImplementation().
[01:02:00.313 W] Warning: detected OpenGL error 'invalid operation' at end of Geometry::drawImplementation().
[01:02:00.313 W] Warning: detected OpenGL error 'invalid operation' at end of Geometry::drawImplementation().
[01:02:00.313 W] Warning: detected OpenGL error 'invalid operation' at end of Geometry::drawImplementation().
[01:02:00.313 W] Warning: detected OpenGL error 'invalid operation' at end of Geometry::drawImplementation().
[01:02:00.313 W] Warning: detected OpenGL error 'invalid operation' at end of Geometry::drawImplementation().
[01:02:00.313 W] Warning: detected OpenGL error 'invalid operation' at end of Geometry::drawImplementation().
[01:02:00.313 W] Warning: detected OpenGL error 'invalid operation' at end of Geometry::drawImplementation().
[01:02:00.313 W] Warning: detected OpenGL error 'invalid operation' at end of Geometry::drawImplementation().
[01:02:00.313 W] Warning: detected OpenGL error 'invalid operation' at end of Geometry::drawImplementation().
[01:02:00.313 W] Warning: detected OpenGL error 'invalid operation' at end of Geometry::drawImplementation().
[01:02:00.313 W] Warning: detected OpenGL error 'invalid operation' at end of Geometry::drawImplementation().
[01:02:00.313 W] Warning: detected OpenGL error 'invalid operation' at end of Geometry::drawImplementation().
[01:02:00.313 W] Warning: detected OpenGL error 'invalid operation' at end of Geometry::drawImplementation().
[01:02:00.313 W] Warning: detected OpenGL error 'invalid operation' at end of Geometry::drawImplementation().
[01:02:00.313 W] Warning: detected OpenGL error 'invalid operation' at end of Geometry::drawImplementation().
[01:02:00.313 W] Warning: detected OpenGL error 'invalid operation' at end of Geometry::drawImplementation().
[01:02:00.313 W] Warning: detected OpenGL error 'invalid operation' at end of Geometry::drawImplementation().
[01:02:00.313 W] Warning: detected OpenGL error 'invalid operation' at end of Geometry::drawImplementation().
[01:02:00.313 W] Warning: detected OpenGL error 'invalid operation' at end of Geometry::drawImplementation().
[01:02:00.313 W] Warning: detected OpenGL error 'invalid operation' at end of Geometry::drawImplementation().
[01:02:00.313 W] Warning: detected OpenGL error 'invalid operation' at end of Geometry::drawImplementation().
[01:02:00.313 W] Warning: detected OpenGL error 'invalid operation' at end of Geometry::drawImplementation().
[01:02:00.313 W] Warning: detected OpenGL error 'invalid operation' at end of Geometry::drawImplementation().
[01:02:00.313 W] Warning: detected OpenGL error 'invalid operation' at end of Geometry::drawImplementation().
[01:02:00.313 W] Warning: detected OpenGL error 'invalid operation' at end of Geometry::drawImplementation().
[01:02:00.313 W] Warning: detected OpenGL error 'invalid operation' at end of Geometry::drawImplementation().
[01:02:00.313 W] Warning: detected OpenGL error 'invalid operation' at end of Geometry::drawImplementation().
[01:02:00.313 W] Warning: detected OpenGL error 'invalid operation' at end of Geometry::drawImplementation().
[01:02:00.313 W] Warning: detected OpenGL error 'invalid operation' at end of Geometry::drawImplementation().
[01:02:00.313 W] Warning: detected OpenGL error 'invalid operation' at end of Geometry::drawImplementation().
[01:02:00.313 W] Warning: detected OpenGL error 'invalid operation' at end of Geometry::drawImplementation().
[01:02:00.313 W] Warning: detected OpenGL error 'invalid operation' at end of Geometry::drawImplementation().
[01:02:00.313 W] Warning: detected OpenGL error 'invalid operation' at end of Geometry::drawImplementation().
[01:02:00.313 W] Warning: detected OpenGL error 'invalid operation' at end of Geometry::drawImplementation().
[01:02:00.313 W] Warning: detected OpenGL error 'invalid operation' at end of Geometry::drawImplementation().
[01:02:00.313 W] Warning: detected OpenGL error 'invalid operation' at end of Geometry::drawImplementation().
[01:02:00.313 W] Warning: detected OpenGL error 'invalid operation' at end of Geometry::drawImplementation().
[01:02:00.313 W] Warning: detected OpenGL error 'invalid operation' at end of Geometry::drawImplementation().
[01:02:00.313 W] Warning: detected OpenGL error 'invalid operation' at end of Geometry::drawImplementation().
[01:02:00.313 W] Warning: detected OpenGL error 'invalid operation' at end of Geometry::drawImplementation().
[01:02:00.313 W] Warning: detected OpenGL error 'invalid operation' at end of Geometry::drawImplementation().
[01:02:00.313 W] Warning: detected OpenGL error 'invalid operation' at end of Geometry::drawImplementation().
[01:02:00.313 W] Warning: detected OpenGL error 'invalid operation' at end of Geometry::drawImplementation().
[01:02:00.313 W] Warning: detected OpenGL error 'invalid operation' at end of Geometry::drawImplementation().
[01:02:00.313 W] Warning: detected OpenGL error 'invalid operation' at end of Geometry::drawImplementation().
[01:02:00.313 W] Warning: detected OpenGL error 'invalid operation' at end of Geometry::drawImplementation().
[01:02:00.313 W] Warning: detected OpenGL error 'invalid operation' at end of Geometry::drawImplementation().
[01:02:00.313 W] Warning: detected OpenGL error 'invalid operation' at end of Geometry::drawImplementation().
[01:02:00.313 W] Warning: detected OpenGL error 'invalid operation' at end of Geometry::drawImplementation().
[01:02:00.313 W] Warning: detected OpenGL error 'invalid operation' at end of Geometry::drawImplementation().
[01:02:00.313 W] Warning: detected OpenGL error 'invalid operation' at end of Geometry::drawImplementation().
[01:02:00.313 W] Warning: detected OpenGL error 'invalid operation' at end of Geometry::drawImplementation().
[01:02:00.313 W] Warning: detected OpenGL error 'invalid operation' at end of Geometry::drawImplementation().
[01:02:00.313 W] Warning: detected OpenGL error 'invalid operation' at end of Geometry::drawImplementation().
[01:02:00.313 W] Warning: detected OpenGL error 'invalid operation' at end of Geometry::drawImplementation().
[01:02:00.313 W] Warning: detected OpenGL error 'invalid operation' at end of Geometry::drawImplementation().
[01:02:00.313 W] Warning: detected OpenGL error 'invalid operation' at end of Geometry::drawImplementation().
[01:02:00.313 W] Warning: detected OpenGL error 'invalid operation' at end of Geometry::drawImplementation().
[01:02:00.313 W] Warning: detected OpenGL error 'invalid operation' at end of Geometry::drawImplementation().
[01:02:00.313 W] Warning: detected OpenGL error 'invalid operation' at end of Geometry::drawImplementation().
[01:02:00.313 W] Warning: detected OpenGL error 'invalid operation' at end of Geometry::drawImplementation().
[01:02:00.313 W] Warning: detected OpenGL error 'invalid operation' at end of Geometry::drawImplementation().
[01:02:00.313 W] Warning: detected OpenGL error 'invalid operation' at end of Geometry::drawImplementation().
[01:02:00.313 W] Warning: detected OpenGL error 'invalid operation' at end of Geometry::drawImplementation().
[01:02:00.313 W] Warning: detected OpenGL error 'invalid operation' at end of Geometry::drawImplementation().
[01:02:00.313 W] Warning: detected OpenGL error 'invalid operation' at end of Geometry::drawImplementation().
[01:02:00.313 W] Warning: detected OpenGL error 'invalid operation' at end of Geometry::drawImplementation().
[01:02:00.313 W] Warning: detected OpenGL error 'invalid operation' at end of Geometry::drawImplementation().
[01:02:00.313 W] Warning: detected OpenGL error 'invalid operation' at end of Geometry::drawImplementation().
[01:02:00.313 W] Warning: detected OpenGL error 'invalid operation' at end of Geometry::drawImplementation().
[01:02:00.313 W] Warning: detected OpenGL error 'invalid operation' at end of Geometry::drawImplementation().
[01:02:00.313 W] Warning: detected OpenGL error 'invalid operation' at end of Geometry::drawImplementation().
[01:02:00.313 W] Warning: detected OpenGL error 'invalid operation' at end of Geometry::drawImplementation().
[01:02:00.313 W] Warning: detected OpenGL error 'invalid operation' at end of Geometry::drawImplementation().
[01:02:00.313 W] Warning: detected OpenGL error 'invalid operation' at end of Geometry::drawImplementation().
[01:02:00.313 W] Warning: detected OpenGL error 'invalid operation' at end of Geometry::drawImplementation().
[01:02:00.313 W] Warning: detected OpenGL error 'invalid operation' at end of Geometry::drawImplementation().
[01:02:00.313 W] Warning: detected OpenGL error 'invalid operation' at end of Geometry::drawImplementation().
[01:02:00.313 W] Warning: detected OpenGL error 'invalid operation' at end of Geometry::drawImplementation().
[01:02:00.313 W] Warning: detected OpenGL error 'invalid operation' at end of Geometry::drawImplementation().
[01:02:00.313 W] Warning: detected OpenGL error 'invalid operation' at end of Geometry::drawImplementation().
[01:02:00.313 W] Warning: detected OpenGL error 'invalid operation' at end of Geometry::drawImplementation().
[01:02:00.314 W] Warning: detected OpenGL error 'invalid operation' at end of Geometry::drawImplementation().
[01:02:00.314 W] Warning: detected OpenGL error 'invalid operation' at end of Geometry::drawImplementation().
[01:02:00.314 W] Warning: detected OpenGL error 'invalid operation' at end of Geometry::drawImplementation().
[01:02:00.314 W] Warning: detected OpenGL error 'invalid operation' at end of Geometry::drawImplementation().
[01:02:00.314 W] Warning: detected OpenGL error 'invalid operation' at end of Geometry::drawImplementation().
[01:02:00.314 W] Warning: detected OpenGL error 'invalid operation' at end of Geometry::drawImplementation().
[01:02:00.314 W] Warning: detected OpenGL error 'invalid operation' at end of Geometry::drawImplementation().
[01:02:00.314 W] Warning: detected OpenGL error 'invalid operation' at end of Geometry::drawImplementation().
[01:02:00.314 W] Warning: detected OpenGL error 'invalid operation' at end of Geometry::drawImplementation().
[01:02:00.314 W] Warning: detected OpenGL error 'invalid operation' at end of Geometry::drawImplementation().
[01:02:00.314 W] Warning: detected OpenGL error 'invalid operation' at end of Geometry::drawImplementation().
[01:02:00.314 W] Warning: detected OpenGL error 'invalid operation' at end of Geometry::drawImplementation().
[01:02:00.314 W] Warning: detected OpenGL error 'invalid operation' at end of Geometry::drawImplementation().
[01:02:00.314 W] Warning: detected OpenGL error 'invalid operation' at end of Geometry::drawImplementation().
[01:02:00.314 W] Warning: detected OpenGL error 'invalid operation' at end of Geometry::drawImplementation().
[01:02:00.314 W] Warning: detected OpenGL error 'invalid operation' at end of Geometry::drawImplementation().
[01:02:00.314 W] Warning: detected OpenGL error 'invalid operation' at end of Geometry::drawImplementation().
[01:02:00.314 W] Warning: detected OpenGL error 'invalid operation' at end of Geometry::drawImplementation().
[01:02:00.314 W] Warning: detected OpenGL error 'invalid operation' at end of Geometry::drawImplementation().
[01:02:00.314 W] Warning: detected OpenGL error 'invalid operation' at end of Geometry::drawImplementation().
[01:02:00.314 W] Warning: detected OpenGL error 'invalid operation' at end of Geometry::drawImplementation().
[01:02:00.314 W] Warning: detected OpenGL error 'invalid operation' at end of Geometry::drawImplementation().
[01:02:00.314 W] Warning: detected OpenGL error 'invalid operation' at end of Geometry::drawImplementation().
[01:02:00.314 W] Warning: detected OpenGL error 'invalid operation' at end of Geometry::drawImplementation().
[01:02:00.314 W] Warning: detected OpenGL error 'invalid operation' at end of Geometry::drawImplementation().
[01:02:00.314 W] Warning: detected OpenGL error 'invalid operation' at end of Geometry::drawImplementation().
[01:02:00.314 W] Warning: detected OpenGL error 'invalid operation' at end of Geometry::drawImplementation().
[01:02:00.314 W] Warning: detected OpenGL error 'invalid operation' at end of Geometry::drawImplementation().
[01:02:00.314 W] Warning: detected OpenGL error 'invalid operation' at end of Geometry::drawImplementation().
[01:02:00.314 W] Warning: detected OpenGL error 'invalid operation' at end of Geometry::drawImplementation().
[01:02:00.314 W] Warning: detected OpenGL error 'invalid operation' at end of Geometry::drawImplementation().
[01:02:00.314 W] Warning: detected OpenGL error 'invalid operation' at end of Geometry::drawImplementation().
[01:02:00.314 W] Warning: detected OpenGL error 'invalid operation' at end of Geometry::drawImplementation().
[01:02:00.314 W] Warning: detected OpenGL error 'invalid operation' at end of Geometry::drawImplementation().
[01:02:00.314 W] Warning: detected OpenGL error 'invalid operation' at end of Geometry::drawImplementation().
[01:02:00.314 W] Warning: detected OpenGL error 'invalid operation' at end of Geometry::drawImplementation().
[01:02:00.314 W] Warning: detected OpenGL error 'invalid operation' at end of Geometry::drawImplementation().
[01:02:00.314 W] Warning: detected OpenGL error 'invalid operation' at end of Geometry::drawImplementation().
[01:02:00.314 W] Warning: detected OpenGL error 'invalid operation' at end of Geometry::drawImplementation().
[01:02:00.314 W] Warning: detected OpenGL error 'invalid operation' at end of Geometry::drawImplementation().
[01:02:00.314 W] Warning: detected OpenGL error 'invalid operation' at end of Geometry::drawImplementation().
[01:02:00.314 W] Warning: detected OpenGL error 'invalid operation' at end of Geometry::drawImplementation().
[01:02:00.314 W] Warning: detected OpenGL error 'invalid operation' at end of Geometry::drawImplementation().
[01:02:00.314 W] Warning: detected OpenGL error 'invalid operation' at end of Geometry::drawImplementation().
[01:02:00.314 W] Warning: detected OpenGL error 'invalid operation' at end of Geometry::drawImplementation().
[01:02:00.314 W] Warning: detected OpenGL error 'invalid operation' at end of Geometry::drawImplementation().
[01:02:00.314 W] Warning: detected OpenGL error 'invalid operation' at end of Geometry::drawImplementation().
[01:02:00.314 W] Warning: detected OpenGL error 'invalid operation' at end of Geometry::drawImplementation().
[01:02:00.314 W] Warning: detected OpenGL error 'invalid operation' at end of Geometry::drawImplementation().
[01:02:00.314 W] Warning: detected OpenGL error 'invalid operation' at end of Geometry::drawImplementation().
[01:02:00.314 W] Warning: detected OpenGL error 'invalid operation' at end of Geometry::drawImplementation().
[01:02:00.314 W] Warning: detected OpenGL error 'invalid operation' at end of Geometry::drawImplementation().
[01:02:00.314 W] Warning: detected OpenGL error 'invalid operation' at end of Geometry::drawImplementation().
[01:02:00.314 W] Warning: detected OpenGL error 'invalid operation' at end of Geometry::drawImplementation().
[01:02:00.314 W] Warning: detected OpenGL error 'invalid operation' at end of Geometry::drawImplementation().
[01:02:00.314 W] Warning: detected OpenGL error 'invalid operation' at end of Geometry::drawImplementation().
[01:02:00.314 W] Warning: detected OpenGL error 'invalid operation' at end of Geometry::drawImplementation().
[01:02:00.314 W] Warning: detected OpenGL error 'invalid operation' at end of Geometry::drawImplementation().
[01:02:00.314 W] Warning: detected OpenGL error 'invalid operation' at end of Geometry::drawImplementation().
[01:02:00.314 W] Warning: detected OpenGL error 'invalid operation' at end of Geometry::drawImplementation().
[01:02:00.314 W] Warning: detected OpenGL error 'invalid operation' at end of Geometry::drawImplementation().
[01:02:00.314 W] Warning: detected OpenGL error 'invalid operation' at end of Geometry::drawImplementation().
[01:02:00.314 W] Warning: detected OpenGL error 'invalid operation' at end of Geometry::drawImplementation().
[01:02:00.314 W] Warning: detected OpenGL error 'invalid operation' at end of Geometry::drawImplementation().
[01:02:00.314 W] Warning: detected OpenGL error 'invalid operation' at end of Geometry::drawImplementation().
[01:02:00.314 W] Warning: detected OpenGL error 'invalid operation' at end of Geometry::drawImplementation().
[01:02:00.314 W] Warning: detected OpenGL error 'invalid operation' at end of Geometry::drawImplementation().
[01:02:00.314 W] Warning: detected OpenGL error 'invalid operation' at end of Geometry::drawImplementation().
[01:02:00.314 W] Warning: detected OpenGL error 'invalid operation' at end of Geometry::drawImplementation().
[01:02:00.314 W] Warning: detected OpenGL error 'invalid operation' at end of Geometry::drawImplementation().
[01:02:00.314 W] Warning: detected OpenGL error 'invalid operation' at end of Geometry::drawImplementation().
[01:02:00.314 W] Warning: detected OpenGL error 'invalid operation' at end of Geometry::drawImplementation().
[01:02:00.314 W] Warning: detected OpenGL error 'invalid operation' at end of Geometry::drawImplementation().
[01:02:00.314 W] Warning: detected OpenGL error 'invalid operation' at end of Geometry::drawImplementation().
[01:02:00.314 W] Warning: detected OpenGL error 'invalid operation' at end of Geometry::drawImplementation().
[01:02:00.314 W] Warning: detected OpenGL error 'invalid operation' at end of Geometry::drawImplementation().
[01:02:00.314 W] Warning: detected OpenGL error 'invalid operation' at end of Geometry::drawImplementation().
[01:02:00.314 W] Warning: detected OpenGL error 'invalid operation' at end of Geometry::drawImplementation().
[01:02:00.314 W] Warning: detected OpenGL error 'invalid operation' at end of Geometry::drawImplementation().
[01:02:00.314 W] Warning: detected OpenGL error 'invalid operation' at end of Geometry::drawImplementation().
[01:02:00.314 W] Warning: detected OpenGL error 'invalid operation' at end of Geometry::drawImplementation().
[01:02:00.314 W] Warning: detected OpenGL error 'invalid operation' at end of Geometry::drawImplementation().
[01:02:00.314 W] Warning: detected OpenGL error 'invalid operation' at end of Geometry::drawImplementation().
[01:02:00.314 W] Warning: detected OpenGL error 'invalid operation' at end of Geometry::drawImplementation().
[01:02:00.314 W] Warning: detected OpenGL error 'invalid operation' at end of Geometry::drawImplementation().
[01:02:00.314 W] Warning: detected OpenGL error 'invalid operation' at end of Geometry::drawImplementation().
[01:02:00.314 W] Warning: detected OpenGL error 'invalid operation' at end of Geometry::drawImplementation().
[01:02:00.314 W] Warning: detected OpenGL error 'invalid operation' at end of Geometry::drawImplementation().
[01:02:00.314 W] Warning: detected OpenGL error 'invalid operation' at end of Geometry::drawImplementation().
[01:02:00.314 W] Warning: detected OpenGL error 'invalid operation' at end of Geometry::drawImplementation().
[01:02:00.314 W] Warning: detected OpenGL error 'invalid operation' at end of Geometry::drawImplementation().
[01:02:00.314 W] Warning: detected OpenGL error 'invalid operation' at end of Geometry::drawImplementation().
[01:02:00.314 W] Warning: detected OpenGL error 'invalid operation' at end of Geometry::drawImplementation().
[01:02:00.314 W] Warning: detected OpenGL error 'invalid operation' at end of Geometry::drawImplementation().
[01:02:00.314 W] Warning: detected OpenGL error 'invalid operation' at end of Geometry::drawImplementation().
[01:02:00.314 W] Warning: detected OpenGL error 'invalid operation' at end of Geometry::drawImplementation().
[01:02:00.314 W] Warning: detected OpenGL error 'invalid operation' at end of Geometry::drawImplementation().
[01:02:00.314 W] Warning: detected OpenGL error 'invalid operation' at end of Geometry::drawImplementation().
[01:02:00.314 W] Warning: detected OpenGL error 'invalid operation' at end of Geometry::drawImplementation().
[01:02:00.314 W] Warning: detected OpenGL error 'invalid operation' at end of Geometry::drawImplementation().
[01:02:00.314 W] Warning: detected OpenGL error 'invalid operation' at end of Geometry::drawImplementation().
[01:02:00.314 W] Warning: detected OpenGL error 'invalid operation' at end of Geometry::drawImplementation().
[01:02:00.314 W] Warning: detected OpenGL error 'invalid operation' at end of Geometry::drawImplementation().
[01:02:00.314 W] Warning: detected OpenGL error 'invalid operation' at end of Geometry::drawImplementation().
[01:02:00.314 W] Warning: detected OpenGL error 'invalid operation' at end of Geometry::drawImplementation().
[01:02:00.314 W] Warning: detected OpenGL error 'invalid operation' at end of Geometry::drawImplementation().
[01:02:00.314 W] Warning: detected OpenGL error 'invalid operation' at end of Geometry::drawImplementation().
[01:02:00.314 W] Warning: detected OpenGL error 'invalid operation' at end of Geometry::drawImplementation().
[01:02:00.314 W] Warning: detected OpenGL error 'invalid operation' at end of Geometry::drawImplementation().
[01:02:00.314 W] Warning: detected OpenGL error 'invalid operation' at end of Geometry::drawImplementation().
[01:02:00.314 W] Warning: detected OpenGL error 'invalid operation' at end of Geometry::drawImplementation().
[01:02:00.314 W] Warning: detected OpenGL error 'invalid operation' at end of Geometry::drawImplementation().
[01:02:00.314 W] Warning: detected OpenGL error 'invalid operation' at end of Geometry::drawImplementation().
[01:02:00.314 W] Warning: detected OpenGL error 'invalid operation' at end of Geometry::drawImplementation().
[01:02:00.314 W] Warning: detected OpenGL error 'invalid operation' at end of Geometry::drawImplementation().
[01:02:00.314 W] Warning: detected OpenGL error 'invalid operation' at end of Geometry::drawImplementation().
[01:02:00.314 W] Warning: detected OpenGL error 'invalid operation' at end of Geometry::drawImplementation().
[01:02:00.314 W] Warning: detected OpenGL error 'invalid operation' at end of Geometry::drawImplementation().
[01:02:00.314 W] Warning: detected OpenGL error 'invalid operation' at end of Geometry::drawImplementation().
[01:02:00.314 W] Warning: detected OpenGL error 'invalid operation' at end of Geometry::drawImplementation().
[01:02:00.314 W] Warning: detected OpenGL error 'invalid operation' at end of Geometry::drawImplementation().
[01:02:00.314 W] Warning: detected OpenGL error 'invalid operation' at end of Geometry::drawImplementation().
[01:02:00.314 W] Warning: detected OpenGL error 'invalid operation' at end of Geometry::drawImplementation().
[01:02:00.314 W] Warning: detected OpenGL error 'invalid operation' at end of Geometry::drawImplementation().
[01:02:00.314 W] Warning: detected OpenGL error 'invalid operation' at end of Geometry::drawImplementation().
[01:02:00.314 W] Warning: detected OpenGL error 'invalid operation' at end of Geometry::drawImplementation().
[01:02:00.314 W] Warning: detected OpenGL error 'invalid operation' at end of Geometry::drawImplementation().
[01:02:00.314 W] Warning: detected OpenGL error 'invalid operation' at end of Geometry::drawImplementation().
[01:02:00.314 W] Warning: detected OpenGL error 'invalid operation' at end of Geometry::drawImplementation().
[01:02:00.314 W] Warning: detected OpenGL error 'invalid operation' at end of Geometry::drawImplementation().
[01:02:00.314 W] Warning: detected OpenGL error 'invalid operation' at end of Geometry::drawImplementation().
[01:02:00.314 W] Warning: detected OpenGL error 'invalid operation' at end of Geometry::drawImplementation().
[01:02:00.314 W] Warning: detected OpenGL error 'invalid operation' at end of Geometry::drawImplementation().
[01:02:00.314 W] Warning: detected OpenGL error 'invalid operation' at end of Geometry::drawImplementation().
[01:02:00.314 W] Warning: detected OpenGL error 'invalid operation' at end of Geometry::drawImplementation().
[01:02:00.314 W] Warning: detected OpenGL error 'invalid operation' at end of Geometry::drawImplementation().
[01:02:00.314 W] Warning: detected OpenGL error 'invalid operation' at end of Geometry::drawImplementation().
[01:02:00.314 W] Warning: detected OpenGL error 'invalid operation' at end of Geometry::drawImplementation().
[01:02:00.314 W] Warning: detected OpenGL error 'invalid operation' at end of Geometry::drawImplementation().
[01:02:00.314 W] Warning: detected OpenGL error 'invalid operation' at end of Geometry::drawImplementation().
[01:02:00.314 W] Warning: detected OpenGL error 'invalid operation' at end of Geometry::drawImplementation().
[01:02:00.314 W] Warning: detected OpenGL error 'invalid operation' at end of Geometry::drawImplementation().
[01:02:00.314 W] Warning: detected OpenGL error 'invalid operation' at end of Geometry::drawImplementation().
[01:02:00.314 W] Warning: detected OpenGL error 'invalid operation' at end of Geometry::drawImplementation().
[01:02:00.314 W] Warning: detected OpenGL error 'invalid operation' at end of Geometry::drawImplementation().
[01:02:00.314 W] Warning: detected OpenGL error 'invalid operation' at end of Geometry::drawImplementation().
[01:02:00.314 W] Warning: detected OpenGL error 'invalid operation' at end of Geometry::drawImplementation().
[01:02:00.314 W] Warning: detected OpenGL error 'invalid operation' at end of Geometry::drawImplementation().
[01:02:00.314 W] Warning: detected OpenGL error 'invalid operation' at end of Geometry::drawImplementation().
[01:02:00.314 W] Warning: detected OpenGL error 'invalid operation' at end of Geometry::drawImplementation().
[01:02:00.314 W] Warning: detected OpenGL error 'invalid operation' at end of Geometry::drawImplementation().
[01:02:00.314 W] Warning: detected OpenGL error 'invalid operation' at end of Geometry::drawImplementation().
[01:02:00.314 W] Warning: detected OpenGL error 'invalid operation' at end of Geometry::drawImplementation().
[01:02:00.314 W] Warning: detected OpenGL error 'invalid operation' at end of Geometry::drawImplementation().
[01:02:00.314 W] Warning: detected OpenGL error 'invalid operation' at end of Geometry::drawImplementation().
[01:02:00.315 W] Warning: detected OpenGL error 'invalid operation' at end of Geometry::drawImplementation().
[01:02:00.315 W] Warning: detected OpenGL error 'invalid operation' at end of Geometry::drawImplementation().
[01:02:00.315 W] Warning: detected OpenGL error 'invalid operation' at end of Geometry::drawImplementation().
[01:02:00.315 W] Warning: detected OpenGL error 'invalid operation' at end of Geometry::drawImplementation().
[01:02:00.315 W] Warning: detected OpenGL error 'invalid operation' at end of Geometry::drawImplementation().
[01:02:00.315 W] Warning: detected OpenGL error 'invalid operation' at end of Geometry::drawImplementation().
[01:02:00.315 W] Warning: detected OpenGL error 'invalid operation' at end of Geometry::drawImplementation().
[01:02:00.315 W] Warning: detected OpenGL error 'invalid operation' at end of Geometry::drawImplementation().
[01:02:00.315 W] Warning: detected OpenGL error 'invalid operation' at end of Geometry::drawImplementation().
[01:02:00.315 W] Warning: detected OpenGL error 'invalid operation' at end of Geometry::drawImplementation().
[01:02:00.315 W] Warning: detected OpenGL error 'invalid operation' at end of Geometry::drawImplementation().
[01:02:00.315 W] Warning: detected OpenGL error 'invalid operation' at end of Geometry::drawImplementation().
[01:02:00.315 W] Warning: detected OpenGL error 'invalid operation' at end of Geometry::drawImplementation().
[01:02:00.315 W] Warning: detected OpenGL error 'invalid operation' at end of Geometry::drawImplementation().
[01:02:00.315 W] Warning: detected OpenGL error 'invalid operation' at end of Geometry::drawImplementation().
[01:02:00.315 W] Warning: detected OpenGL error 'invalid operation' at end of Geometry::drawImplementation().
[01:02:00.315 W] Warning: detected OpenGL error 'invalid operation' at end of Geometry::drawImplementation().
[01:02:00.315 W] Warning: detected OpenGL error 'invalid operation' at end of Geometry::drawImplementation().
[01:02:00.315 W] Warning: detected OpenGL error 'invalid operation' at end of Geometry::drawImplementation().
[01:02:00.315 W] Warning: detected OpenGL error 'invalid operation' at end of Geometry::drawImplementation().
[01:02:00.315 W] Warning: detected OpenGL error 'invalid operation' at end of Geometry::drawImplementation().
[01:02:00.315 W] Warning: detected OpenGL error 'invalid operation' at end of Geometry::drawImplementation().
[01:02:00.315 W] Warning: detected OpenGL error 'invalid operation' at end of Geometry::drawImplementation().
[01:02:00.315 W] Warning: detected OpenGL error 'invalid operation' at end of Geometry::drawImplementation().
[01:02:00.315 W] Warning: detected OpenGL error 'invalid operation' at end of Geometry::drawImplementation().
[01:02:00.315 W] Warning: detected OpenGL error 'invalid operation' at end of Geometry::drawImplementation().
[01:02:00.315 W] Warning: detected OpenGL error 'invalid operation' at end of Geometry::drawImplementation().
[01:02:00.315 W] Warning: detected OpenGL error 'invalid operation' at end of Geometry::drawImplementation().
[01:02:00.315 W] Warning: detected OpenGL error 'invalid operation' at end of Geometry::drawImplementation().
[01:02:00.315 W] Warning: detected OpenGL error 'invalid operation' at end of Geometry::drawImplementation().
[01:02:00.315 W] Warning: detected OpenGL error 'invalid operation' at end of Geometry::drawImplementation().
[01:02:00.315 W] Warning: detected OpenGL error 'invalid operation' at end of Geometry::drawImplementation().
[01:02:00.315 W] Warning: detected OpenGL error 'invalid operation' at end of Geometry::drawImplementation().
[01:02:00.315 W] Warning: detected OpenGL error 'invalid operation' at end of Geometry::drawImplementation().
[01:02:00.315 W] Warning: detected OpenGL error 'invalid operation' at end of Geometry::drawImplementation().
[01:02:00.315 W] Warning: detected OpenGL error 'invalid operation' at end of Geometry::drawImplementation().
[01:02:00.315 W] Warning: detected OpenGL error 'invalid operation' at end of Geometry::drawImplementation().
[01:02:00.315 W] Warning: detected OpenGL error 'invalid operation' at end of Geometry::drawImplementation().
[01:02:00.315 W] Warning: detected OpenGL error 'invalid operation' at end of Geometry::drawImplementation().
[01:02:00.315 W] Warning: detected OpenGL error 'invalid operation' at end of Geometry::drawImplementation().
[01:02:00.315 W] Warning: detected OpenGL error 'invalid operation' at end of Geometry::drawImplementation().
[01:02:00.315 W] Warning: detected OpenGL error 'invalid operation' at end of Geometry::drawImplementation().
[01:02:00.315 W] Warning: detected OpenGL error 'invalid operation' at end of Geometry::drawImplementation().
[01:02:00.315 W] Warning: detected OpenGL error 'invalid operation' at end of Geometry::drawImplementation().
[01:02:00.315 W] Warning: detected OpenGL error 'invalid operation' at end of Geometry::drawImplementation().
[01:02:00.315 W] Warning: detected OpenGL error 'invalid operation' at end of Geometry::drawImplementation().
[01:02:00.315 W] Warning: detected OpenGL error 'invalid operation' at end of Geometry::drawImplementation().
[01:02:00.315 W] Warning: detected OpenGL error 'invalid operation' at end of Geometry::drawImplementation().
[01:02:00.315 W] Warning: detected OpenGL error 'invalid operation' at end of Geometry::drawImplementation().
[01:02:00.315 W] Warning: detected OpenGL error 'invalid operation' at end of Geometry::drawImplementation().
[01:02:00.315 W] Warning: detected OpenGL error 'invalid operation' at end of Geometry::drawImplementation().
[01:02:00.315 W] Warning: detected OpenGL error 'invalid operation' at end of Geometry::drawImplementation().
[01:02:00.315 W] Warning: detected OpenGL error 'invalid operation' at end of Geometry::drawImplementation().
[01:02:00.315 W] Warning: detected OpenGL error 'invalid operation' at end of Geometry::drawImplementation().
[01:02:00.315 W] Warning: detected OpenGL error 'invalid operation' at end of Geometry::drawImplementation().
[01:02:00.315 W] Warning: detected OpenGL error 'invalid operation' at end of Geometry::drawImplementation().
[01:02:00.315 W] Warning: detected OpenGL error 'invalid operation' at end of Geometry::drawImplementation().
[01:02:00.315 W] Warning: detected OpenGL error 'invalid operation' at end of Geometry::drawImplementation().
[01:02:00.315 W] Warning: detected OpenGL error 'invalid operation' at end of Geometry::drawImplementation().
[01:02:00.315 W] Warning: detected OpenGL error 'invalid operation' at end of Geometry::drawImplementation().
[01:02:00.315 W] Warning: detected OpenGL error 'invalid operation' at end of Geometry::drawImplementation().
[01:02:00.315 W] Warning: detected OpenGL error 'invalid operation' at end of Geometry::drawImplementation().
[01:02:00.315 W] Warning: detected OpenGL error 'invalid operation' at end of Geometry::drawImplementation().
[01:02:00.315 W] Warning: detected OpenGL error 'invalid operation' at end of Geometry::drawImplementation().
[01:02:00.315 W] Warning: detected OpenGL error 'invalid operation' at end of Geometry::drawImplementation().
[01:02:00.315 W] Warning: detected OpenGL error 'invalid operation' at end of Geometry::drawImplementation().
[01:02:00.315 W] Warning: detected OpenGL error 'invalid operation' at end of Geometry::drawImplementation().
[01:02:00.315 W] Warning: detected OpenGL error 'invalid operation' at end of Geometry::drawImplementation().
[01:02:00.315 W] Warning: detected OpenGL error 'invalid operation' at end of Geometry::drawImplementation().
[01:02:00.315 W] Warning: detected OpenGL error 'invalid operation' at end of Geometry::drawImplementation().
[01:02:00.315 W] Warning: detected OpenGL error 'invalid operation' at end of Geometry::drawImplementation().
[01:02:00.315 W] Warning: detected OpenGL error 'invalid operation' at end of Geometry::drawImplementation().
[01:02:00.315 W] Warning: detected OpenGL error 'invalid operation' at end of Geometry::drawImplementation().
[01:02:00.315 W] Warning: detected OpenGL error 'invalid operation' at end of Geometry::drawImplementation().
[01:02:00.315 W] Warning: detected OpenGL error 'invalid operation' at end of Geometry::drawImplementation().
[01:02:00.315 W] Warning: detected OpenGL error 'invalid operation' at end of Geometry::drawImplementation().
[01:02:00.315 W] Warning: detected OpenGL error 'invalid operation' at end of Geometry::drawImplementation().
[01:02:00.315 W] Warning: detected OpenGL error 'invalid operation' at end of Geometry::drawImplementation().
[01:02:00.315 W] Warning: detected OpenGL error 'invalid operation' at end of Geometry::drawImplementation().
[01:02:00.315 W] Warning: detected OpenGL error 'invalid operation' at end of Geometry::drawImplementation().
[01:02:00.315 W] Warning: detected OpenGL error 'invalid operation' at end of Geometry::drawImplementation().
[01:02:00.315 W] Warning: detected OpenGL error 'invalid operation' at end of Geometry::drawImplementation().
[01:02:00.315 W] Warning: detected OpenGL error 'invalid operation' at end of Geometry::drawImplementation().
[01:02:00.315 W] Warning: detected OpenGL error 'invalid operation' at end of Geometry::drawImplementation().
[01:02:00.315 W] Warning: detected OpenGL error 'invalid operation' at end of Geometry::drawImplementation().
[01:02:00.315 W] Warning: detected OpenGL error 'invalid operation' at end of Geometry::drawImplementation().
[01:02:00.315 W] Warning: detected OpenGL error 'invalid operation' at end of Geometry::drawImplementation().
[01:02:00.315 W] Warning: detected OpenGL error 'invalid operation' at end of Geometry::drawImplementation().
[01:02:00.315 W] Warning: detected OpenGL error 'invalid operation' at end of Geometry::drawImplementation().
[01:02:00.315 W] Warning: detected OpenGL error 'invalid operation' at end of Geometry::drawImplementation().
[01:02:00.315 W] Warning: detected OpenGL error 'invalid operation' at end of Geometry::drawImplementation().
[01:02:00.315 W] Warning: detected OpenGL error 'invalid operation' at end of Geometry::drawImplementation().
[01:02:00.315 W] Warning: detected OpenGL error 'invalid operation' at end of Geometry::drawImplementation().
[01:02:00.315 W] Warning: detected OpenGL error 'invalid operation' at end of Geometry::drawImplementation().
[01:02:00.315 W] Warning: detected OpenGL error 'invalid operation' at end of Geometry::drawImplementation().
[01:02:00.315 W] Warning: detected OpenGL error 'invalid operation' at end of Geometry::drawImplementation().
[01:02:00.315 W] Warning: detected OpenGL error 'invalid operation' at end of Geometry::drawImplementation().
[01:02:00.315 W] Warning: detected OpenGL error 'invalid operation' at end of Geometry::drawImplementation().
[01:02:00.315 W] Warning: detected OpenGL error 'invalid operation' at end of Geometry::drawImplementation().
[01:02:00.315 W] Warning: detected OpenGL error 'invalid operation' at end of Geometry::drawImplementation().
[01:02:00.315 W] Warning: detected OpenGL error 'invalid operation' at end of Geometry::drawImplementation().
[01:02:00.315 W] Warning: detected OpenGL error 'invalid operation' at end of Geometry::drawImplementation().
[01:02:00.315 W] Warning: detected OpenGL error 'invalid operation' at end of Geometry::drawImplementation().
[01:02:00.315 W] Warning: detected OpenGL error 'invalid operation' at end of Geometry::drawImplementation().
[01:02:00.315 W] Warning: detected OpenGL error 'invalid operation' at end of Geometry::drawImplementation().
[01:02:00.315 W] Warning: detected OpenGL error 'invalid operation' at end of Geometry::drawImplementation().
[01:02:00.315 W] Warning: detected OpenGL error 'invalid operation' at end of Geometry::drawImplementation().
[01:02:00.315 W] Warning: detected OpenGL error 'invalid operation' at end of Geometry::drawImplementation().
[01:02:00.315 W] Warning: detected OpenGL error 'invalid operation' at end of Geometry::drawImplementation().
[01:02:00.315 W] Warning: detected OpenGL error 'invalid operation' at end of Geometry::drawImplementation().
[01:02:00.315 W] Warning: detected OpenGL error 'invalid operation' at end of Geometry::drawImplementation().
[01:02:00.315 W] Warning: detected OpenGL error 'invalid operation' at end of Geometry::drawImplementation().
[01:02:00.315 W] Warning: detected OpenGL error 'invalid operation' at end of Geometry::drawImplementation().
[01:02:00.315 W] Warning: detected OpenGL error 'invalid operation' at end of Geometry::drawImplementation().
[01:02:00.315 W] Warning: detected OpenGL error 'invalid operation' at end of Geometry::drawImplementation().
[01:02:00.315 W] Warning: detected OpenGL error 'invalid operation' at end of Geometry::drawImplementation().
[01:02:00.315 W] Warning: detected OpenGL error 'invalid operation' at end of Geometry::drawImplementation().
[01:02:00.315 W] Warning: detected OpenGL error 'invalid operation' at end of Geometry::drawImplementation().
[01:02:00.315 W] Warning: detected OpenGL error 'invalid operation' at end of Geometry::drawImplementation().
[01:02:00.315 W] Warning: detected OpenGL error 'invalid operation' at end of Geometry::drawImplementation().
[01:02:00.315 W] Warning: detected OpenGL error 'invalid operation' at end of Geometry::drawImplementation().
[01:02:00.315 W] Warning: detected OpenGL error 'invalid operation' at end of Geometry::drawImplementation().
[01:02:00.315 W] Warning: detected OpenGL error 'invalid operation' at end of Geometry::drawImplementation().
[01:02:00.315 W] Warning: detected OpenGL error 'invalid operation' at end of Geometry::drawImplementation().
[01:02:00.315 W] Warning: detected OpenGL error 'invalid operation' at end of Geometry::drawImplementation().
[01:02:00.315 W] Warning: detected OpenGL error 'invalid operation' at end of Geometry::drawImplementation().
[01:02:00.315 W] Warning: detected OpenGL error 'invalid operation' at end of Geometry::drawImplementation().
[01:02:00.315 W] Warning: detected OpenGL error 'invalid operation' at end of Geometry::drawImplementation().
[01:02:00.315 W] Warning: detected OpenGL error 'invalid operation' at end of Geometry::drawImplementation().
[01:02:00.315 W] Warning: detected OpenGL error 'invalid operation' at end of Geometry::drawImplementation().
[01:02:00.315 W] Warning: detected OpenGL error 'invalid operation' at end of Geometry::drawImplementation().
[01:02:00.315 W] Warning: detected OpenGL error 'invalid operation' at end of Geometry::drawImplementation().
[01:02:00.315 W] Warning: detected OpenGL error 'invalid operation' at end of Geometry::drawImplementation().
[01:02:00.315 W] Warning: detected OpenGL error 'invalid operation' at end of Geometry::drawImplementation().
[01:02:00.315 W] Warning: detected OpenGL error 'invalid operation' at end of Geometry::drawImplementation().
[01:02:00.315 W] Warning: detected OpenGL error 'invalid operation' at end of Geometry::drawImplementation().
[01:02:00.315 W] Warning: detected OpenGL error 'invalid operation' at end of Geometry::drawImplementation().
[01:02:00.315 W] Warning: detected OpenGL error 'invalid operation' at end of Geometry::drawImplementation().
[01:02:00.315 W] Warning: detected OpenGL error 'invalid operation' at end of Geometry::drawImplementation().
[01:02:00.315 W] Warning: detected OpenGL error 'invalid operation' at end of Geometry::drawImplementation().
[01:02:00.315 W] Warning: detected OpenGL error 'invalid operation' at end of Geometry::drawImplementation().
[01:02:00.315 W] Warning: detected OpenGL error 'invalid operation' at end of Geometry::drawImplementation().
[01:02:00.315 W] Warning: detected OpenGL error 'invalid operation' at end of Geometry::drawImplementation().
[01:02:00.315 W] Warning: detected OpenGL error 'invalid operation' at end of Geometry::drawImplementation().
[01:02:00.315 W] Warning: detected OpenGL error 'invalid operation' at end of Geometry::drawImplementation().
[01:02:00.315 W] Warning: detected OpenGL error 'invalid operation' at end of Geometry::drawImplementation().
[01:02:00.315 W] Warning: detected OpenGL error 'invalid operation' at end of Geometry::drawImplementation().
[01:02:00.315 W] Warning: detected OpenGL error 'invalid operation' at end of Geometry::drawImplementation().
[01:02:00.315 W] Warning: detected OpenGL error 'invalid operation' at end of Geometry::drawImplementation().
[01:02:00.315 W] Warning: detected OpenGL error 'invalid operation' at end of Geometry::drawImplementation().
[01:02:00.315 W] Warning: detected OpenGL error 'invalid operation' at end of Geometry::drawImplementation().
[01:02:00.315 W] Warning: detected OpenGL error 'invalid operation' at end of Geometry::drawImplementation().
[01:02:00.315 W] Warning: detected OpenGL error 'invalid operation' at end of Geometry::drawImplementation().
[01:02:00.315 W] Warning: detected OpenGL error 'invalid operation' at end of Geometry::drawImplementation().
[01:02:00.315 W] Warning: detected OpenGL error 'invalid operation' at end of Geometry::drawImplementation().
[01:02:00.315 W] Warning: detected OpenGL error 'invalid operation' at end of Geometry::drawImplementation().
[01:02:00.315 W] Warning: detected OpenGL error 'invalid operation' at end of Geometry::drawImplementation().
[01:02:00.315 W] Warning: detected OpenGL error 'invalid operation' at end of Geometry::drawImplementation().
[01:02:00.315 W] Warning: detected OpenGL error 'invalid operation' at end of Geometry::drawImplementation().
[01:02:00.315 W] Warning: detected OpenGL error 'invalid operation' at end of Geometry::drawImplementation().
[01:02:00.315 W] Warning: detected OpenGL error 'invalid operation' at end of Geometry::drawImplementation().
[01:02:00.315 W] Warning: detected OpenGL error 'invalid operation' at end of Geometry::drawImplementation().
[01:02:00.315 W] Warning: detected OpenGL error 'invalid operation' at end of Geometry::drawImplementation().
[01:02:00.315 W] Warning: detected OpenGL error 'invalid operation' at end of Geometry::drawImplementation().
[01:02:00.315 W] Warning: detected OpenGL error 'invalid operation' at end of Geometry::drawImplementation().
[01:02:00.315 W] Warning: detected OpenGL error 'invalid operation' at end of Geometry::drawImplementation().
[01:02:00.315 W] Warning: detected OpenGL error 'invalid operation' at end of Geometry::drawImplementation().
[01:02:00.316 W] Warning: detected OpenGL error 'invalid operation' at end of Geometry::drawImplementation().
[01:02:00.316 W] Warning: detected OpenGL error 'invalid operation' at end of Geometry::drawImplementation().
[01:02:00.316 W] Warning: detected OpenGL error 'invalid operation' at end of Geometry::drawImplementation().
[01:02:00.316 W] Warning: detected OpenGL error 'invalid operation' at end of Geometry::drawImplementation().
[01:02:00.316 W] Warning: detected OpenGL error 'invalid operation' at end of Geometry::drawImplementation().
[01:02:00.316 W] Warning: detected OpenGL error 'invalid operation' at end of Geometry::drawImplementation().
[01:02:00.316 W] Warning: detected OpenGL error 'invalid operation' at end of Geometry::drawImplementation().
[01:02:00.316 W] Warning: detected OpenGL error 'invalid operation' at end of Geometry::drawImplementation().
[01:02:00.316 W] Warning: detected OpenGL error 'invalid operation' at end of Geometry::drawImplementation().
[01:02:00.316 W] Warning: detected OpenGL error 'invalid operation' at end of Geometry::drawImplementation().
[01:02:00.316 W] Warning: detected OpenGL error 'invalid operation' at end of Geometry::drawImplementation().
[01:02:00.316 W] Warning: detected OpenGL error 'invalid operation' at end of Geometry::drawImplementation().
[01:02:00.316 W] Warning: detected OpenGL error 'invalid operation' at end of Geometry::drawImplementation().
[01:02:00.316 W] Warning: detected OpenGL error 'invalid operation' at end of Geometry::drawImplementation().
[01:02:00.316 W] Warning: detected OpenGL error 'invalid operation' at end of Geometry::drawImplementation().
[01:02:00.316 W] Warning: detected OpenGL error 'invalid operation' at end of Geometry::drawImplementation().
[01:02:00.316 W] Warning: detected OpenGL error 'invalid operation' at end of Geometry::drawImplementation().
[01:02:00.316 W] Warning: detected OpenGL error 'invalid operation' at end of Geometry::drawImplementation().
[01:02:00.316 W] Warning: detected OpenGL error 'invalid operation' at end of Geometry::drawImplementation().
[01:02:00.316 W] Warning: detected OpenGL error 'invalid operation' at end of Geometry::drawImplementation().
[01:02:00.316 W] Warning: detected OpenGL error 'invalid operation' at end of Geometry::drawImplementation().
[01:02:00.316 W] Warning: detected OpenGL error 'invalid operation' at end of Geometry::drawImplementation().
[01:02:00.316 W] Warning: detected OpenGL error 'invalid operation' at end of Geometry::drawImplementation().
[01:02:00.316 W] Warning: detected OpenGL error 'invalid operation' at end of Geometry::drawImplementation().
[01:02:00.316 W] Warning: detected OpenGL error 'invalid operation' at end of Geometry::drawImplementation().
[01:02:00.316 W] Warning: detected OpenGL error 'invalid operation' at end of Geometry::drawImplementation().
[01:02:00.316 W] Warning: detected OpenGL error 'invalid operation' at end of Geometry::drawImplementation().
[01:02:00.316 W] Warning: detected OpenGL error 'invalid operation' at end of Geometry::drawImplementation().
[01:02:00.316 W] Warning: detected OpenGL error 'invalid operation' at end of Geometry::drawImplementation().
[01:02:00.316 W] Warning: detected OpenGL error 'invalid operation' at end of Geometry::drawImplementation().
[01:02:00.316 W] Warning: detected OpenGL error 'invalid operation' at end of Geometry::drawImplementation().
[01:02:00.316 W] Warning: detected OpenGL error 'invalid operation' at end of Geometry::drawImplementation().
[01:02:00.316 W] Warning: detected OpenGL error 'invalid operation' at end of Geometry::drawImplementation().
[01:02:00.316 W] Warning: detected OpenGL error 'invalid operation' at end of Geometry::drawImplementation().
[01:02:00.316 W] Warning: detected OpenGL error 'invalid operation' at end of Geometry::drawImplementation().
[01:02:00.316 W] Warning: detected OpenGL error 'invalid operation' at end of Geometry::drawImplementation().
[01:02:00.316 W] Warning: detected OpenGL error 'invalid operation' at end of Geometry::drawImplementation().
[01:02:00.316 W] Warning: detected OpenGL error 'invalid operation' at end of Geometry::drawImplementation().
[01:02:00.316 W] Warning: detected OpenGL error 'invalid operation' at end of Geometry::drawImplementation().
[01:02:00.316 W] Warning: detected OpenGL error 'invalid operation' at end of Geometry::drawImplementation().
[01:02:00.316 W] Warning: detected OpenGL error 'invalid operation' at end of Geometry::drawImplementation().
[01:02:00.316 W] Warning: detected OpenGL error 'invalid operation' at end of Geometry::drawImplementation().
[01:02:00.316 W] Warning: detected OpenGL error 'invalid operation' at end of Geometry::drawImplementation().
[01:02:00.316 W] Warning: detected OpenGL error 'invalid operation' at end of Geometry::drawImplementation().
[01:02:00.316 W] Warning: detected OpenGL error 'invalid operation' at end of Geometry::drawImplementation().
[01:02:00.316 W] Warning: detected OpenGL error 'invalid operation' at end of Geometry::drawImplementation().
[01:02:00.316 W] Warning: detected OpenGL error 'invalid operation' at end of Geometry::drawImplementation().
[01:02:00.316 W] Warning: detected OpenGL error 'invalid operation' at end of Geometry::drawImplementation().
[01:02:00.316 W] Warning: detected OpenGL error 'invalid operation' at end of Geometry::drawImplementation().
[01:02:00.316 W] Warning: detected OpenGL error 'invalid operation' at end of Geometry::drawImplementation().
[01:02:00.316 W] Warning: detected OpenGL error 'invalid operation' at end of Geometry::drawImplementation().
[01:02:00.316 W] Warning: detected OpenGL error 'invalid operation' at end of Geometry::drawImplementation().
[01:02:00.316 W] Warning: detected OpenGL error 'invalid operation' at end of Geometry::drawImplementation().
[01:02:00.316 W] Warning: detected OpenGL error 'invalid operation' at end of Geometry::drawImplementation().
[01:02:00.316 W] Warning: detected OpenGL error 'invalid operation' at end of Geometry::drawImplementation().
[01:02:00.316 W] Warning: detected OpenGL error 'invalid operation' at end of Geometry::drawImplementation().
[01:02:00.316 W] Warning: detected OpenGL error 'invalid operation' at end of Geometry::drawImplementation().
[01:02:00.316 W] Warning: detected OpenGL error 'invalid operation' at end of Geometry::drawImplementation().
[01:02:00.316 W] Warning: detected OpenGL error 'invalid operation' at end of Geometry::drawImplementation().
[01:02:00.316 W] Warning: detected OpenGL error 'invalid operation' at end of Geometry::drawImplementation().
[01:02:00.316 W] Warning: detected OpenGL error 'invalid operation' at end of Geometry::drawImplementation().
[01:02:00.316 W] Warning: detected OpenGL error 'invalid operation' at end of Geometry::drawImplementation().
[01:02:00.316 W] Warning: detected OpenGL error 'invalid operation' at end of Geometry::drawImplementation().
[01:02:00.316 W] Warning: detected OpenGL error 'invalid operation' at end of Geometry::drawImplementation().
[01:02:00.316 W] Warning: detected OpenGL error 'invalid operation' at end of Geometry::drawImplementation().
[01:02:00.316 W] Warning: detected OpenGL error 'invalid operation' at end of Geometry::drawImplementation().
[01:02:00.316 W] Warning: detected OpenGL error 'invalid operation' at end of Geometry::drawImplementation().
[01:02:00.316 W] Warning: detected OpenGL error 'invalid operation' at end of Geometry::drawImplementation().
[01:02:00.316 W] Warning: detected OpenGL error 'invalid operation' at end of Geometry::drawImplementation().
[01:02:00.316 W] Warning: detected OpenGL error 'invalid operation' at end of Geometry::drawImplementation().
[01:02:00.316 W] Warning: detected OpenGL error 'invalid operation' at end of Geometry::drawImplementation().
[01:02:00.316 W] Warning: detected OpenGL error 'invalid operation' at end of Geometry::drawImplementation().
[01:02:00.316 W] Warning: detected OpenGL error 'invalid operation' at end of Geometry::drawImplementation().
[01:02:00.316 W] Warning: detected OpenGL error 'invalid operation' at end of Geometry::drawImplementation().
[01:02:00.316 W] Warning: detected OpenGL error 'invalid operation' at end of Geometry::drawImplementation().
[01:02:00.316 W] Warning: detected OpenGL error 'invalid operation' at end of Geometry::drawImplementation().
[01:02:00.316 W] Warning: detected OpenGL error 'invalid operation' at end of Geometry::drawImplementation().
[01:02:00.316 W] Warning: detected OpenGL error 'invalid operation' at end of Geometry::drawImplementation().
[01:02:00.316 W] Warning: detected OpenGL error 'invalid operation' at end of Geometry::drawImplementation().
[01:02:00.316 W] Warning: detected OpenGL error 'invalid operation' at end of Geometry::drawImplementation().
[01:02:00.316 W] Warning: detected OpenGL error 'invalid operation' at end of Geometry::drawImplementation().
[01:02:00.316 W] Warning: detected OpenGL error 'invalid operation' at end of Geometry::drawImplementation().
[01:02:00.316 W] Warning: detected OpenGL error 'invalid operation' at end of Geometry::drawImplementation().
[01:02:00.316 W] Warning: detected OpenGL error 'invalid operation' at end of Geometry::drawImplementation().
[01:02:00.316 W] Warning: detected OpenGL error 'invalid operation' at end of Geometry::drawImplementation().
[01:02:00.316 W] Warning: detected OpenGL error 'invalid operation' at end of Geometry::drawImplementation().
[01:02:00.317 I] Global[scripts/bench/global.lua]:	BENCH station=seyda startcell="seyda neen" frame=1
[01:02:00.321 W] glLinkProgram 0xb9890ab00"" FAILED
[01:02:00.321 W] Program "" infolog:
[01:02:00.321 W] ERROR: duplicate definition of function 'applyClipPlanes'
[01:02:00.321 W] 
[01:02:00.321 W] Warning: detected OpenGL error 'invalid operation' at end of Geometry::drawImplementation().
[01:02:00.321 W] Warning: detected OpenGL error 'invalid operation' at end of Geometry::drawImplementation().
[01:02:00.321 W] Warning: detected OpenGL error 'invalid operation' at end of Geometry::drawImplementation().
[01:02:00.321 W] Warning: detected OpenGL error 'invalid operation' at end of Geometry::drawImplementation().
[01:02:00.322 W] Warning: detected OpenGL error 'invalid operation' at end of Geometry::drawImplementation().
[01:02:00.322 W] Warning: detected OpenGL error 'invalid operation' at end of Geometry::drawImplementation().
[01:02:00.322 W] Warning: detected OpenGL error 'invalid operation' at end of Geometry::drawImplementation().
[01:02:00.322 W] Warning: detected OpenGL error 'invalid operation' at end of Geometry::drawImplementation().
[01:02:00.322 W] Warning: detected OpenGL error 'invalid operation' at end of Geometry::drawImplementation().
[01:02:00.322 W] Warning: detected OpenGL error 'invalid operation' at end of Geometry::drawImplementation().
[01:02:00.322 W] Warning: detected OpenGL error 'invalid operation' at end of Geometry::drawImplementation().
[01:02:00.322 W] Warning: detected OpenGL error 'invalid operation' at end of Geometry::drawImplementation().
[01:02:00.322 W] Warning: detected OpenGL error 'invalid operation' at end of Geometry::drawImplementation().
[01:02:00.322 W] Warning: detected OpenGL error 'invalid operation' at end of Geometry::drawImplementation().
[01:02:00.322 W] Warning: detected OpenGL error 'invalid operation' at end of Geometry::drawImplementation().
[01:02:00.322 W] Warning: detected OpenGL error 'invalid operation' at end of Geometry::drawImplementation().
[01:02:00.322 W] Warning: detected OpenGL error 'invalid operation' at end of Geometry::drawImplementation().
[01:02:00.322 W] Warning: detected OpenGL error 'invalid operation' at end of Geometry::drawImplementation().
[01:02:00.322 W] Warning: detected OpenGL error 'invalid operation' at end of Geometry::drawImplementation().
[01:02:00.322 W] Warning: detected OpenGL error 'invalid operation' at end of Geometry::drawImplementation().
[01:02:00.322 W] Warning: detected OpenGL error 'invalid operation' at end of Geometry::drawImplementation().
[01:02:00.322 W] Warning: detected OpenGL error 'invalid operation' at end of Geometry::drawImplementation().
[01:02:00.322 W] Warning: detected OpenGL error 'invalid operation' at end of Geometry::drawImplementation().
[01:02:00.322 W] Warning: detected OpenGL error 'invalid operation' at end of Geometry::drawImplementation().
[01:02:00.322 W] Warning: detected OpenGL error 'invalid operation' at end of Geometry::drawImplementation().
[01:02:00.322 W] Warning: detected OpenGL error 'invalid operation' at end of Geometry::drawImplementation().
[01:02:00.322 W] Warning: detected OpenGL error 'invalid operation' at end of Geometry::drawImplementation().
[01:02:00.322 W] Warning: detected OpenGL error 'invalid operation' at end of Geometry::drawImplementation().
[01:02:00.322 W] Warning: detected OpenGL error 'invalid operation' at end of Geometry::drawImplementation().
[01:02:00.322 W] Warning: detected OpenGL error 'invalid operation' at end of Geometry::drawImplementation().
[01:02:00.322 W] Warning: detected OpenGL error 'invalid operation' at end of Geometry::drawImplementation().
[01:02:00.323 W] Warning: detected OpenGL error 'invalid operation' at end of Geometry::drawImplementation().
[01:02:00.323 W] Warning: detected OpenGL error 'invalid operation' at end of Geometry::drawImplementation().
[01:02:00.323 W] Warning: detected OpenGL error 'invalid operation' at end of Geometry::drawImplementation().
[01:02:00.323 W] Warning: detected OpenGL error 'invalid operation' at end of Geometry::drawImplementation().
[01:02:00.323 W] Warning: detected OpenGL error 'invalid operation' at end of Geometry::drawImplementation().
[01:02:00.323 W] Warning: detected OpenGL error 'invalid operation' at end of Geometry::drawImplementation().
[01:02:00.323 W] Warning: detected OpenGL error 'invalid operation' at end of Geometry::drawImplementation().
[01:02:00.323 W] Warning: detected OpenGL error 'invalid operation' at end of Geometry::drawImplementation().
[01:02:00.323 W] Warning: detected OpenGL error 'invalid operation' at end of Geometry::drawImplementation().
[01:02:00.323 W] Warning: detected OpenGL error 'invalid operation' at end of Geometry::drawImplementation().
[01:02:00.323 W] Warning: detected OpenGL error 'invalid operation' at end of Geometry::drawImplementation().
[01:02:00.323 W] Warning: detected OpenGL error 'invalid operation' at end of Geometry::drawImplementation().
[01:02:00.323 W] Warning: detected OpenGL error 'invalid operation' at end of Geometry::drawImplementation().
[01:02:00.323 W] Warning: detected OpenGL error 'invalid operation' at end of Geometry::drawImplementation().
[01:02:00.323 W] Warning: detected OpenGL error 'invalid operation' at end of Geometry::drawImplementation().
[01:02:00.323 W] Warning: detected OpenGL error 'invalid operation' at end of Geometry::drawImplementation().
[01:02:00.323 W] Warning: detected OpenGL error 'invalid operation' at end of Geometry::drawImplementation().
[01:02:00.323 W] Warning: detected OpenGL error 'invalid operation' at end of Geometry::drawImplementation().
[01:02:00.323 W] Warning: detected OpenGL error 'invalid operation' at end of Geometry::drawImplementation().
[01:02:00.323 W] Warning: detected OpenGL error 'invalid operation' at end of Geometry::drawImplementation().
[01:02:00.323 W] Warning: detected OpenGL error 'invalid operation' at end of Geometry::drawImplementation().
[01:02:00.323 W] Warning: detected OpenGL error 'invalid operation' at end of Geometry::drawImplementation().
[01:02:00.323 W] Warning: detected OpenGL error 'invalid operation' at end of Geometry::drawImplementation().
[01:02:00.323 W] Warning: detected OpenGL error 'invalid operation' at end of Geometry::drawImplementation().
[01:02:00.323 W] Warning: detected OpenGL error 'invalid operation' at end of Geometry::drawImplementation().
[01:02:00.323 W] Warning: detected OpenGL error 'invalid operation' at end of Geometry::drawImplementation().
[01:02:00.323 W] Warning: detected OpenGL error 'invalid operation' at end of Geometry::drawImplementation().
[01:02:00.323 W] Warning: detected OpenGL error 'invalid operation' at end of Geometry::drawImplementation().
[01:02:00.323 W] Warning: detected OpenGL error 'invalid operation' at end of Geometry::drawImplementation().
[01:02:00.323 W] Warning: detected OpenGL error 'invalid operation' at end of Geometry::drawImplementation().
[01:02:00.323 W] Warning: detected OpenGL error 'invalid operation' at end of Geometry::drawImplementation().
[01:02:00.323 W] Warning: detected OpenGL error 'invalid operation' at end of Geometry::drawImplementation().
[01:02:00.323 W] Warning: detected OpenGL error 'invalid operation' at end of Geometry::drawImplementation().
[01:02:00.323 W] Warning: detected OpenGL error 'invalid operation' at end of Geometry::drawImplementation().
[01:02:00.323 W] Warning: detected OpenGL error 'invalid operation' at end of Geometry::drawImplementation().
[01:02:00.323 W] Warning: detected OpenGL error 'invalid operation' at end of Geometry::drawImplementation().
[01:02:00.323 W] Warning: detected OpenGL error 'invalid operation' at end of Geometry::drawImplementation().
[01:02:00.323 W] Warning: detected OpenGL error 'invalid operation' at end of Geometry::drawImplementation().
[01:02:00.323 W] Warning: detected OpenGL error 'invalid operation' at end of Geometry::drawImplementation().
[01:02:00.323 W] Warning: detected OpenGL error 'invalid operation' at end of Geometry::drawImplementation().
[01:02:00.323 W] Warning: detected OpenGL error 'invalid operation' at end of Geometry::drawImplementation().
[01:02:00.323 W] Warning: detected OpenGL error 'invalid operation' at end of Geometry::drawImplementation().
[01:02:00.323 W] Warning: detected OpenGL error 'invalid operation' at end of Geometry::drawImplementation().
[01:02:00.324 W] Warning: detected OpenGL error 'invalid operation' at end of Geometry::drawImplementation().
[01:02:00.324 W] Warning: detected OpenGL error 'invalid operation' at end of Geometry::drawImplementation().
[01:02:00.324 W] Warning: detected OpenGL error 'invalid operation' at end of Geometry::drawImplementation().
[01:02:00.324 W] Warning: detected OpenGL error 'invalid operation' at end of Geometry::drawImplementation().
[01:02:00.324 W] Warning: detected OpenGL error 'invalid operation' at end of Geometry::drawImplementation().
[01:02:00.324 W] Warning: detected OpenGL error 'invalid operation' at end of Geometry::drawImplementation().
[01:02:00.324 W] Warning: detected OpenGL error 'invalid operation' at end of Geometry::drawImplementation().
[01:02:00.324 W] Warning: detected OpenGL error 'invalid operation' at end of Geometry::drawImplementation().
[01:02:00.324 W] Warning: detected OpenGL error 'invalid operation' at end of Geometry::drawImplementation().
[01:02:00.324 W] Warning: detected OpenGL error 'invalid operation' at end of Geometry::drawImplementation().
[01:02:00.324 W] Warning: detected OpenGL error 'invalid operation' at end of Geometry::drawImplementation().
[01:02:00.324 W] Warning: detected OpenGL error 'invalid operation' at end of Geometry::drawImplementation().
[01:02:00.324 W] Warning: detected OpenGL error 'invalid operation' at end of Geometry::drawImplementation().
[01:02:00.324 W] Warning: detected OpenGL error 'invalid operation' at end of Geometry::drawImplementation().
[01:02:00.324 W] Warning: detected OpenGL error 'invalid operation' at end of Geometry::drawImplementation().
[01:02:00.324 W] Warning: detected OpenGL error 'invalid operation' at end of Geometry::drawImplementation().
[01:02:00.324 W] Warning: detected OpenGL error 'invalid operation' at end of Geometry::drawImplementation().
[01:02:00.324 W] Warning: detected OpenGL error 'invalid operation' at end of Geometry::drawImplementation().
[01:02:00.324 W] Warning: detected OpenGL error 'invalid operation' at end of Geometry::drawImplementation().
[01:02:00.324 W] Warning: detected OpenGL error 'invalid operation' at end of Geometry::drawImplementation().
[01:02:00.324 W] Warning: detected OpenGL error 'invalid operation' at end of Geometry::drawImplementation().
[01:02:00.324 W] Warning: detected OpenGL error 'invalid operation' at end of Geometry::drawImplementation().
[01:02:00.324 W] Warning: detected OpenGL error 'invalid operation' at end of Geometry::drawImplementation().
[01:02:00.324 W] Warning: detected OpenGL error 'invalid operation' at end of Geometry::drawImplementation().
[01:02:00.324 W] Warning: detected OpenGL error 'invalid operation' at end of Geometry::drawImplementation().
[01:02:00.324 W] Warning: detected OpenGL error 'invalid operation' at end of Geometry::drawImplementation().
[01:02:00.324 W] Warning: detected OpenGL error 'invalid operation' at end of Geometry::drawImplementation().
[01:02:00.324 W] Warning: detected OpenGL error 'invalid operation' at end of Geometry::drawImplementation().
[01:02:00.324 W] Warning: detected OpenGL error 'invalid operation' at end of Geometry::drawImplementation().
[01:02:00.324 W] Warning: detected OpenGL error 'invalid operation' at end of Geometry::drawImplementation().
[01:02:00.324 W] Warning: detected OpenGL error 'invalid operation' at end of Geometry::drawImplementation().
[01:02:00.324 W] Warning: detected OpenGL error 'invalid operation' at end of Geometry::drawImplementation().
[01:02:00.324 W] Warning: detected OpenGL error 'invalid operation' at end of Geometry::drawImplementation().
[01:02:00.324 W] Warning: detected OpenGL error 'invalid operation' at end of Geometry::drawImplementation().
[01:02:00.324 W] Warning: detected OpenGL error 'invalid operation' at end of Geometry::drawImplementation().
[01:02:00.324 W] Warning: detected OpenGL error 'invalid operation' at end of Geometry::drawImplementation().
[01:02:00.324 W] Warning: detected OpenGL error 'invalid operation' at end of Geometry::drawImplementation().
[01:02:00.325 W] Warning: detected OpenGL error 'invalid operation' at end of Geometry::drawImplementation().
[01:02:00.325 W] Warning: detected OpenGL error 'invalid operation' at end of Geometry::drawImplementation().
[01:02:00.325 W] Warning: detected OpenGL error 'invalid operation' at end of Geometry::drawImplementation().
[01:02:00.325 W] Warning: detected OpenGL error 'invalid operation' at end of Geometry::drawImplementation().
[01:02:00.325 W] Warning: detected OpenGL error 'invalid operation' at end of Geometry::drawImplementation().
[01:02:00.325 W] Warning: detected OpenGL error 'invalid operation' at end of Geometry::drawImplementation().
[01:02:00.325 W] Warning: detected OpenGL error 'invalid operation' at end of Geometry::drawImplementation().
[01:02:00.325 W] Warning: detected OpenGL error 'invalid operation' at end of Geometry::drawImplementation().
[01:02:00.325 W] Warning: detected OpenGL error 'invalid operation' at end of Geometry::drawImplementation().
[01:02:00.325 W] Warning: detected OpenGL error 'invalid operation' at end of Geometry::drawImplementation().
[01:02:00.325 W] Warning: detected OpenGL error 'invalid operation' at end of Geometry::drawImplementation().
[01:02:00.325 W] Warning: detected OpenGL error 'invalid operation' at end of Geometry::drawImplementation().
[01:02:00.325 W] Warning: detected OpenGL error 'invalid operation' at end of Geometry::drawImplementation().
[01:02:00.325 W] Warning: detected OpenGL error 'invalid operation' at end of Geometry::drawImplementation().
[01:02:00.325 W] Warning: detected OpenGL error 'invalid operation' at end of Geometry::drawImplementation().
[01:02:00.325 W] Warning: detected OpenGL error 'invalid operation' at end of Geometry::drawImplementation().
[01:02:00.325 W] Warning: detected OpenGL error 'invalid operation' at end of Geometry::drawImplementation().
[01:02:00.325 W] Warning: detected OpenGL error 'invalid operation' at end of Geometry::drawImplementation().
[01:02:00.325 W] Warning: detected OpenGL error 'invalid operation' at end of Geometry::drawImplementation().
[01:02:00.325 W] Warning: detected OpenGL error 'invalid operation' at end of Geometry::drawImplementation().
[01:02:00.325 W] Warning: detected OpenGL error 'invalid operation' at end of Geometry::drawImplementation().
[01:02:00.325 W] Warning: detected OpenGL error 'invalid operation' at end of Geometry::drawImplementation().
[01:02:00.325 W] Warning: detected OpenGL error 'invalid operation' at end of Geometry::drawImplementation().
[01:02:00.325 W] Warning: detected OpenGL error 'invalid operation' at end of Geometry::drawImplementation().
[01:02:00.325 W] Warning: detected OpenGL error 'invalid operation' at end of Geometry::drawImplementation().
[01:02:00.325 W] Warning: detected OpenGL error 'invalid operation' at end of Geometry::drawImplementation().
[01:02:00.325 W] Warning: detected OpenGL error 'invalid operation' at end of Geometry::drawImplementation().
[01:02:00.325 W] Warning: detected OpenGL error 'invalid operation' at end of Geometry::drawImplementation().
[01:02:00.325 W] Warning: detected OpenGL error 'invalid operation' at end of Geometry::drawImplementation().
[01:02:00.325 W] Warning: detected OpenGL error 'invalid operation' at end of Geometry::drawImplementation().
[01:02:00.325 W] Warning: detected OpenGL error 'invalid operation' at end of Geometry::drawImplementation().
[01:02:00.325 W] Warning: detected OpenGL error 'invalid operation' at end of Geometry::drawImplementation().
[01:02:00.325 W] Warning: detected OpenGL error 'invalid operation' at end of Geometry::drawImplementation().
[01:02:00.325 W] Warning: detected OpenGL error 'invalid operation' at end of Geometry::drawImplementation().
[01:02:00.325 W] Warning: detected OpenGL error 'invalid operation' at end of Geometry::drawImplementation().
[01:02:00.325 W] Warning: detected OpenGL error 'invalid operation' at end of Geometry::drawImplementation().
[01:02:00.325 W] Warning: detected OpenGL error 'invalid operation' at end of Geometry::drawImplementation().
[01:02:00.325 W] Warning: detected OpenGL error 'invalid operation' at end of Geometry::drawImplementation().
[01:02:00.325 W] Warning: detected OpenGL error 'invalid operation' at end of Geometry::drawImplementation().
[01:02:00.325 W] Warning: detected OpenGL error 'invalid operation' at end of Geometry::drawImplementation().
[01:02:00.325 W] Warning: detected OpenGL error 'invalid operation' at end of Geometry::drawImplementation().
[01:02:00.325 W] Warning: detected OpenGL error 'invalid operation' at end of Geometry::drawImplementation().
[01:02:00.325 W] Warning: detected OpenGL error 'invalid operation' at end of Geometry::drawImplementation().
[01:02:00.325 W] Warning: detected OpenGL error 'invalid operation' at end of Geometry::drawImplementation().
[01:02:00.325 W] Warning: detected OpenGL error 'invalid operation' at end of Geometry::drawImplementation().
[01:02:00.325 W] Warning: detected OpenGL error 'invalid operation' at end of Geometry::drawImplementation().
[01:02:00.325 W] Warning: detected OpenGL error 'invalid operation' at end of Geometry::drawImplementation().
[01:02:00.325 W] Warning: detected OpenGL error 'invalid operation' at end of Geometry::drawImplementation().
[01:02:00.325 W] Warning: detected OpenGL error 'invalid operation' at end of Geometry::drawImplementation().
[01:02:00.325 W] Warning: detected OpenGL error 'invalid operation' at end of Geometry::drawImplementation().
[01:02:00.325 W] Warning: detected OpenGL error 'invalid operation' at end of Geometry::drawImplementation().
[01:02:00.325 W] Warning: detected OpenGL error 'invalid operation' at end of Geometry::drawImplementation().
[01:02:00.325 W] Warning: detected OpenGL error 'invalid operation' at end of Geometry::drawImplementation().
[01:02:00.325 W] Warning: detected OpenGL error 'invalid operation' at end of Geometry::drawImplementation().
[01:02:00.325 W] Warning: detected OpenGL error 'invalid operation' at end of Geometry::drawImplementation().
[01:02:00.325 W] Warning: detected OpenGL error 'invalid operation' at end of Geometry::drawImplementation().
[01:02:00.325 W] Warning: detected OpenGL error 'invalid operation' at end of Geometry::drawImplementation().
[01:02:00.325 W] Warning: detected OpenGL error 'invalid operation' at end of Geometry::drawImplementation().
[01:02:00.325 W] Warning: detected OpenGL error 'invalid operation' at end of Geometry::drawImplementation().
[01:02:00.325 W] Warning: detected OpenGL error 'invalid operation' at end of Geometry::drawImplementation().
[01:02:00.325 W] Warning: detected OpenGL error 'invalid operation' at end of Geometry::drawImplementation().
[01:02:00.325 W] Warning: detected OpenGL error 'invalid operation' at end of Geometry::drawImplementation().
[01:02:00.325 W] Warning: detected OpenGL error 'invalid operation' at end of Geometry::drawImplementation().
[01:02:00.325 W] Warning: detected OpenGL error 'invalid operation' at end of Geometry::drawImplementation().
[01:02:00.325 W] Warning: detected OpenGL error 'invalid operation' at end of Geometry::drawImplementation().
[01:02:00.325 W] Warning: detected OpenGL error 'invalid operation' at end of Geometry::drawImplementation().
[01:02:00.325 W] Warning: detected OpenGL error 'invalid operation' at end of Geometry::drawImplementation().
[01:02:00.325 W] Warning: detected OpenGL error 'invalid operation' at end of Geometry::drawImplementation().
[01:02:00.325 W] Warning: detected OpenGL error 'invalid operation' at end of Geometry::drawImplementation().
[01:02:00.325 W] Warning: detected OpenGL error 'invalid operation' at end of Geometry::drawImplementation().
[01:02:00.325 W] Warning: detected OpenGL error 'invalid operation' at end of Geometry::drawImplementation().
[01:02:00.325 W] Warning: detected OpenGL error 'invalid operation' at end of Geometry::drawImplementation().
[01:02:00.325 W] Warning: detected OpenGL error 'invalid operation' at end of Geometry::drawImplementation().
[01:02:00.325 W] Warning: detected OpenGL error 'invalid operation' at end of Geometry::drawImplementation().
[01:02:00.325 W] Warning: detected OpenGL error 'invalid operation' at end of Geometry::drawImplementation().
[01:02:00.325 W] Warning: detected OpenGL error 'invalid operation' at end of Geometry::drawImplementation().
[01:02:00.325 W] Warning: detected OpenGL error 'invalid operation' at end of Geometry::drawImplementation().
[01:02:00.325 W] Warning: detected OpenGL error 'invalid operation' at end of Geometry::drawImplementation().
[01:02:00.325 W] Warning: detected OpenGL error 'invalid operation' at end of Geometry::drawImplementation().
[01:02:00.325 W] Warning: detected OpenGL error 'invalid operation' at end of Geometry::drawImplementation().
[01:02:00.325 W] Warning: detected OpenGL error 'invalid operation' at end of Geometry::drawImplementation().
[01:02:00.325 W] Warning: detected OpenGL error 'invalid operation' at end of Geometry::drawImplementation().
[01:02:00.325 W] Warning: detected OpenGL error 'invalid operation' at end of Geometry::drawImplementation().
[01:02:00.325 W] Warning: detected OpenGL error 'invalid operation' at end of Geometry::drawImplementation().
[01:02:00.325 W] Warning: detected OpenGL error 'invalid operation' at end of Geometry::drawImplementation().
[01:02:00.325 W] Warning: detected OpenGL error 'invalid operation' at end of Geometry::drawImplementation().
[01:02:00.325 W] Warning: detected OpenGL error 'invalid operation' at end of Geometry::drawImplementation().
[01:02:00.325 W] Warning: detected OpenGL error 'invalid operation' at end of Geometry::drawImplementation().
[01:02:00.325 W] Warning: detected OpenGL error 'invalid operation' at end of Geometry::drawImplementation().
[01:02:00.325 W] Warning: detected OpenGL error 'invalid operation' at end of Geometry::drawImplementation().
[01:02:00.325 W] Warning: detected OpenGL error 'invalid operation' at end of Geometry::drawImplementation().
[01:02:00.325 W] Warning: detected OpenGL error 'invalid operation' at end of Geometry::drawImplementation().
[01:02:00.325 W] Warning: detected OpenGL error 'invalid operation' at end of Geometry::drawImplementation().
[01:02:00.325 W] Warning: detected OpenGL error 'invalid operation' at end of Geometry::drawImplementation().
[01:02:00.325 W] Warning: detected OpenGL error 'invalid operation' at end of Geometry::drawImplementation().
[01:02:00.325 W] Warning: detected OpenGL error 'invalid operation' at end of Geometry::drawImplementation().
[01:02:00.325 W] Warning: detected OpenGL error 'invalid operation' at end of Geometry::drawImplementation().
[01:02:00.325 W] Warning: detected OpenGL error 'invalid operation' at end of Geometry::drawImplementation().
[01:02:00.325 W] Warning: detected OpenGL error 'invalid operation' at end of Geometry::drawImplementation().
[01:02:00.325 W] Warning: detected OpenGL error 'invalid operation' at end of Geometry::drawImplementation().
[01:02:00.325 W] Warning: detected OpenGL error 'invalid operation' at end of Geometry::drawImplementation().
[01:02:00.325 W] Warning: detected OpenGL error 'invalid operation' at end of Geometry::drawImplementation().
[01:02:00.325 W] Warning: detected OpenGL error 'invalid operation' at end of Geometry::drawImplementation().
[01:02:00.325 W] Warning: detected OpenGL error 'invalid operation' at end of Geometry::drawImplementation().
[01:02:00.325 W] Warning: detected OpenGL error 'invalid operation' at end of Geometry::drawImplementation().
[01:02:00.325 W] Warning: detected OpenGL error 'invalid operation' at end of Geometry::drawImplementation().
[01:02:00.325 W] Warning: detected OpenGL error 'invalid operation' at end of Geometry::drawImplementation().
[01:02:00.325 W] Warning: detected OpenGL error 'invalid operation' at end of Geometry::drawImplementation().
[01:02:00.325 W] Warning: detected OpenGL error 'invalid operation' at end of Geometry::drawImplementation().
[01:02:00.325 W] Warning: detected OpenGL error 'invalid operation' at end of Geometry::drawImplementation().
[01:02:00.325 W] Warning: detected OpenGL error 'invalid operation' at end of Geometry::drawImplementation().
[01:02:00.325 W] Warning: detected OpenGL error 'invalid operation' at end of Geometry::drawImplementation().
[01:02:00.325 W] Warning: detected OpenGL error 'invalid operation' at end of Geometry::drawImplementation().
[01:02:00.325 W] Warning: detected OpenGL error 'invalid operation' at end of Geometry::drawImplementation().
[01:02:00.325 W] Warning: detected OpenGL error 'invalid operation' at end of Geometry::drawImplementation().
[01:02:00.325 W] Warning: detected OpenGL error 'invalid operation' at end of Geometry::drawImplementation().
[01:02:00.325 W] Warning: detected OpenGL error 'invalid operation' at end of Geometry::drawImplementation().
[01:02:00.325 W] Warning: detected OpenGL error 'invalid operation' at end of Geometry::drawImplementation().
[01:02:00.325 W] Warning: detected OpenGL error 'invalid operation' at end of Geometry::drawImplementation().
[01:02:00.325 W] Warning: detected OpenGL error 'invalid operation' at end of Geometry::drawImplementation().
[01:02:00.325 W] Warning: detected OpenGL error 'invalid operation' at end of Geometry::drawImplementation().
[01:02:00.325 W] Warning: detected OpenGL error 'invalid operation' at end of Geometry::drawImplementation().
[01:02:00.325 W] Warning: detected OpenGL error 'invalid operation' at end of Geometry::drawImplementation().
[01:02:00.325 W] Warning: detected OpenGL error 'invalid operation' at end of Geometry::drawImplementation().
[01:02:00.325 W] Warning: detected OpenGL error 'invalid operation' at end of Geometry::drawImplementation().
[01:02:00.325 W] Warning: detected OpenGL error 'invalid operation' at end of Geometry::drawImplementation().
[01:02:00.325 W] Warning: detected OpenGL error 'invalid operation' at end of Geometry::drawImplementation().
[01:02:00.325 W] Warning: detected OpenGL error 'invalid operation' at end of Geometry::drawImplementation().
[01:02:00.325 W] Warning: detected OpenGL error 'invalid operation' at end of Geometry::drawImplementation().
[01:02:00.325 W] Warning: detected OpenGL error 'invalid operation' at end of Geometry::drawImplementation().
[01:02:00.325 W] Warning: detected OpenGL error 'invalid operation' at end of Geometry::drawImplementation().
[01:02:00.325 W] Warning: detected OpenGL error 'invalid operation' at end of Geometry::drawImplementation().
[01:02:00.325 W] Warning: detected OpenGL error 'invalid operation' at end of Geometry::drawImplementation().
[01:02:00.325 W] Warning: detected OpenGL error 'invalid operation' at end of Geometry::drawImplementation().
[01:02:00.325 W] Warning: detected OpenGL error 'invalid operation' at end of Geometry::drawImplementation().
[01:02:00.325 W] Warning: detected OpenGL error 'invalid operation' at end of Geometry::drawImplementation().
[01:02:00.325 W] Warning: detected OpenGL error 'invalid operation' at end of Geometry::drawImplementation().
[01:02:00.325 W] Warning: detected OpenGL error 'invalid operation' at end of Geometry::drawImplementation().
[01:02:00.325 W] Warning: detected OpenGL error 'invalid operation' at end of Geometry::drawImplementation().
[01:02:00.325 W] Warning: detected OpenGL error 'invalid operation' at end of Geometry::drawImplementation().
[01:02:00.325 W] Warning: detected OpenGL error 'invalid operation' at end of Geometry::drawImplementation().
[01:02:00.325 W] Warning: detected OpenGL error 'invalid operation' at end of Geometry::drawImplementation().
[01:02:00.325 W] Warning: detected OpenGL error 'invalid operation' at end of Geometry::drawImplementation().
[01:02:00.325 W] Warning: detected OpenGL error 'invalid operation' at end of Geometry::drawImplementation().
[01:02:00.325 W] Warning: detected OpenGL error 'invalid operation' at end of Geometry::drawImplementation().
[01:02:00.325 W] Warning: detected OpenGL error 'invalid operation' at end of Geometry::drawImplementation().
[01:02:00.325 W] Warning: detected OpenGL error 'invalid operation' at end of Geometry::drawImplementation().
[01:02:00.325 W] Warning: detected OpenGL error 'invalid operation' at end of Geometry::drawImplementation().
[01:02:00.325 W] Warning: detected OpenGL error 'invalid operation' at end of Geometry::drawImplementation().
[01:02:00.325 W] Warning: detected OpenGL error 'invalid operation' at end of Geometry::drawImplementation().
[01:02:00.325 W] Warning: detected OpenGL error 'invalid operation' at end of Geometry::drawImplementation().
[01:02:00.325 W] Warning: detected OpenGL error 'invalid operation' at end of Geometry::drawImplementation().
[01:02:00.325 W] Warning: detected OpenGL error 'invalid operation' at end of Geometry::drawImplementation().
[01:02:00.325 W] Warning: detected OpenGL error 'invalid operation' at end of Geometry::drawImplementation().
[01:02:00.325 W] Warning: detected OpenGL error 'invalid operation' at end of Geometry::drawImplementation().
[01:02:00.326 W] Warning: detected OpenGL error 'invalid operation' at end of Geometry::drawImplementation().
[01:02:00.326 W] Warning: detected OpenGL error 'invalid operation' at end of Geometry::drawImplementation().
[01:02:00.326 W] Warning: detected OpenGL error 'invalid operation' at end of Geometry::drawImplementation().
[01:02:00.326 W] Warning: detected OpenGL error 'invalid operation' at end of Geometry::drawImplementation().
[01:02:00.326 W] Warning: detected OpenGL error 'invalid operation' at end of Geometry::drawImplementation().
[01:02:00.326 W] Warning: detected OpenGL error 'invalid operation' at end of Geometry::drawImplementation().
[01:02:00.326 W] Warning: detected OpenGL error 'invalid operation' at end of Geometry::drawImplementation().
[01:02:00.326 W] Warning: detected OpenGL error 'invalid operation' at end of Geometry::drawImplementation().
[01:02:00.326 W] Warning: detected OpenGL error 'invalid operation' at end of Geometry::drawImplementation().
[01:02:00.326 W] Warning: detected OpenGL error 'invalid operation' at end of Geometry::drawImplementation().
[01:02:00.326 W] Warning: detected OpenGL error 'invalid operation' at end of Geometry::drawImplementation().
[01:02:00.326 W] Warning: detected OpenGL error 'invalid operation' at end of Geometry::drawImplementation().
[01:02:00.326 W] Warning: detected OpenGL error 'invalid operation' at end of Geometry::drawImplementation().
[01:02:00.326 W] Warning: detected OpenGL error 'invalid operation' at end of Geometry::drawImplementation().
[01:02:00.326 W] Warning: detected OpenGL error 'invalid operation' at end of Geometry::drawImplementation().
[01:02:00.326 W] Warning: detected OpenGL error 'invalid operation' at end of Geometry::drawImplementation().
[01:02:00.326 W] Warning: detected OpenGL error 'invalid operation' at end of Geometry::drawImplementation().
[01:02:00.326 W] Warning: detected OpenGL error 'invalid operation' at end of Geometry::drawImplementation().
[01:02:00.326 W] Warning: detected OpenGL error 'invalid operation' at end of Geometry::drawImplementation().
[01:02:00.326 W] Warning: detected OpenGL error 'invalid operation' at end of Geometry::drawImplementation().
[01:02:00.326 W] Warning: detected OpenGL error 'invalid operation' at end of Geometry::drawImplementation().
[01:02:00.326 W] Warning: detected OpenGL error 'invalid operation' at end of Geometry::drawImplementation().
[01:02:00.326 W] Warning: detected OpenGL error 'invalid operation' at end of Geometry::drawImplementation().
[01:02:00.326 W] Warning: detected OpenGL error 'invalid operation' at end of Geometry::drawImplementation().
[01:02:00.326 W] Warning: detected OpenGL error 'invalid operation' at end of Geometry::drawImplementation().
[01:02:00.326 W] Warning: detected OpenGL error 'invalid operation' at end of Geometry::drawImplementation().
[01:02:00.326 W] Warning: detected OpenGL error 'invalid operation' at end of Geometry::drawImplementation().
[01:02:00.326 W] Warning: detected OpenGL error 'invalid operation' at end of Geometry::drawImplementation().
[01:02:00.326 W] Warning: detected OpenGL error 'invalid operation' at end of Geometry::drawImplementation().
[01:02:00.326 W] Warning: detected OpenGL error 'invalid operation' at end of Geometry::drawImplementation().
[01:02:00.326 W] Warning: detected OpenGL error 'invalid operation' at end of Geometry::drawImplementation().
[01:02:00.326 W] Warning: detected OpenGL error 'invalid operation' at end of Geometry::drawImplementation().
[01:02:00.326 W] Warning: detected OpenGL error 'invalid operation' at end of Geometry::drawImplementation().
[01:02:00.326 W] Warning: detected OpenGL error 'invalid operation' at end of Geometry::drawImplementation().
[01:02:00.326 W] Warning: detected OpenGL error 'invalid operation' at end of Geometry::drawImplementation().
[01:02:00.326 W] Warning: detected OpenGL error 'invalid operation' at end of Geometry::drawImplementation().
[01:02:00.326 W] Warning: detected OpenGL error 'invalid operation' at end of Geometry::drawImplementation().
[01:02:00.326 W] Warning: detected OpenGL error 'invalid operation' at end of Geometry::drawImplementation().
[01:02:00.326 W] Warning: detected OpenGL error 'invalid operation' at end of Geometry::drawImplementation().
[01:02:00.326 W] Warning: detected OpenGL error 'invalid operation' at end of Geometry::drawImplementation().
[01:02:00.326 W] Warning: detected OpenGL error 'invalid operation' at end of Geometry::drawImplementation().
[01:02:00.326 W] Warning: detected OpenGL error 'invalid operation' at end of Geometry::drawImplementation().
[01:02:00.326 W] Warning: detected OpenGL error 'invalid operation' at end of Geometry::drawImplementation().
[01:02:00.326 W] Warning: detected OpenGL error 'invalid operation' at end of Geometry::drawImplementation().
[01:02:00.326 W] Warning: detected OpenGL error 'invalid operation' at end of Geometry::drawImplementation().
[01:02:00.326 W] Warning: detected OpenGL error 'invalid operation' at end of Geometry::drawImplementation().
[01:02:00.326 W] Warning: detected OpenGL error 'invalid operation' at end of Geometry::drawImplementation().
[01:02:00.326 W] Warning: detected OpenGL error 'invalid operation' at end of Geometry::drawImplementation().
[01:02:00.326 W] Warning: detected OpenGL error 'invalid operation' at end of Geometry::drawImplementation().
[01:02:00.326 W] Warning: detected OpenGL error 'invalid operation' at end of Geometry::drawImplementation().
[01:02:00.326 W] Warning: detected OpenGL error 'invalid operation' at end of Geometry::drawImplementation().
[01:02:00.326 W] Warning: detected OpenGL error 'invalid operation' at end of Geometry::drawImplementation().
[01:02:00.326 W] Warning: detected OpenGL error 'invalid operation' at end of Geometry::drawImplementation().
[01:02:00.326 W] Warning: detected OpenGL error 'invalid operation' at end of Geometry::drawImplementation().
[01:02:00.326 W] Warning: detected OpenGL error 'invalid operation' at end of Geometry::drawImplementation().
[01:02:00.326 W] Warning: detected OpenGL error 'invalid operation' at end of Geometry::drawImplementation().
[01:02:00.326 W] Warning: detected OpenGL error 'invalid operation' at end of Geometry::drawImplementation().
[01:02:00.326 W] Warning: detected OpenGL error 'invalid operation' at end of Geometry::drawImplementation().
[01:02:00.326 W] Warning: detected OpenGL error 'invalid operation' at end of Geometry::drawImplementation().
[01:02:00.326 W] Warning: detected OpenGL error 'invalid operation' at end of Geometry::drawImplementation().
[01:02:00.326 W] Warning: detected OpenGL error 'invalid operation' at end of Geometry::drawImplementation().
[01:02:00.326 W] Warning: detected OpenGL error 'invalid operation' at end of Geometry::drawImplementation().
[01:02:00.326 W] Warning: detected OpenGL error 'invalid operation' at end of Geometry::drawImplementation().
[01:02:00.326 W] Warning: detected OpenGL error 'invalid operation' at end of Geometry::drawImplementation().
[01:02:00.326 W] Warning: detected OpenGL error 'invalid operation' at end of Geometry::drawImplementation().
[01:02:00.326 W] Warning: detected OpenGL error 'invalid operation' at end of Geometry::drawImplementation().
[01:02:00.326 W] Warning: detected OpenGL error 'invalid operation' at end of Geometry::drawImplementation().
[01:02:00.326 W] Warning: detected OpenGL error 'invalid operation' at end of Geometry::drawImplementation().
[01:02:00.326 W] Warning: detected OpenGL error 'invalid operation' at end of Geometry::drawImplementation().
[01:02:00.326 W] Warning: detected OpenGL error 'invalid operation' at end of Geometry::drawImplementation().
[01:02:00.326 W] Warning: detected OpenGL error 'invalid operation' at end of Geometry::drawImplementation().
[01:02:00.326 W] Warning: detected OpenGL error 'invalid operation' at end of Geometry::drawImplementation().
[01:02:00.326 W] Warning: detected OpenGL error 'invalid operation' at end of Geometry::drawImplementation().
[01:02:00.326 W] Warning: detected OpenGL error 'invalid operation' at end of Geometry::drawImplementation().
[01:02:00.326 W] Warning: detected OpenGL error 'invalid operation' at end of Geometry::drawImplementation().
[01:02:00.326 W] Warning: detected OpenGL error 'invalid operation' at end of Geometry::drawImplementation().
[01:02:00.326 W] Warning: detected OpenGL error 'invalid operation' at end of Geometry::drawImplementation().
[01:02:00.326 W] Warning: detected OpenGL error 'invalid operation' at end of Geometry::drawImplementation().
[01:02:00.326 W] Warning: detected OpenGL error 'invalid operation' at end of Geometry::drawImplementation().
[01:02:00.326 W] Warning: detected OpenGL error 'invalid operation' at end of Geometry::drawImplementation().
[01:02:00.326 W] Warning: detected OpenGL error 'invalid operation' at end of Geometry::drawImplementation().
[01:02:00.326 W] Warning: detected OpenGL error 'invalid operation' at end of Geometry::drawImplementation().
[01:02:00.326 W] Warning: detected OpenGL error 'invalid operation' at end of Geometry::drawImplementation().
[01:02:00.326 W] Warning: detected OpenGL error 'invalid operation' at end of Geometry::drawImplementation().
[01:02:00.326 W] Warning: detected OpenGL error 'invalid operation' at end of Geometry::drawImplementation().
[01:02:00.326 W] Warning: detected OpenGL error 'invalid operation' at end of Geometry::drawImplementation().
[01:02:00.326 W] Warning: detected OpenGL error 'invalid operation' at end of Geometry::drawImplementation().
[01:02:00.326 W] Warning: detected OpenGL error 'invalid operation' at end of Geometry::drawImplementation().
[01:02:00.326 W] Warning: detected OpenGL error 'invalid operation' at end of Geometry::drawImplementation().
[01:02:00.326 W] Warning: detected OpenGL error 'invalid operation' at end of Geometry::drawImplementation().
[01:02:00.326 W] Warning: detected OpenGL error 'invalid operation' at end of Geometry::drawImplementation().
[01:02:00.326 W] Warning: detected OpenGL error 'invalid operation' at end of Geometry::drawImplementation().
[01:02:00.326 W] Warning: detected OpenGL error 'invalid operation' at end of Geometry::drawImplementation().
[01:02:00.326 W] Warning: detected OpenGL error 'invalid operation' at end of Geometry::drawImplementation().
[01:02:00.326 W] Warning: detected OpenGL error 'invalid operation' at end of Geometry::drawImplementation().
[01:02:00.326 W] Warning: detected OpenGL error 'invalid operation' at end of Geometry::drawImplementation().
[01:02:00.326 W] Warning: detected OpenGL error 'invalid operation' at end of Geometry::drawImplementation().
[01:02:00.326 W] Warning: detected OpenGL error 'invalid operation' at end of Geometry::drawImplementation().
[01:02:00.326 W] Warning: detected OpenGL error 'invalid operation' at end of Geometry::drawImplementation().
[01:02:00.326 W] Warning: detected OpenGL error 'invalid operation' at end of Geometry::drawImplementation().
[01:02:00.326 W] Warning: detected OpenGL error 'invalid operation' at end of Geometry::drawImplementation().
[01:02:00.326 W] Warning: detected OpenGL error 'invalid operation' at end of Geometry::drawImplementation().
[01:02:00.326 W] Warning: detected OpenGL error 'invalid operation' at end of Geometry::drawImplementation().
[01:02:00.326 W] Warning: detected OpenGL error 'invalid operation' at end of Geometry::drawImplementation().
[01:02:00.326 W] Warning: detected OpenGL error 'invalid operation' at end of Geometry::drawImplementation().
[01:02:00.326 W] Warning: detected OpenGL error 'invalid operation' at end of Geometry::drawImplementation().
[01:02:00.326 W] Warning: detected OpenGL error 'invalid operation' at end of Geometry::drawImplementation().
[01:02:00.326 W] Warning: detected OpenGL error 'invalid operation' at end of Geometry::drawImplementation().
[01:02:00.326 W] Warning: detected OpenGL error 'invalid operation' at end of Geometry::drawImplementation().
[01:02:00.326 W] Warning: detected OpenGL error 'invalid operation' at end of Geometry::drawImplementation().
[01:02:00.326 W] Warning: detected OpenGL error 'invalid operation' at end of Geometry::drawImplementation().
[01:02:00.326 W] Warning: detected OpenGL error 'invalid operation' at end of Geometry::drawImplementation().
[01:02:00.326 W] Warning: detected OpenGL error 'invalid operation' at end of Geometry::drawImplementation().
[01:02:00.326 W] Warning: detected OpenGL error 'invalid operation' at end of Geometry::drawImplementation().
[01:02:00.326 W] Warning: detected OpenGL error 'invalid operation' at end of Geometry::drawImplementation().
[01:02:00.326 W] Warning: detected OpenGL error 'invalid operation' at end of Geometry::drawImplementation().
[01:02:00.326 W] Warning: detected OpenGL error 'invalid operation' at end of Geometry::drawImplementation().
[01:02:00.326 W] Warning: detected OpenGL error 'invalid operation' at end of Geometry::drawImplementation().
[01:02:00.326 W] Warning: detected OpenGL error 'invalid operation' at end of Geometry::drawImplementation().
[01:02:00.326 W] Warning: detected OpenGL error 'invalid operation' at end of Geometry::drawImplementation().
[01:02:00.326 W] Warning: detected OpenGL error 'invalid operation' at end of Geometry::drawImplementation().
[01:02:00.326 W] Warning: detected OpenGL error 'invalid operation' at end of Geometry::drawImplementation().
[01:02:00.326 W] Warning: detected OpenGL error 'invalid operation' at end of Geometry::drawImplementation().
[01:02:00.326 W] Warning: detected OpenGL error 'invalid operation' at end of Geometry::drawImplementation().
[01:02:00.326 W] Warning: detected OpenGL error 'invalid operation' at end of Geometry::drawImplementation().
[01:02:00.326 W] Warning: detected OpenGL error 'invalid operation' at end of Geometry::drawImplementation().
[01:02:00.326 W] Warning: detected OpenGL error 'invalid operation' at end of Geometry::drawImplementation().
[01:02:00.326 W] Warning: detected OpenGL error 'invalid operation' at end of Geometry::drawImplementation().
[01:02:00.326 W] Warning: detected OpenGL error 'invalid operation' at end of Geometry::drawImplementation().
[01:02:00.326 W] Warning: detected OpenGL error 'invalid operation' at end of Geometry::drawImplementation().
[01:02:00.326 W] Warning: detected OpenGL error 'invalid operation' at end of Geometry::drawImplementation().
[01:02:00.326 W] Warning: detected OpenGL error 'invalid operation' at end of Geometry::drawImplementation().
[01:02:00.326 W] Warning: detected OpenGL error 'invalid operation' at end of Geometry::drawImplementation().
[01:02:00.326 W] Warning: detected OpenGL error 'invalid operation' at end of Geometry::drawImplementation().
[01:02:00.326 W] Warning: detected OpenGL error 'invalid operation' at end of Geometry::drawImplementation().
[01:02:00.326 W] Warning: detected OpenGL error 'invalid operation' at end of Geometry::drawImplementation().
[01:02:00.326 W] Warning: detected OpenGL error 'invalid operation' at end of Geometry::drawImplementation().
[01:02:00.326 W] Warning: detected OpenGL error 'invalid operation' at end of Geometry::drawImplementation().
[01:02:00.326 W] Warning: detected OpenGL error 'invalid operation' at end of Geometry::drawImplementation().
[01:02:00.326 W] Warning: detected OpenGL error 'invalid operation' at end of Geometry::drawImplementation().
[01:02:00.326 W] Warning: detected OpenGL error 'invalid operation' at end of Geometry::drawImplementation().
[01:02:00.326 W] Warning: detected OpenGL error 'invalid operation' at end of Geometry::drawImplementation().
[01:02:00.326 W] Warning: detected OpenGL error 'invalid operation' at end of Geometry::drawImplementation().
[01:02:00.326 W] Warning: detected OpenGL error 'invalid operation' at end of Geometry::drawImplementation().
[01:02:00.326 W] Warning: detected OpenGL error 'invalid operation' at end of Geometry::drawImplementation().
[01:02:00.326 W] Warning: detected OpenGL error 'invalid operation' at end of Geometry::drawImplementation().
[01:02:00.326 W] Warning: detected OpenGL error 'invalid operation' at end of Geometry::drawImplementation().
[01:02:00.326 W] Warning: detected OpenGL error 'invalid operation' at end of Geometry::drawImplementation().
[01:02:00.326 W] Warning: detected OpenGL error 'invalid operation' at end of Geometry::drawImplementation().
[01:02:00.326 W] Warning: detected OpenGL error 'invalid operation' at end of Geometry::drawImplementation().
[01:02:00.326 W] Warning: detected OpenGL error 'invalid operation' at end of Geometry::drawImplementation().
[01:02:00.326 W] Warning: detected OpenGL error 'invalid operation' at end of Geometry::drawImplementation().
[01:02:00.326 W] Warning: detected OpenGL error 'invalid operation' at end of Geometry::drawImplementation().
[01:02:00.326 W] Warning: detected OpenGL error 'invalid operation' at end of Geometry::drawImplementation().
[01:02:00.326 W] Warning: detected OpenGL error 'invalid operation' at end of Geometry::drawImplementation().
[01:02:00.326 W] Warning: detected OpenGL error 'invalid operation' at end of Geometry::drawImplementation().
[01:02:00.326 W] Warning: detected OpenGL error 'invalid operation' at end of Geometry::drawImplementation().
[01:02:00.326 W] Warning: detected OpenGL error 'invalid operation' at end of Geometry::drawImplementation().
[01:02:00.326 W] Warning: detected OpenGL error 'invalid operation' at end of Geometry::drawImplementation().
[01:02:00.326 W] Warning: detected OpenGL error 'invalid operation' at end of Geometry::drawImplementation().
[01:02:00.326 W] Warning: detected OpenGL error 'invalid operation' at end of Geometry::drawImplementation().
[01:02:00.326 W] Warning: detected OpenGL error 'invalid operation' at end of Geometry::drawImplementation().
[01:02:00.326 W] Warning: detected OpenGL error 'invalid operation' at end of Geometry::drawImplementation().
[01:02:00.326 W] Warning: detected OpenGL error 'invalid operation' at end of Geometry::drawImplementation().
[01:02:00.326 W] Warning: detected OpenGL error 'invalid operation' at end of Geometry::drawImplementation().
[01:02:00.326 W] Warning: detected OpenGL error 'invalid operation' at end of Geometry::drawImplementation().
[01:02:00.326 W] Warning: detected OpenGL error 'invalid operation' at end of Geometry::drawImplementation().
[01:02:00.326 W] Warning: detected OpenGL error 'invalid operation' at end of Geometry::drawImplementation().
[01:02:00.326 W] Warning: detected OpenGL error 'invalid operation' at end of Geometry::drawImplementation().
[01:02:00.326 W] Warning: detected OpenGL error 'invalid operation' at end of Geometry::drawImplementation().
[01:02:00.326 W] Warning: detected OpenGL error 'invalid operation' at end of Geometry::drawImplementation().
[01:02:00.326 W] Warning: detected OpenGL error 'invalid operation' at end of Geometry::drawImplementation().
[01:02:00.326 W] Warning: detected OpenGL error 'invalid operation' at end of Geometry::drawImplementation().
[01:02:00.326 W] Warning: detected OpenGL error 'invalid operation' at end of Geometry::drawImplementation().
[01:02:00.326 W] Warning: detected OpenGL error 'invalid operation' at end of Geometry::drawImplementation().
[01:02:00.326 W] Warning: detected OpenGL error 'invalid operation' at end of Geometry::drawImplementation().
[01:02:00.326 W] Warning: detected OpenGL error 'invalid operation' at end of Geometry::drawImplementation().
[01:02:00.326 W] Warning: detected OpenGL error 'invalid operation' at end of Geometry::drawImplementation().
[01:02:00.326 W] Warning: detected OpenGL error 'invalid operation' at end of Geometry::drawImplementation().
[01:02:00.326 W] Warning: detected OpenGL error 'invalid operation' at end of Geometry::drawImplementation().
[01:02:00.327 W] Warning: detected OpenGL error 'invalid operation' at end of Geometry::drawImplementation().
[01:02:00.327 W] Warning: detected OpenGL error 'invalid operation' at end of Geometry::drawImplementation().
[01:02:00.327 W] Warning: detected OpenGL error 'invalid operation' at end of Geometry::drawImplementation().
[01:02:00.327 W] Warning: detected OpenGL error 'invalid operation' at end of Geometry::drawImplementation().
[01:02:00.327 W] Warning: detected OpenGL error 'invalid operation' at end of Geometry::drawImplementation().
[01:02:00.327 W] Warning: detected OpenGL error 'invalid operation' at end of Geometry::drawImplementation().
[01:02:00.327 W] Warning: detected OpenGL error 'invalid operation' at end of Geometry::drawImplementation().
[01:02:00.327 W] Warning: detected OpenGL error 'invalid operation' at end of Geometry::drawImplementation().
[01:02:00.327 W] Warning: detected OpenGL error 'invalid operation' at end of Geometry::drawImplementation().
[01:02:00.327 W] Warning: detected OpenGL error 'invalid operation' at end of Geometry::drawImplementation().
[01:02:00.327 W] Warning: detected OpenGL error 'invalid operation' at end of Geometry::drawImplementation().
[01:02:00.327 W] Warning: detected OpenGL error 'invalid operation' at end of Geometry::drawImplementation().
[01:02:00.327 W] Warning: detected OpenGL error 'invalid operation' at end of Geometry::drawImplementation().
[01:02:00.327 W] Warning: detected OpenGL error 'invalid operation' at end of Geometry::drawImplementation().
[01:02:00.327 W] Warning: detected OpenGL error 'invalid operation' at end of Geometry::drawImplementation().
[01:02:00.327 W] Warning: detected OpenGL error 'invalid operation' at end of Geometry::drawImplementation().
[01:02:00.327 W] Warning: detected OpenGL error 'invalid operation' at end of Geometry::drawImplementation().
[01:02:00.327 W] Warning: detected OpenGL error 'invalid operation' at end of Geometry::drawImplementation().
[01:02:00.327 W] Warning: detected OpenGL error 'invalid operation' at end of Geometry::drawImplementation().
[01:02:00.327 W] Warning: detected OpenGL error 'invalid operation' at end of Geometry::drawImplementation().
[01:02:00.327 W] Warning: detected OpenGL error 'invalid operation' at end of Geometry::drawImplementation().
[01:02:00.327 W] Warning: detected OpenGL error 'invalid operation' at end of Geometry::drawImplementation().
[01:02:00.327 W] Warning: detected OpenGL error 'invalid operation' at end of Geometry::drawImplementation().
[01:02:00.327 W] Warning: detected OpenGL error 'invalid operation' at end of Geometry::drawImplementation().
[01:02:00.327 W] Warning: detected OpenGL error 'invalid operation' at end of Geometry::drawImplementation().
[01:02:00.327 W] Warning: detected OpenGL error 'invalid operation' at end of Geometry::drawImplementation().
[01:02:00.327 W] Warning: detected OpenGL error 'invalid operation' at end of Geometry::drawImplementation().
[01:02:00.327 W] Warning: detected OpenGL error 'invalid operation' at end of Geometry::drawImplementation().
[01:02:00.327 W] Warning: detected OpenGL error 'invalid operation' at end of Geometry::drawImplementation().
[01:02:00.327 W] Warning: detected OpenGL error 'invalid operation' at end of Geometry::drawImplementation().
[01:02:00.327 W] Warning: detected OpenGL error 'invalid operation' at end of Geometry::drawImplementation().
[01:02:00.327 W] Warning: detected OpenGL error 'invalid operation' at end of Geometry::drawImplementation().
[01:02:00.327 W] Warning: detected OpenGL error 'invalid operation' at end of Geometry::drawImplementation().
[01:02:00.327 W] Warning: detected OpenGL error 'invalid operation' at end of Geometry::drawImplementation().
[01:02:00.327 W] Warning: detected OpenGL error 'invalid operation' at end of Geometry::drawImplementation().
[01:02:00.327 W] Warning: detected OpenGL error 'invalid operation' at end of Geometry::drawImplementation().
[01:02:00.327 W] Warning: detected OpenGL error 'invalid operation' at end of Geometry::drawImplementation().
[01:02:00.327 W] Warning: detected OpenGL error 'invalid operation' at end of Geometry::drawImplementation().
[01:02:00.327 W] Warning: detected OpenGL error 'invalid operation' at end of Geometry::drawImplementation().
[01:02:00.327 W] Warning: detected OpenGL error 'invalid operation' at end of Geometry::drawImplementation().
[01:02:00.327 W] Warning: detected OpenGL error 'invalid operation' at end of Geometry::drawImplementation().
[01:02:00.327 W] Warning: detected OpenGL error 'invalid operation' at end of Geometry::drawImplementation().
[01:02:00.327 W] Warning: detected OpenGL error 'invalid operation' at end of Geometry::drawImplementation().
[01:02:00.327 W] Warning: detected OpenGL error 'invalid operation' at end of Geometry::drawImplementation().
[01:02:00.327 W] Warning: detected OpenGL error 'invalid operation' at end of Geometry::drawImplementation().
[01:02:00.327 W] Warning: detected OpenGL error 'invalid operation' at end of Geometry::drawImplementation().
[01:02:00.327 W] Warning: detected OpenGL error 'invalid operation' at end of Geometry::drawImplementation().
[01:02:00.327 W] Warning: detected OpenGL error 'invalid operation' at end of Geometry::drawImplementation().
[01:02:00.327 W] Warning: detected OpenGL error 'invalid operation' at end of Geometry::drawImplementation().
[01:02:00.327 W] Warning: detected OpenGL error 'invalid operation' at end of Geometry::drawImplementation().
[01:02:00.327 W] Warning: detected OpenGL error 'invalid operation' at end of Geometry::drawImplementation().
[01:02:00.327 W] Warning: detected OpenGL error 'invalid operation' at end of Geometry::drawImplementation().
[01:02:00.327 W] Warning: detected OpenGL error 'invalid operation' at end of Geometry::drawImplementation().
[01:02:00.327 W] Warning: detected OpenGL error 'invalid operation' at end of Geometry::drawImplementation().
[01:02:00.327 W] Warning: detected OpenGL error 'invalid operation' at end of Geometry::drawImplementation().
[01:02:00.327 W] Warning: detected OpenGL error 'invalid operation' at end of Geometry::drawImplementation().
[01:02:00.327 W] Warning: detected OpenGL error 'invalid operation' at end of Geometry::drawImplementation().
[01:02:00.327 W] Warning: detected OpenGL error 'invalid operation' at end of Geometry::drawImplementation().
[01:02:00.327 W] Warning: detected OpenGL error 'invalid operation' at end of Geometry::drawImplementation().
[01:02:00.327 W] Warning: detected OpenGL error 'invalid operation' at end of Geometry::drawImplementation().
[01:02:00.327 W] Warning: detected OpenGL error 'invalid operation' at end of Geometry::drawImplementation().
[01:02:00.327 W] Warning: detected OpenGL error 'invalid operation' at end of Geometry::drawImplementation().
[01:02:00.327 W] Warning: detected OpenGL error 'invalid operation' at end of Geometry::drawImplementation().
[01:02:00.327 W] Warning: detected OpenGL error 'invalid operation' at end of Geometry::drawImplementation().
[01:02:00.327 W] Warning: detected OpenGL error 'invalid operation' at end of Geometry::drawImplementation().
[01:02:00.327 W] Warning: detected OpenGL error 'invalid operation' at end of Geometry::drawImplementation().
[01:02:00.327 W] Warning: detected OpenGL error 'invalid operation' at end of Geometry::drawImplementation().
[01:02:00.327 W] Warning: detected OpenGL error 'invalid operation' at end of Geometry::drawImplementation().
[01:02:00.327 W] Warning: detected OpenGL error 'invalid operation' at end of Geometry::drawImplementation().
[01:02:00.327 W] Warning: detected OpenGL error 'invalid operation' at end of Geometry::drawImplementation().
[01:02:00.327 W] Warning: detected OpenGL error 'invalid operation' at end of Geometry::drawImplementation().
[01:02:00.327 W] Warning: detected OpenGL error 'invalid operation' at end of Geometry::drawImplementation().
[01:02:00.327 W] Warning: detected OpenGL error 'invalid operation' at end of Geometry::drawImplementation().
[01:02:00.327 W] Warning: detected OpenGL error 'invalid operation' at end of Geometry::drawImplementation().
[01:02:00.327 W] Warning: detected OpenGL error 'invalid operation' at end of Geometry::drawImplementation().
[01:02:00.327 W] Warning: detected OpenGL error 'invalid operation' at end of Geometry::drawImplementation().
[01:02:00.327 W] Warning: detected OpenGL error 'invalid operation' at end of Geometry::drawImplementation().
[01:02:00.327 W] Warning: detected OpenGL error 'invalid operation' at end of Geometry::drawImplementation().
[01:02:00.327 W] Warning: detected OpenGL error 'invalid operation' at end of Geometry::drawImplementation().
[01:02:00.327 W] Warning: detected OpenGL error 'invalid operation' at end of Geometry::drawImplementation().
[01:02:00.327 W] Warning: detected OpenGL error 'invalid operation' at end of Geometry::drawImplementation().
[01:02:00.327 W] Warning: detected OpenGL error 'invalid operation' at end of Geometry::drawImplementation().
[01:02:00.327 W] Warning: detected OpenGL error 'invalid operation' at end of Geometry::drawImplementation().
[01:02:00.327 W] Warning: detected OpenGL error 'invalid operation' at end of Geometry::drawImplementation().
[01:02:00.327 W] Warning: detected OpenGL error 'invalid operation' at end of Geometry::drawImplementation().
[01:02:00.327 W] Warning: detected OpenGL error 'invalid operation' at end of Geometry::drawImplementation().
[01:02:00.327 W] Warning: detected OpenGL error 'invalid operation' at end of Geometry::drawImplementation().
[01:02:00.327 W] Warning: detected OpenGL error 'invalid operation' at end of Geometry::drawImplementation().
[01:02:00.327 W] Warning: detected OpenGL error 'invalid operation' at end of Geometry::drawImplementation().
[01:02:00.327 W] Warning: detected OpenGL error 'invalid operation' at end of Geometry::drawImplementation().
[01:02:00.327 W] Warning: detected OpenGL error 'invalid operation' at end of Geometry::drawImplementation().
[01:02:00.327 W] Warning: detected OpenGL error 'invalid operation' at end of Geometry::drawImplementation().
[01:02:00.327 W] Warning: detected OpenGL error 'invalid operation' at end of Geometry::drawImplementation().
[01:02:00.327 W] Warning: detected OpenGL error 'invalid operation' at end of Geometry::drawImplementation().
[01:02:00.327 W] Warning: detected OpenGL error 'invalid operation' at end of Geometry::drawImplementation().
[01:02:00.327 W] Warning: detected OpenGL error 'invalid operation' at end of Geometry::drawImplementation().
[01:02:00.327 W] Warning: detected OpenGL error 'invalid operation' at end of Geometry::drawImplementation().
[01:02:00.327 W] Warning: detected OpenGL error 'invalid operation' at end of Geometry::drawImplementation().
[01:02:00.327 W] Warning: detected OpenGL error 'invalid operation' at end of Geometry::drawImplementation().
[01:02:00.327 W] Warning: detected OpenGL error 'invalid operation' at end of Geometry::drawImplementation().
[01:02:00.327 W] Warning: detected OpenGL error 'invalid operation' at end of Geometry::drawImplementation().
[01:02:00.327 W] Warning: detected OpenGL error 'invalid operation' at end of Geometry::drawImplementation().
[01:02:00.327 W] Warning: detected OpenGL error 'invalid operation' at end of Geometry::drawImplementation().
[01:02:00.327 W] Warning: detected OpenGL error 'invalid operation' at end of Geometry::drawImplementation().
[01:02:00.327 W] Warning: detected OpenGL error 'invalid operation' at end of Geometry::drawImplementation().
[01:02:00.327 W] Warning: detected OpenGL error 'invalid operation' at end of Geometry::drawImplementation().
[01:02:00.327 W] Warning: detected OpenGL error 'invalid operation' at end of Geometry::drawImplementation().
[01:02:00.327 W] Warning: detected OpenGL error 'invalid operation' at end of Geometry::drawImplementation().
[01:02:00.327 W] Warning: detected OpenGL error 'invalid operation' at end of Geometry::drawImplementation().
[01:02:00.327 W] Warning: detected OpenGL error 'invalid operation' at end of Geometry::drawImplementation().
[01:02:00.327 W] Warning: detected OpenGL error 'invalid operation' at end of Geometry::drawImplementation().
[01:02:00.327 W] Warning: detected OpenGL error 'invalid operation' at end of Geometry::drawImplementation().
[01:02:00.327 W] Warning: detected OpenGL error 'invalid operation' at end of Geometry::drawImplementation().
[01:02:00.327 W] Warning: detected OpenGL error 'invalid operation' at end of Geometry::drawImplementation().
[01:02:00.327 W] Warning: detected OpenGL error 'invalid operation' at end of Geometry::drawImplementation().
[01:02:00.327 W] Warning: detected OpenGL error 'invalid operation' at end of Geometry::drawImplementation().
[01:02:00.327 W] Warning: detected OpenGL error 'invalid operation' at end of Geometry::drawImplementation().
[01:02:00.327 W] Warning: detected OpenGL error 'invalid operation' at end of Geometry::drawImplementation().
[01:02:00.327 W] Warning: detected OpenGL error 'invalid operation' at end of Geometry::drawImplementation().
[01:02:00.327 W] Warning: detected OpenGL error 'invalid operation' at end of Geometry::drawImplementation().
[01:02:00.327 W] Warning: detected OpenGL error 'invalid operation' at end of Geometry::drawImplementation().
[01:02:00.327 W] Warning: detected OpenGL error 'invalid operation' at end of Geometry::drawImplementation().
[01:02:00.327 W] Warning: detected OpenGL error 'invalid operation' at end of Geometry::drawImplementation().
[01:02:00.327 W] Warning: detected OpenGL error 'invalid operation' at end of Geometry::drawImplementation().
[01:02:00.327 W] Warning: detected OpenGL error 'invalid operation' at end of Geometry::drawImplementation().
[01:02:00.327 W] Warning: detected OpenGL error 'invalid operation' at end of Geometry::drawImplementation().
[01:02:00.327 W] Warning: detected OpenGL error 'invalid operation' at end of Geometry::drawImplementation().
[01:02:00.327 W] Warning: detected OpenGL error 'invalid operation' at end of Geometry::drawImplementation().
[01:02:00.327 W] Warning: detected OpenGL error 'invalid operation' at end of Geometry::drawImplementation().
[01:02:00.327 W] Warning: detected OpenGL error 'invalid operation' at end of Geometry::drawImplementation().
[01:02:00.327 W] Warning: detected OpenGL error 'invalid operation' at end of Geometry::drawImplementation().
[01:02:00.327 W] Warning: detected OpenGL error 'invalid operation' at end of Geometry::drawImplementation().
[01:02:00.327 W] Warning: detected OpenGL error 'invalid operation' at end of Geometry::drawImplementation().
[01:02:00.327 W] Warning: detected OpenGL error 'invalid operation' at end of Geometry::drawImplementation().
[01:02:00.327 W] Warning: detected OpenGL error 'invalid operation' at end of Geometry::drawImplementation().
[01:02:00.327 W] Warning: detected OpenGL error 'invalid operation' at end of Geometry::drawImplementation().
[01:02:00.327 W] Warning: detected OpenGL error 'invalid operation' at end of Geometry::drawImplementation().
[01:02:00.327 W] Warning: detected OpenGL error 'invalid operation' at end of Geometry::drawImplementation().
[01:02:00.327 W] Warning: detected OpenGL error 'invalid operation' at end of Geometry::drawImplementation().
[01:02:00.327 W] Warning: detected OpenGL error 'invalid operation' at end of Geometry::drawImplementation().
[01:02:00.327 W] Warning: detected OpenGL error 'invalid operation' at end of Geometry::drawImplementation().
[01:02:00.327 W] Warning: detected OpenGL error 'invalid operation' at end of Geometry::drawImplementation().
[01:02:00.327 W] Warning: detected OpenGL error 'invalid operation' at end of Geometry::drawImplementation().
[01:02:00.327 W] Warning: detected OpenGL error 'invalid operation' at end of Geometry::drawImplementation().
[01:02:00.327 W] Warning: detected OpenGL error 'invalid operation' at end of Geometry::drawImplementation().
[01:02:00.327 W] Warning: detected OpenGL error 'invalid operation' at end of Geometry::drawImplementation().
[01:02:00.327 W] Warning: detected OpenGL error 'invalid operation' at end of Geometry::drawImplementation().
[01:02:00.327 W] Warning: detected OpenGL error 'invalid operation' at end of Geometry::drawImplementation().
[01:02:00.327 W] Warning: detected OpenGL error 'invalid operation' at end of Geometry::drawImplementation().
[01:02:00.327 W] Warning: detected OpenGL error 'invalid operation' at end of Geometry::drawImplementation().
[01:02:00.327 W] Warning: detected OpenGL error 'invalid operation' at end of Geometry::drawImplementation().
[01:02:00.327 W] Warning: detected OpenGL error 'invalid operation' at end of Geometry::drawImplementation().
[01:02:00.328 W] Warning: detected OpenGL error 'invalid operation' at end of Geometry::drawImplementation().
[01:02:00.328 W] Warning: detected OpenGL error 'invalid operation' at end of Geometry::drawImplementation().
[01:02:00.328 W] Warning: detected OpenGL error 'invalid operation' at end of Geometry::drawImplementation().
[01:02:00.328 W] Warning: detected OpenGL error 'invalid operation' at end of Geometry::drawImplementation().
[01:02:00.328 W] Warning: detected OpenGL error 'invalid operation' at end of Geometry::drawImplementation().
[01:02:00.328 W] Warning: detected OpenGL error 'invalid operation' at end of Geometry::drawImplementation().
[01:02:00.328 W] Warning: detected OpenGL error 'invalid operation' at end of Geometry::drawImplementation().
[01:02:00.328 W] Warning: detected OpenGL error 'invalid operation' at end of Geometry::drawImplementation().
[01:02:00.328 W] Warning: detected OpenGL error 'invalid operation' at end of Geometry::drawImplementation().
[01:02:00.328 W] Warning: detected OpenGL error 'invalid operation' at end of Geometry::drawImplementation().
[01:02:00.328 W] Warning: detected OpenGL error 'invalid operation' at end of Geometry::drawImplementation().
[01:02:00.328 W] Warning: detected OpenGL error 'invalid operation' at end of Geometry::drawImplementation().
[01:02:00.328 W] Warning: detected OpenGL error 'invalid operation' at end of Geometry::drawImplementation().
[01:02:00.328 W] Warning: detected OpenGL error 'invalid operation' at end of Geometry::drawImplementation().
[01:02:00.328 W] Warning: detected OpenGL error 'invalid operation' at end of Geometry::drawImplementation().
[01:02:00.328 W] Warning: detected OpenGL error 'invalid operation' at end of Geometry::drawImplementation().
[01:02:00.328 W] Warning: detected OpenGL error 'invalid operation' at end of Geometry::drawImplementation().
[01:02:00.328 W] Warning: detected OpenGL error 'invalid operation' at end of Geometry::drawImplementation().
[01:02:00.328 W] Warning: detected OpenGL error 'invalid operation' at end of Geometry::drawImplementation().
[01:02:00.328 W] Warning: detected OpenGL error 'invalid operation' at end of Geometry::drawImplementation().
[01:02:00.328 W] Warning: detected OpenGL error 'invalid operation' at end of Geometry::drawImplementation().
[01:02:00.328 W] Warning: detected OpenGL error 'invalid operation' at end of Geometry::drawImplementation().
[01:02:00.328 W] Warning: detected OpenGL error 'invalid operation' at end of Geometry::drawImplementation().
[01:02:00.328 W] Warning: detected OpenGL error 'invalid operation' at end of Geometry::drawImplementation().
[01:02:00.328 W] Warning: detected OpenGL error 'invalid operation' at end of Geometry::drawImplementation().
[01:02:00.328 W] Warning: detected OpenGL error 'invalid operation' at end of Geometry::drawImplementation().
[01:02:00.328 W] Warning: detected OpenGL error 'invalid operation' at end of Geometry::drawImplementation().
[01:02:00.328 W] Warning: detected OpenGL error 'invalid operation' at end of Geometry::drawImplementation().
[01:02:00.328 W] Warning: detected OpenGL error 'invalid operation' at end of Geometry::drawImplementation().
[01:02:00.328 W] Warning: detected OpenGL error 'invalid operation' at end of Geometry::drawImplementation().
[01:02:00.328 W] Warning: detected OpenGL error 'invalid operation' at end of Geometry::drawImplementation().
[01:02:00.328 W] Warning: detected OpenGL error 'invalid operation' at end of Geometry::drawImplementation().
[01:02:00.328 W] Warning: detected OpenGL error 'invalid operation' at end of Geometry::drawImplementation().
[01:02:00.328 W] Warning: detected OpenGL error 'invalid operation' at end of Geometry::drawImplementation().
[01:02:00.328 W] Warning: detected OpenGL error 'invalid operation' at end of Geometry::drawImplementation().
[01:02:00.328 W] Warning: detected OpenGL error 'invalid operation' at end of Geometry::drawImplementation().
[01:02:00.328 W] Warning: detected OpenGL error 'invalid operation' at end of Geometry::drawImplementation().
[01:02:00.328 W] Warning: detected OpenGL error 'invalid operation' at end of Geometry::drawImplementation().
[01:02:00.328 W] Warning: detected OpenGL error 'invalid operation' at end of Geometry::drawImplementation().
[01:02:00.328 W] Warning: detected OpenGL error 'invalid operation' at end of Geometry::drawImplementation().
[01:02:00.328 W] Warning: detected OpenGL error 'invalid operation' at end of Geometry::drawImplementation().
[01:02:00.328 W] Warning: detected OpenGL error 'invalid operation' at end of Geometry::drawImplementation().
[01:02:00.328 W] Warning: detected OpenGL error 'invalid operation' at end of Geometry::drawImplementation().
[01:02:00.328 W] Warning: detected OpenGL error 'invalid operation' at end of Geometry::drawImplementation().
[01:02:00.328 W] Warning: detected OpenGL error 'invalid operation' at end of Geometry::drawImplementation().
[01:02:00.328 W] Warning: detected OpenGL error 'invalid operation' at end of Geometry::drawImplementation().
[01:02:00.328 W] Warning: detected OpenGL error 'invalid operation' at end of Geometry::drawImplementation().
[01:02:00.328 W] Warning: detected OpenGL error 'invalid operation' at end of Geometry::drawImplementation().
[01:02:00.328 W] Warning: detected OpenGL error 'invalid operation' at end of Geometry::drawImplementation().
[01:02:00.328 W] Warning: detected OpenGL error 'invalid operation' at end of Geometry::drawImplementation().
[01:02:00.328 W] Warning: detected OpenGL error 'invalid operation' at end of Geometry::drawImplementation().
[01:02:00.328 W] Warning: detected OpenGL error 'invalid operation' at end of Geometry::drawImplementation().
[01:02:00.328 W] Warning: detected OpenGL error 'invalid operation' at end of Geometry::drawImplementation().
[01:02:00.328 W] Warning: detected OpenGL error 'invalid operation' at end of Geometry::drawImplementation().
[01:02:00.328 W] Warning: detected OpenGL error 'invalid operation' at end of Geometry::drawImplementation().
[01:02:00.328 W] Warning: detected OpenGL error 'invalid operation' at end of Geometry::drawImplementation().
[01:02:00.328 W] Warning: detected OpenGL error 'invalid operation' at end of Geometry::drawImplementation().
[01:02:00.328 W] Warning: detected OpenGL error 'invalid operation' at end of Geometry::drawImplementation().
[01:02:00.328 W] Warning: detected OpenGL error 'invalid operation' at end of Geometry::drawImplementation().
[01:02:00.328 W] Warning: detected OpenGL error 'invalid operation' at end of Geometry::drawImplementation().
[01:02:00.328 W] Warning: detected OpenGL error 'invalid operation' at end of Geometry::drawImplementation().
[01:02:00.328 W] Warning: detected OpenGL error 'invalid operation' at end of Geometry::drawImplementation().
[01:02:00.328 W] Warning: detected OpenGL error 'invalid operation' at end of Geometry::drawImplementation().
[01:02:00.328 W] Warning: detected OpenGL error 'invalid operation' at end of Geometry::drawImplementation().
[01:02:00.328 W] Warning: detected OpenGL error 'invalid operation' at end of Geometry::drawImplementation().
[01:02:00.328 W] Warning: detected OpenGL error 'invalid operation' at end of Geometry::drawImplementation().
[01:02:00.328 W] Warning: detected OpenGL error 'invalid operation' at end of Geometry::drawImplementation().
[01:02:00.328 W] Warning: detected OpenGL error 'invalid operation' at end of Geometry::drawImplementation().
[01:02:00.328 W] Warning: detected OpenGL error 'invalid operation' at end of Geometry::drawImplementation().
[01:02:00.328 W] Warning: detected OpenGL error 'invalid operation' at end of Geometry::drawImplementation().
[01:02:00.328 W] Warning: detected OpenGL error 'invalid operation' at end of Geometry::drawImplementation().
[01:02:00.328 W] Warning: detected OpenGL error 'invalid operation' at end of Geometry::drawImplementation().
[01:02:00.328 W] Warning: detected OpenGL error 'invalid operation' at end of Geometry::drawImplementation().
[01:02:00.328 W] Warning: detected OpenGL error 'invalid operation' at end of Geometry::drawImplementation().
[01:02:00.328 W] Warning: detected OpenGL error 'invalid operation' at end of Geometry::drawImplementation().
[01:02:00.328 W] Warning: detected OpenGL error 'invalid operation' at end of Geometry::drawImplementation().
[01:02:00.328 W] Warning: detected OpenGL error 'invalid operation' at end of Geometry::drawImplementation().
[01:02:00.328 W] Warning: detected OpenGL error 'invalid operation' at end of Geometry::drawImplementation().
[01:02:00.328 W] Warning: detected OpenGL error 'invalid operation' at end of Geometry::drawImplementation().
[01:02:00.328 W] Warning: detected OpenGL error 'invalid operation' at end of Geometry::drawImplementation().
[01:02:00.328 W] Warning: detected OpenGL error 'invalid operation' at end of Geometry::drawImplementation().
[01:02:00.328 W] Warning: detected OpenGL error 'invalid operation' at end of Geometry::drawImplementation().
[01:02:00.328 W] Warning: detected OpenGL error 'invalid operation' at end of Geometry::drawImplementation().
[01:02:00.328 W] Warning: detected OpenGL error 'invalid operation' at end of Geometry::drawImplementation().
[01:02:00.328 W] Warning: detected OpenGL error 'invalid operation' at end of Geometry::drawImplementation().
[01:02:00.328 W] Warning: detected OpenGL error 'invalid operation' at end of Geometry::drawImplementation().
[01:02:00.328 W] Warning: detected OpenGL error 'invalid operation' at end of Geometry::drawImplementation().
[01:02:00.328 W] Warning: detected OpenGL error 'invalid operation' at end of Geometry::drawImplementation().
[01:02:00.328 W] Warning: detected OpenGL error 'invalid operation' at end of Geometry::drawImplementation().
[01:02:00.328 W] Warning: detected OpenGL error 'invalid operation' at end of Geometry::drawImplementation().
[01:02:00.328 W] Warning: detected OpenGL error 'invalid operation' at end of Geometry::drawImplementation().
[01:02:00.328 W] Warning: detected OpenGL error 'invalid operation' at end of Geometry::drawImplementation().
[01:02:00.328 W] Warning: detected OpenGL error 'invalid operation' at end of Geometry::drawImplementation().
[01:02:00.328 W] Warning: detected OpenGL error 'invalid operation' at end of Geometry::drawImplementation().
[01:02:00.328 W] Warning: detected OpenGL error 'invalid operation' at end of Geometry::drawImplementation().
[01:02:00.328 W] Warning: detected OpenGL error 'invalid operation' at end of Geometry::drawImplementation().
[01:02:00.328 W] Warning: detected OpenGL error 'invalid operation' at end of Geometry::drawImplementation().
[01:02:00.328 W] Warning: detected OpenGL error 'invalid operation' at end of Geometry::drawImplementation().
[01:02:00.328 W] Warning: detected OpenGL error 'invalid operation' at end of Geometry::drawImplementation().
[01:02:00.328 W] Warning: detected OpenGL error 'invalid operation' at end of Geometry::drawImplementation().
[01:02:00.328 W] Warning: detected OpenGL error 'invalid operation' at end of Geometry::drawImplementation().
[01:02:00.328 W] Warning: detected OpenGL error 'invalid operation' at end of Geometry::drawImplementation().
[01:02:00.328 W] Warning: detected OpenGL error 'invalid operation' at end of Geometry::drawImplementation().
[01:02:00.328 W] Warning: detected OpenGL error 'invalid operation' at end of Geometry::drawImplementation().
[01:02:00.328 W] Warning: detected OpenGL error 'invalid operation' at end of Geometry::drawImplementation().
[01:02:00.328 W] Warning: detected OpenGL error 'invalid operation' at end of Geometry::drawImplementation().
[01:02:00.328 W] Warning: detected OpenGL error 'invalid operation' at end of Geometry::drawImplementation().
[01:02:00.328 W] Warning: detected OpenGL error 'invalid operation' at end of Geometry::drawImplementation().
[01:02:00.328 W] Warning: detected OpenGL error 'invalid operation' at end of Geometry::drawImplementation().
[01:02:00.328 W] Warning: detected OpenGL error 'invalid operation' at end of Geometry::drawImplementation().
[01:02:00.328 W] Warning: detected OpenGL error 'invalid operation' at end of Geometry::drawImplementation().
[01:02:00.328 W] Warning: detected OpenGL error 'invalid operation' at end of Geometry::drawImplementation().
[01:02:00.328 W] Warning: detected OpenGL error 'invalid operation' at end of Geometry::drawImplementation().
[01:02:00.328 W] Warning: detected OpenGL error 'invalid operation' at end of Geometry::drawImplementation().
[01:02:00.328 W] Warning: detected OpenGL error 'invalid operation' at end of Geometry::drawImplementation().
[01:02:00.328 W] Warning: detected OpenGL error 'invalid operation' at end of Geometry::drawImplementation().
[01:02:00.328 W] Warning: detected OpenGL error 'invalid operation' at end of Geometry::drawImplementation().
[01:02:00.328 W] Warning: detected OpenGL error 'invalid operation' at end of Geometry::drawImplementation().
[01:02:00.328 W] Warning: detected OpenGL error 'invalid operation' at end of Geometry::drawImplementation().
[01:02:00.328 W] Warning: detected OpenGL error 'invalid operation' at end of Geometry::drawImplementation().
[01:02:00.328 W] Warning: detected OpenGL error 'invalid operation' at end of Geometry::drawImplementation().
[01:02:00.328 W] Warning: detected OpenGL error 'invalid operation' at end of Geometry::drawImplementation().
[01:02:00.328 W] Warning: detected OpenGL error 'invalid operation' at end of Geometry::drawImplementation().
[01:02:00.328 W] Warning: detected OpenGL error 'invalid operation' at end of Geometry::drawImplementation().
[01:02:00.328 W] Warning: detected OpenGL error 'invalid operation' at end of Geometry::drawImplementation().
[01:02:00.328 W] Warning: detected OpenGL error 'invalid operation' at end of Geometry::drawImplementation().
[01:02:00.328 W] Warning: detected OpenGL error 'invalid operation' at end of Geometry::drawImplementation().
[01:02:00.328 W] Warning: detected OpenGL error 'invalid operation' at end of Geometry::drawImplementation().
[01:02:00.328 W] Warning: detected OpenGL error 'invalid operation' at end of Geometry::drawImplementation().
[01:02:00.328 W] Warning: detected OpenGL error 'invalid operation' at end of Geometry::drawImplementation().
[01:02:00.328 W] Warning: detected OpenGL error 'invalid operation' at end of Geometry::drawImplementation().
[01:02:00.328 W] Warning: detected OpenGL error 'invalid operation' at end of Geometry::drawImplementation().
[01:02:00.328 W] Warning: detected OpenGL error 'invalid operation' at end of Geometry::drawImplementation().
[01:02:00.328 W] Warning: detected OpenGL error 'invalid operation' at end of Geometry::drawImplementation().
[01:02:00.328 W] Warning: detected OpenGL error 'invalid operation' at end of Geometry::drawImplementation().
[01:02:00.328 W] Warning: detected OpenGL error 'invalid operation' at end of Geometry::drawImplementation().
[01:02:00.328 W] Warning: detected OpenGL error 'invalid operation' at end of Geometry::drawImplementation().
[01:02:00.328 W] Warning: detected OpenGL error 'invalid operation' at end of Geometry::drawImplementation().
[01:02:00.328 W] Warning: detected OpenGL error 'invalid operation' at end of Geometry::drawImplementation().
[01:02:00.328 W] Warning: detected OpenGL error 'invalid operation' at end of Geometry::drawImplementation().
[01:02:00.328 W] Warning: detected OpenGL error 'invalid operation' at end of Geometry::drawImplementation().
[01:02:00.328 W] Warning: detected OpenGL error 'invalid operation' at end of Geometry::drawImplementation().
[01:02:00.328 W] Warning: detected OpenGL error 'invalid operation' at end of Geometry::drawImplementation().
[01:02:00.328 W] Warning: detected OpenGL error 'invalid operation' at end of Geometry::drawImplementation().
[01:02:00.328 W] Warning: detected OpenGL error 'invalid operation' at end of Geometry::drawImplementation().
[01:02:00.328 W] Warning: detected OpenGL error 'invalid operation' at end of Geometry::drawImplementation().
[01:02:00.328 W] Warning: detected OpenGL error 'invalid operation' at end of Geometry::drawImplementation().
[01:02:00.328 W] Warning: detected OpenGL error 'invalid operation' at end of Geometry::drawImplementation().
[01:02:00.328 W] Warning: detected OpenGL error 'invalid operation' at end of Geometry::drawImplementation().
[01:02:00.328 W] Warning: detected OpenGL error 'invalid operation' at end of Geometry::drawImplementation().
[01:02:00.328 W] Warning: detected OpenGL error 'invalid operation' at end of Geometry::drawImplementation().
[01:02:00.328 W] Warning: detected OpenGL error 'invalid operation' at end of Geometry::drawImplementation().
[01:02:00.328 W] Warning: detected OpenGL error 'invalid operation' at end of Geometry::drawImplementation().
[01:02:00.328 W] Warning: detected OpenGL error 'invalid operation' at end of Geometry::drawImplementation().
[01:02:00.328 W] Warning: detected OpenGL error 'invalid operation' at end of Geometry::drawImplementation().
[01:02:00.328 W] Warning: detected OpenGL error 'invalid operation' at end of Geometry::drawImplementation().
[01:02:00.328 W] Warning: detected OpenGL error 'invalid operation' at end of Geometry::drawImplementation().
[01:02:00.328 W] Warning: detected OpenGL error 'invalid operation' at end of Geometry::drawImplementation().
[01:02:00.328 W] Warning: detected OpenGL error 'invalid operation' at end of Geometry::drawImplementation().
[01:02:00.328 W] Warning: detected OpenGL error 'invalid operation' at end of Geometry::drawImplementation().
[01:02:00.328 W] Warning: detected OpenGL error 'invalid operation' at end of Geometry::drawImplementation().
[01:02:00.328 W] Warning: detected OpenGL error 'invalid operation' at end of Geometry::drawImplementation().
[01:02:00.328 W] Warning: detected OpenGL error 'invalid operation' at end of Geometry::drawImplementation().
[01:02:00.328 W] Warning: detected OpenGL error 'invalid operation' at end of Geometry::drawImplementation().
[01:02:00.328 W] Warning: detected OpenGL error 'invalid operation' at end of Geometry::drawImplementation().
[01:02:00.328 W] Warning: detected OpenGL error 'invalid operation' at end of Geometry::drawImplementation().
[01:02:00.328 W] Warning: detected OpenGL error 'invalid operation' at end of Geometry::drawImplementation().
[01:02:00.328 W] Warning: detected OpenGL error 'invalid operation' at end of Geometry::drawImplementation().
[01:02:00.328 W] Warning: detected OpenGL error 'invalid operation' at end of Geometry::drawImplementation().
[01:02:00.329 W] Warning: detected OpenGL error 'invalid operation' at end of Geometry::drawImplementation().
[01:02:00.329 W] Warning: detected OpenGL error 'invalid operation' at end of Geometry::drawImplementation().
[01:02:00.329 W] Warning: detected OpenGL error 'invalid operation' at end of Geometry::drawImplementation().
[01:02:00.329 W] Warning: detected OpenGL error 'invalid operation' at end of Geometry::drawImplementation().
[01:02:00.329 W] Warning: detected OpenGL error 'invalid operation' at end of Geometry::drawImplementation().
[01:02:00.329 W] Warning: detected OpenGL error 'invalid operation' at end of Geometry::drawImplementation().
[01:02:00.329 W] Warning: detected OpenGL error 'invalid operation' at end of Geometry::drawImplementation().
[01:02:00.329 W] Warning: detected OpenGL error 'invalid operation' at end of Geometry::drawImplementation().
[01:02:00.329 W] Warning: detected OpenGL error 'invalid operation' at end of Geometry::drawImplementation().
[01:02:00.329 W] Warning: detected OpenGL error 'invalid operation' at end of Geometry::drawImplementation().
[01:02:00.329 W] Warning: detected OpenGL error 'invalid operation' at end of Geometry::drawImplementation().
[01:02:00.329 W] Warning: detected OpenGL error 'invalid operation' at end of Geometry::drawImplementation().
[01:02:00.329 W] Warning: detected OpenGL error 'invalid operation' at end of Geometry::drawImplementation().
[01:02:00.329 W] Warning: detected OpenGL error 'invalid operation' at end of Geometry::drawImplementation().
[01:02:00.329 W] Warning: detected OpenGL error 'invalid operation' at end of Geometry::drawImplementation().
[01:02:00.329 W] Warning: detected OpenGL error 'invalid operation' at end of Geometry::drawImplementation().
[01:02:00.329 W] Warning: detected OpenGL error 'invalid operation' at end of Geometry::drawImplementation().
[01:02:00.329 W] Warning: detected OpenGL error 'invalid operation' at end of Geometry::drawImplementation().
[01:02:00.329 W] Warning: detected OpenGL error 'invalid operation' at end of Geometry::drawImplementation().
[01:02:00.329 W] Warning: detected OpenGL error 'invalid operation' at end of Geometry::drawImplementation().
[01:02:00.329 W] Warning: detected OpenGL error 'invalid operation' at end of Geometry::drawImplementation().
[01:02:00.329 W] Warning: detected OpenGL error 'invalid operation' at end of Geometry::drawImplementation().
[01:02:00.329 W] Warning: detected OpenGL error 'invalid operation' at end of Geometry::drawImplementation().
[01:02:00.329 W] Warning: detected OpenGL error 'invalid operation' at end of Geometry::drawImplementation().
[01:02:00.329 W] Warning: detected OpenGL error 'invalid operation' at end of Geometry::drawImplementation().
[01:02:00.329 W] Warning: detected OpenGL error 'invalid operation' at end of Geometry::drawImplementation().
[01:02:00.329 W] Warning: detected OpenGL error 'invalid operation' at end of Geometry::drawImplementation().
[01:02:00.329 W] Warning: detected OpenGL error 'invalid operation' at end of Geometry::drawImplementation().
[01:02:00.329 W] Warning: detected OpenGL error 'invalid operation' at end of Geometry::drawImplementation().
[01:02:00.329 W] Warning: detected OpenGL error 'invalid operation' at end of Geometry::drawImplementation().
[01:02:00.329 W] Warning: detected OpenGL error 'invalid operation' at end of Geometry::drawImplementation().
[01:02:00.329 W] Warning: detected OpenGL error 'invalid operation' at end of Geometry::drawImplementation().
[01:02:00.329 W] Warning: detected OpenGL error 'invalid operation' at end of Geometry::drawImplementation().
[01:02:00.329 W] Warning: detected OpenGL error 'invalid operation' at end of Geometry::drawImplementation().
[01:02:00.329 W] Warning: detected OpenGL error 'invalid operation' at end of Geometry::drawImplementation().
[01:02:00.329 W] Warning: detected OpenGL error 'invalid operation' at end of Geometry::drawImplementation().
[01:02:00.329 W] Warning: detected OpenGL error 'invalid operation' at end of Geometry::drawImplementation().
[01:02:00.329 W] Warning: detected OpenGL error 'invalid operation' at end of Geometry::drawImplementation().
[01:02:00.329 W] Warning: detected OpenGL error 'invalid operation' at end of Geometry::drawImplementation().
[01:02:00.329 W] Warning: detected OpenGL error 'invalid operation' at end of Geometry::drawImplementation().
[01:02:00.329 W] Warning: detected OpenGL error 'invalid operation' at end of Geometry::drawImplementation().
[01:02:00.329 W] Warning: detected OpenGL error 'invalid operation' at end of Geometry::drawImplementation().
[01:02:00.329 W] Warning: detected OpenGL error 'invalid operation' at end of Geometry::drawImplementation().
[01:02:00.329 W] Warning: detected OpenGL error 'invalid operation' at end of Geometry::drawImplementation().
[01:02:00.329 W] Warning: detected OpenGL error 'invalid operation' at end of Geometry::drawImplementation().
[01:02:00.329 W] Warning: detected OpenGL error 'invalid operation' at end of Geometry::drawImplementation().
[01:02:00.329 W] Warning: detected OpenGL error 'invalid operation' at end of Geometry::drawImplementation().
[01:02:00.329 W] Warning: detected OpenGL error 'invalid operation' at end of Geometry::drawImplementation().
[01:02:00.329 W] Warning: detected OpenGL error 'invalid operation' at end of Geometry::drawImplementation().
[01:02:00.329 W] Warning: detected OpenGL error 'invalid operation' at end of Geometry::drawImplementation().
[01:02:00.329 W] Warning: detected OpenGL error 'invalid operation' at end of Geometry::drawImplementation().
[01:02:00.329 W] Warning: detected OpenGL error 'invalid operation' at end of Geometry::drawImplementation().
[01:02:00.329 W] Warning: detected OpenGL error 'invalid operation' at end of Geometry::drawImplementation().
[01:02:00.329 W] Warning: detected OpenGL error 'invalid operation' at end of Geometry::drawImplementation().
[01:02:00.329 W] Warning: detected OpenGL error 'invalid operation' at end of Geometry::drawImplementation().
[01:02:00.329 W] Warning: detected OpenGL error 'invalid operation' at end of Geometry::drawImplementation().
[01:02:00.329 W] Warning: detected OpenGL error 'invalid operation' at end of Geometry::drawImplementation().
[01:02:00.329 W] Warning: detected OpenGL error 'invalid operation' at end of Geometry::drawImplementation().
[01:02:00.329 W] Warning: detected OpenGL error 'invalid operation' at end of Geometry::drawImplementation().
[01:02:00.329 W] Warning: detected OpenGL error 'invalid operation' at end of Geometry::drawImplementation().
[01:02:00.329 W] Warning: detected OpenGL error 'invalid operation' at end of Geometry::drawImplementation().
[01:02:00.329 W] Warning: detected OpenGL error 'invalid operation' at end of Geometry::drawImplementation().
[01:02:00.329 W] Warning: detected OpenGL error 'invalid operation' at end of Geometry::drawImplementation().
[01:02:00.329 W] Warning: detected OpenGL error 'invalid operation' at end of Geometry::drawImplementation().
[01:02:00.329 W] Warning: detected OpenGL error 'invalid operation' at end of Geometry::drawImplementation().
[01:02:00.329 W] Warning: detected OpenGL error 'invalid operation' at end of Geometry::drawImplementation().
[01:02:00.329 W] Warning: detected OpenGL error 'invalid operation' at end of Geometry::drawImplementation().
[01:02:00.329 W] Warning: detected OpenGL error 'invalid operation' at end of Geometry::drawImplementation().
[01:02:00.329 W] Warning: detected OpenGL error 'invalid operation' at end of Geometry::drawImplementation().
[01:02:00.329 W] Warning: detected OpenGL error 'invalid operation' at end of Geometry::drawImplementation().
[01:02:00.329 W] Warning: detected OpenGL error 'invalid operation' at end of Geometry::drawImplementation().
[01:02:00.329 W] Warning: detected OpenGL error 'invalid operation' at end of Geometry::drawImplementation().
[01:02:00.329 W] Warning: detected OpenGL error 'invalid operation' at end of Geometry::drawImplementation().
[01:02:00.329 W] Warning: detected OpenGL error 'invalid operation' at end of Geometry::drawImplementation().
[01:02:00.329 W] Warning: detected OpenGL error 'invalid operation' at end of Geometry::drawImplementation().
[01:02:00.329 W] Warning: detected OpenGL error 'invalid operation' at end of Geometry::drawImplementation().
[01:02:00.329 W] Warning: detected OpenGL error 'invalid operation' at end of Geometry::drawImplementation().
[01:02:00.329 W] Warning: detected OpenGL error 'invalid operation' at end of Geometry::drawImplementation().
[01:02:00.329 W] Warning: detected OpenGL error 'invalid operation' at end of Geometry::drawImplementation().
[01:02:00.329 W] Warning: detected OpenGL error 'invalid operation' at end of Geometry::drawImplementation().
[01:02:00.329 W] Warning: detected OpenGL error 'invalid operation' at end of Geometry::drawImplementation().
[01:02:00.329 W] Warning: detected OpenGL error 'invalid operation' at end of Geometry::drawImplementation().
[01:02:00.329 W] Warning: detected OpenGL error 'invalid operation' at end of Geometry::drawImplementation().
[01:02:00.329 W] Warning: detected OpenGL error 'invalid operation' at end of Geometry::drawImplementation().
[01:02:00.329 W] Warning: detected OpenGL error 'invalid operation' at end of Geometry::drawImplementation().
[01:02:00.329 W] Warning: detected OpenGL error 'invalid operation' at end of Geometry::drawImplementation().
[01:02:00.329 W] Warning: detected OpenGL error 'invalid operation' at end of Geometry::drawImplementation().
[01:02:00.329 W] Warning: detected OpenGL error 'invalid operation' at end of Geometry::drawImplementation().
[01:02:00.329 W] Warning: detected OpenGL error 'invalid operation' at end of Geometry::drawImplementation().
[01:02:00.329 W] Warning: detected OpenGL error 'invalid operation' at end of Geometry::drawImplementation().
[01:02:00.329 W] Warning: detected OpenGL error 'invalid operation' at end of Geometry::drawImplementation().
[01:02:00.329 W] Warning: detected OpenGL error 'invalid operation' at end of Geometry::drawImplementation().
[01:02:00.329 W] Warning: detected OpenGL error 'invalid operation' at end of Geometry::drawImplementation().
[01:02:00.329 W] Warning: detected OpenGL error 'invalid operation' at end of Geometry::drawImplementation().
[01:02:00.329 W] Warning: detected OpenGL error 'invalid operation' at end of Geometry::drawImplementation().
[01:02:00.329 W] Warning: detected OpenGL error 'invalid operation' at end of Geometry::drawImplementation().
[01:02:00.329 W] Warning: detected OpenGL error 'invalid operation' at end of Geometry::drawImplementation().
[01:02:00.329 W] Warning: detected OpenGL error 'invalid operation' at end of Geometry::drawImplementation().
[01:02:00.329 W] Warning: detected OpenGL error 'invalid operation' at end of Geometry::drawImplementation().
[01:02:00.329 W] Warning: detected OpenGL error 'invalid operation' at end of Geometry::drawImplementation().
[01:02:00.329 W] Warning: detected OpenGL error 'invalid operation' at end of Geometry::drawImplementation().
[01:02:00.329 W] Warning: detected OpenGL error 'invalid operation' at end of Geometry::drawImplementation().
[01:02:00.329 W] Warning: detected OpenGL error 'invalid operation' at end of Geometry::drawImplementation().
[01:02:00.329 W] Warning: detected OpenGL error 'invalid operation' at end of Geometry::drawImplementation().
[01:02:00.329 W] Warning: detected OpenGL error 'invalid operation' at end of Geometry::drawImplementation().
[01:02:00.329 W] Warning: detected OpenGL error 'invalid operation' at end of Geometry::drawImplementation().
[01:02:00.329 W] Warning: detected OpenGL error 'invalid operation' at end of Geometry::drawImplementation().
[01:02:00.329 W] Warning: detected OpenGL error 'invalid operation' at end of Geometry::drawImplementation().
[01:02:00.329 W] Warning: detected OpenGL error 'invalid operation' at end of Geometry::drawImplementation().
[01:02:00.329 W] Warning: detected OpenGL error 'invalid operation' at end of Geometry::drawImplementation().
[01:02:00.329 W] Warning: detected OpenGL error 'invalid operation' at end of Geometry::drawImplementation().
[01:02:00.329 W] Warning: detected OpenGL error 'invalid operation' at end of Geometry::drawImplementation().
[01:02:00.329 W] Warning: detected OpenGL error 'invalid operation' at end of Geometry::drawImplementation().
[01:02:00.329 W] Warning: detected OpenGL error 'invalid operation' at end of Geometry::drawImplementation().
[01:02:00.329 W] Warning: detected OpenGL error 'invalid operation' at end of Geometry::drawImplementation().
[01:02:00.329 W] Warning: detected OpenGL error 'invalid operation' at end of Geometry::drawImplementation().
[01:02:00.329 W] Warning: detected OpenGL error 'invalid operation' at end of Geometry::drawImplementation().
[01:02:00.329 W] Warning: detected OpenGL error 'invalid operation' at end of Geometry::drawImplementation().
[01:02:00.329 W] Warning: detected OpenGL error 'invalid operation' at end of Geometry::drawImplementation().
[01:02:00.329 W] Warning: detected OpenGL error 'invalid operation' at end of Geometry::drawImplementation().
[01:02:00.329 W] Warning: detected OpenGL error 'invalid operation' at end of Geometry::drawImplementation().
[01:02:00.329 W] Warning: detected OpenGL error 'invalid operation' at end of Geometry::drawImplementation().
[01:02:00.329 W] Warning: detected OpenGL error 'invalid operation' at end of Geometry::drawImplementation().
[01:02:00.329 W] Warning: detected OpenGL error 'invalid operation' at end of Geometry::drawImplementation().
[01:02:00.329 W] Warning: detected OpenGL error 'invalid operation' at end of Geometry::drawImplementation().
[01:02:00.329 W] Warning: detected OpenGL error 'invalid operation' at end of Geometry::drawImplementation().
[01:02:00.329 W] Warning: detected OpenGL error 'invalid operation' at end of Geometry::drawImplementation().
[01:02:00.329 W] Warning: detected OpenGL error 'invalid operation' at end of Geometry::drawImplementation().
[01:02:00.329 W] Warning: detected OpenGL error 'invalid operation' at end of Geometry::drawImplementation().
[01:02:00.329 W] Warning: detected OpenGL error 'invalid operation' at end of Geometry::drawImplementation().
[01:02:00.329 W] Warning: detected OpenGL error 'invalid operation' at end of Geometry::drawImplementation().
[01:02:00.329 W] Warning: detected OpenGL error 'invalid operation' at end of Geometry::drawImplementation().
[01:02:00.329 W] Warning: detected OpenGL error 'invalid operation' at end of Geometry::drawImplementation().
[01:02:00.329 W] Warning: detected OpenGL error 'invalid operation' at end of Geometry::drawImplementation().
[01:02:00.329 W] Warning: detected OpenGL error 'invalid operation' at end of Geometry::drawImplementation().
[01:02:00.329 W] Warning: detected OpenGL error 'invalid operation' at end of Geometry::drawImplementation().
[01:02:00.329 W] Warning: detected OpenGL error 'invalid operation' at end of Geometry::drawImplementation().
[01:02:00.329 W] Warning: detected OpenGL error 'invalid operation' at end of Geometry::drawImplementation().
[01:02:00.329 W] Warning: detected OpenGL error 'invalid operation' at end of Geometry::drawImplementation().
[01:02:00.329 W] Warning: detected OpenGL error 'invalid operation' at end of Geometry::drawImplementation().
[01:02:00.329 W] Warning: detected OpenGL error 'invalid operation' at end of Geometry::drawImplementation().
[01:02:00.329 W] Warning: detected OpenGL error 'invalid operation' at end of Geometry::drawImplementation().
[01:02:00.329 W] Warning: detected OpenGL error 'invalid operation' at end of Geometry::drawImplementation().
[01:02:00.329 W] Warning: detected OpenGL error 'invalid operation' at end of Geometry::drawImplementation().
[01:02:00.329 W] Warning: detected OpenGL error 'invalid operation' at end of Geometry::drawImplementation().
[01:02:00.329 W] Warning: detected OpenGL error 'invalid operation' at end of Geometry::drawImplementation().
[01:02:00.329 W] Warning: detected OpenGL error 'invalid operation' at end of Geometry::drawImplementation().
[01:02:00.329 W] Warning: detected OpenGL error 'invalid operation' at end of Geometry::drawImplementation().
[01:02:00.329 W] Warning: detected OpenGL error 'invalid operation' at end of Geometry::drawImplementation().
[01:02:00.329 W] Warning: detected OpenGL error 'invalid operation' at end of Geometry::drawImplementation().
[01:02:00.329 W] Warning: detected OpenGL error 'invalid operation' at end of Geometry::drawImplementation().
[01:02:00.329 W] Warning: detected OpenGL error 'invalid operation' at end of Geometry::drawImplementation().
[01:02:00.329 W] Warning: detected OpenGL error 'invalid operation' at end of Geometry::drawImplementation().
[01:02:00.329 W] Warning: detected OpenGL error 'invalid operation' at end of Geometry::drawImplementation().
[01:02:00.329 W] Warning: detected OpenGL error 'invalid operation' at end of Geometry::drawImplementation().
[01:02:00.329 W] Warning: detected OpenGL error 'invalid operation' at end of Geometry::drawImplementation().
[01:02:00.329 W] Warning: detected OpenGL error 'invalid operation' at end of Geometry::drawImplementation().
[01:02:00.329 W] Warning: detected OpenGL error 'invalid operation' at end of Geometry::drawImplementation().
[01:02:00.329 W] Warning: detected OpenGL error 'invalid operation' at end of Geometry::drawImplementation().
[01:02:00.329 W] Warning: detected OpenGL error 'invalid operation' at end of Geometry::drawImplementation().
[01:02:00.329 W] Warning: detected OpenGL error 'invalid operation' at end of Geometry::drawImplementation().
[01:02:00.329 W] Warning: detected OpenGL error 'invalid operation' at end of Geometry::drawImplementation().
[01:02:00.329 W] Warning: detected OpenGL error 'invalid operation' at end of Geometry::drawImplementation().
[01:02:00.329 W] Warning: detected OpenGL error 'invalid operation' at end of Geometry::drawImplementation().
[01:02:00.329 W] Warning: detected OpenGL error 'invalid operation' at end of Geometry::drawImplementation().
[01:02:00.329 W] Warning: detected OpenGL error 'invalid operation' at end of Geometry::drawImplementation().
[01:02:00.329 W] Warning: detected OpenGL error 'invalid operation' at end of Geometry::drawImplementation().
[01:02:00.329 W] Warning: detected OpenGL error 'invalid operation' at end of Geometry::drawImplementation().
[01:02:00.329 W] Warning: detected OpenGL error 'invalid operation' at end of Geometry::drawImplementation().
[01:02:00.329 W] Warning: detected OpenGL error 'invalid operation' at end of Geometry::drawImplementation().
[01:02:00.329 W] Warning: detected OpenGL error 'invalid operation' at end of Geometry::drawImplementation().
[01:02:00.329 W] Warning: detected OpenGL error 'invalid operation' at end of Geometry::drawImplementation().
[01:02:00.329 W] Warning: detected OpenGL error 'invalid operation' at end of Geometry::drawImplementation().
[01:02:00.329 W] Warning: detected OpenGL error 'invalid operation' at end of Geometry::drawImplementation().
[01:02:00.329 W] Warning: detected OpenGL error 'invalid operation' at end of Geometry::drawImplementation().
[01:02:00.329 W] Warning: detected OpenGL error 'invalid operation' at end of Geometry::drawImplementation().
[01:02:00.329 W] Warning: detected OpenGL error 'invalid operation' at end of Geometry::drawImplementation().
[01:02:00.329 W] Warning: detected OpenGL error 'invalid operation' at end of Geometry::drawImplementation().
[01:02:00.329 W] Warning: detected OpenGL error 'invalid operation' at end of Geometry::drawImplementation().
[01:02:00.329 W] Warning: detected OpenGL error 'invalid operation' at end of Geometry::drawImplementation().
[01:02:00.330 W] Warning: detected OpenGL error 'invalid operation' at end of Geometry::drawImplementation().
[01:02:00.330 W] Warning: detected OpenGL error 'invalid operation' at end of Geometry::drawImplementation().
[01:02:00.330 W] Warning: detected OpenGL error 'invalid operation' at end of Geometry::drawImplementation().
[01:02:00.330 W] Warning: detected OpenGL error 'invalid operation' at end of Geometry::drawImplementation().
[01:02:00.330 W] Warning: detected OpenGL error 'invalid operation' at end of Geometry::drawImplementation().
[01:02:00.330 W] Warning: detected OpenGL error 'invalid operation' at end of Geometry::drawImplementation().
[01:02:00.330 W] Warning: detected OpenGL error 'invalid operation' at end of Geometry::drawImplementation().
[01:02:00.330 W] Warning: detected OpenGL error 'invalid operation' at end of Geometry::drawImplementation().
[01:02:00.330 W] Warning: detected OpenGL error 'invalid operation' at end of Geometry::drawImplementation().
[01:02:00.330 W] Warning: detected OpenGL error 'invalid operation' at end of Geometry::drawImplementation().
[01:02:00.330 W] Warning: detected OpenGL error 'invalid operation' at end of Geometry::drawImplementation().
[01:02:00.330 W] Warning: detected OpenGL error 'invalid operation' at end of Geometry::drawImplementation().
[01:02:00.330 W] Warning: detected OpenGL error 'invalid operation' at end of Geometry::drawImplementation().
[01:02:00.330 W] Warning: detected OpenGL error 'invalid operation' at end of Geometry::drawImplementation().
[01:02:00.330 W] Warning: detected OpenGL error 'invalid operation' at end of Geometry::drawImplementation().
[01:02:00.330 W] Warning: detected OpenGL error 'invalid operation' at end of Geometry::drawImplementation().
[01:02:00.330 W] Warning: detected OpenGL error 'invalid operation' at end of Geometry::drawImplementation().
[01:02:00.330 W] Warning: detected OpenGL error 'invalid operation' at end of Geometry::drawImplementation().
[01:02:00.330 W] Warning: detected OpenGL error 'invalid operation' at end of Geometry::drawImplementation().
[01:02:00.330 W] Warning: detected OpenGL error 'invalid operation' at end of Geometry::drawImplementation().
[01:02:00.330 W] Warning: detected OpenGL error 'invalid operation' at end of Geometry::drawImplementation().
[01:02:00.330 W] Warning: detected OpenGL error 'invalid operation' at end of Geometry::drawImplementation().
[01:02:00.330 W] Warning: detected OpenGL error 'invalid operation' at end of Geometry::drawImplementation().
[01:02:00.330 W] Warning: detected OpenGL error 'invalid operation' at end of Geometry::drawImplementation().
[01:02:00.330 W] Warning: detected OpenGL error 'invalid operation' at end of Geometry::drawImplementation().
[01:02:00.330 W] Warning: detected OpenGL error 'invalid operation' at end of Geometry::drawImplementation().
[01:02:00.330 W] Warning: detected OpenGL error 'invalid operation' at end of Geometry::drawImplementation().
[01:02:00.330 W] Warning: detected OpenGL error 'invalid operation' at end of Geometry::drawImplementation().
[01:02:00.330 W] Warning: detected OpenGL error 'invalid operation' at end of Geometry::drawImplementation().
[01:02:00.330 W] Warning: detected OpenGL error 'invalid operation' at end of Geometry::drawImplementation().
[01:02:00.330 W] Warning: detected OpenGL error 'invalid operation' at end of Geometry::drawImplementation().
[01:02:00.330 W] Warning: detected OpenGL error 'invalid operation' at end of Geometry::drawImplementation().
[01:02:00.330 W] Warning: detected OpenGL error 'invalid operation' at end of Geometry::drawImplementation().
[01:02:00.330 W] Warning: detected OpenGL error 'invalid operation' at end of Geometry::drawImplementation().
[01:02:00.330 W] Warning: detected OpenGL error 'invalid operation' at end of Geometry::drawImplementation().
[01:02:00.330 W] Warning: detected OpenGL error 'invalid operation' at end of Geometry::drawImplementation().
[01:02:00.330 W] Warning: detected OpenGL error 'invalid operation' at end of Geometry::drawImplementation().
[01:02:00.330 W] Warning: detected OpenGL error 'invalid operation' at end of Geometry::drawImplementation().
[01:02:00.330 W] Warning: detected OpenGL error 'invalid operation' at end of Geometry::drawImplementation().
[01:02:00.330 W] Warning: detected OpenGL error 'invalid operation' at end of Geometry::drawImplementation().
[01:02:00.330 W] Warning: detected OpenGL error 'invalid operation' at end of Geometry::drawImplementation().
[01:02:00.330 W] Warning: detected OpenGL error 'invalid operation' at end of Geometry::drawImplementation().
[01:02:00.330 W] Warning: detected OpenGL error 'invalid operation' at end of Geometry::drawImplementation().
[01:02:00.330 W] Warning: detected OpenGL error 'invalid operation' at end of Geometry::drawImplementation().
[01:02:00.330 W] Warning: detected OpenGL error 'invalid operation' at end of Geometry::drawImplementation().
[01:02:00.330 W] Warning: detected OpenGL error 'invalid operation' at end of Geometry::drawImplementation().
[01:02:00.330 W] Warning: detected OpenGL error 'invalid operation' at end of Geometry::drawImplementation().
[01:02:00.330 W] Warning: detected OpenGL error 'invalid operation' at end of Geometry::drawImplementation().
[01:02:00.330 W] Warning: detected OpenGL error 'invalid operation' at end of Geometry::drawImplementation().
[01:02:00.330 W] Warning: detected OpenGL error 'invalid operation' at end of Geometry::drawImplementation().
[01:02:00.330 W] Warning: detected OpenGL error 'invalid operation' at end of Geometry::drawImplementation().
[01:02:00.330 W] Warning: detected OpenGL error 'invalid operation' at end of Geometry::drawImplementation().
[01:02:00.330 W] Warning: detected OpenGL error 'invalid operation' at end of Geometry::drawImplementation().
[01:02:00.330 W] Warning: detected OpenGL error 'invalid operation' at end of Geometry::drawImplementation().
[01:02:00.330 W] Warning: detected OpenGL error 'invalid operation' at end of Geometry::drawImplementation().
[01:02:00.330 W] Warning: detected OpenGL error 'invalid operation' at end of Geometry::drawImplementation().
[01:02:00.330 W] Warning: detected OpenGL error 'invalid operation' at end of Geometry::drawImplementation().
[01:02:00.330 W] Warning: detected OpenGL error 'invalid operation' at end of Geometry::drawImplementation().
[01:02:00.330 W] Warning: detected OpenGL error 'invalid operation' at end of Geometry::drawImplementation().
[01:02:00.330 W] Warning: detected OpenGL error 'invalid operation' at end of Geometry::drawImplementation().
[01:02:00.330 W] Warning: detected OpenGL error 'invalid operation' at end of Geometry::drawImplementation().
[01:02:00.330 W] Warning: detected OpenGL error 'invalid operation' at end of Geometry::drawImplementation().
[01:02:00.330 W] Warning: detected OpenGL error 'invalid operation' at end of Geometry::drawImplementation().
[01:02:00.330 W] Warning: detected OpenGL error 'invalid operation' at end of Geometry::drawImplementation().
[01:02:00.330 W] Warning: detected OpenGL error 'invalid operation' at end of Geometry::drawImplementation().
[01:02:00.330 W] Warning: detected OpenGL error 'invalid operation' at end of Geometry::drawImplementation().
[01:02:00.330 W] Warning: detected OpenGL error 'invalid operation' at end of Geometry::drawImplementation().
[01:02:00.330 W] Warning: detected OpenGL error 'invalid operation' at end of Geometry::drawImplementation().
[01:02:00.330 W] Warning: detected OpenGL error 'invalid operation' at end of Geometry::drawImplementation().
[01:02:00.330 W] Warning: detected OpenGL error 'invalid operation' at end of Geometry::drawImplementation().
[01:02:00.330 W] Warning: detected OpenGL error 'invalid operation' at end of Geometry::drawImplementation().
[01:02:00.330 W] Warning: detected OpenGL error 'invalid operation' at end of Geometry::drawImplementation().
[01:02:00.330 W] Warning: detected OpenGL error 'invalid operation' at end of Geometry::drawImplementation().
[01:02:00.330 W] Warning: detected OpenGL error 'invalid operation' at end of Geometry::drawImplementation().
[01:02:00.330 W] Warning: detected OpenGL error 'invalid operation' at end of Geometry::drawImplementation().
[01:02:00.330 W] Warning: detected OpenGL error 'invalid operation' at end of Geometry::drawImplementation().
[01:02:00.330 W] Warning: detected OpenGL error 'invalid operation' at end of Geometry::drawImplementation().
[01:02:00.330 W] Warning: detected OpenGL error 'invalid operation' at end of Geometry::drawImplementation().
[01:02:00.330 W] Warning: detected OpenGL error 'invalid operation' at end of Geometry::drawImplementation().
[01:02:00.330 W] Warning: detected OpenGL error 'invalid operation' at end of Geometry::drawImplementation().
[01:02:00.330 W] Warning: detected OpenGL error 'invalid operation' at end of Geometry::drawImplementation().
[01:02:00.330 W] Warning: detected OpenGL error 'invalid operation' at end of Geometry::drawImplementation().
[01:02:00.330 W] Warning: detected OpenGL error 'invalid operation' at end of Geometry::drawImplementation().
[01:02:00.330 W] Warning: detected OpenGL error 'invalid operation' at end of Geometry::drawImplementation().
[01:02:00.330 W] Warning: detected OpenGL error 'invalid operation' at end of Geometry::drawImplementation().
[01:02:00.330 W] Warning: detected OpenGL error 'invalid operation' at end of Geometry::drawImplementation().
[01:02:00.330 W] Warning: detected OpenGL error 'invalid operation' at end of Geometry::drawImplementation().
[01:02:00.330 W] Warning: detected OpenGL error 'invalid operation' at end of Geometry::drawImplementation().
[01:02:00.330 W] Warning: detected OpenGL error 'invalid operation' at end of Geometry::drawImplementation().
[01:02:00.330 W] Warning: detected OpenGL error 'invalid operation' at end of Geometry::drawImplementation().
[01:02:00.330 W] Warning: detected OpenGL error 'invalid operation' at end of Geometry::drawImplementation().
[01:02:00.330 W] Warning: detected OpenGL error 'invalid operation' at end of Geometry::drawImplementation().
[01:02:00.330 W] Warning: detected OpenGL error 'invalid operation' at end of Geometry::drawImplementation().
[01:02:00.330 W] Warning: detected OpenGL error 'invalid operation' at end of Geometry::drawImplementation().
[01:02:00.330 W] Warning: detected OpenGL error 'invalid operation' at end of Geometry::drawImplementation().
[01:02:00.330 W] Warning: detected OpenGL error 'invalid operation' at end of Geometry::drawImplementation().
[01:02:00.330 W] Warning: detected OpenGL error 'invalid operation' at end of Geometry::drawImplementation().
[01:02:00.330 W] Warning: detected OpenGL error 'invalid operation' at end of Geometry::drawImplementation().
[01:02:00.330 W] Warning: detected OpenGL error 'invalid operation' at end of Geometry::drawImplementation().
[01:02:00.330 W] Warning: detected OpenGL error 'invalid operation' at end of Geometry::drawImplementation().
[01:02:00.330 W] Warning: detected OpenGL error 'invalid operation' at end of Geometry::drawImplementation().
[01:02:00.330 W] Warning: detected OpenGL error 'invalid operation' at end of Geometry::drawImplementation().
[01:02:00.330 W] Warning: detected OpenGL error 'invalid operation' at end of Geometry::drawImplementation().
[01:02:00.330 W] Warning: detected OpenGL error 'invalid operation' at end of Geometry::drawImplementation().
[01:02:00.330 W] Warning: detected OpenGL error 'invalid operation' at end of Geometry::drawImplementation().
[01:02:00.330 W] Warning: detected OpenGL error 'invalid operation' at end of Geometry::drawImplementation().
[01:02:00.330 W] Warning: detected OpenGL error 'invalid operation' at end of Geometry::drawImplementation().
[01:02:00.330 W] Warning: detected OpenGL error 'invalid operation' at end of Geometry::drawImplementation().
[01:02:00.330 W] Warning: detected OpenGL error 'invalid operation' at end of Geometry::drawImplementation().
[01:02:00.330 W] Warning: detected OpenGL error 'invalid operation' at end of Geometry::drawImplementation().
[01:02:00.330 W] Warning: detected OpenGL error 'invalid operation' at end of Geometry::drawImplementation().
[01:02:00.330 W] Warning: detected OpenGL error 'invalid operation' at end of Geometry::drawImplementation().
[01:02:00.330 W] Warning: detected OpenGL error 'invalid operation' at end of Geometry::drawImplementation().
[01:02:00.330 W] Warning: detected OpenGL error 'invalid operation' at end of Geometry::drawImplementation().
[01:02:00.330 W] Warning: detected OpenGL error 'invalid operation' at end of Geometry::drawImplementation().
[01:02:00.330 W] Warning: detected OpenGL error 'invalid operation' at end of Geometry::drawImplementation().
[01:02:00.330 W] Warning: detected OpenGL error 'invalid operation' at end of Geometry::drawImplementation().
[01:02:00.330 W] Warning: detected OpenGL error 'invalid operation' at end of Geometry::drawImplementation().
[01:02:00.330 W] Warning: detected OpenGL error 'invalid operation' at end of Geometry::drawImplementation().
[01:02:00.330 W] Warning: detected OpenGL error 'invalid operation' at end of Geometry::drawImplementation().
[01:02:00.330 W] Warning: detected OpenGL error 'invalid operation' at end of Geometry::drawImplementation().
[01:02:00.330 W] Warning: detected OpenGL error 'invalid operation' at end of Geometry::drawImplementation().
[01:02:00.330 W] Warning: detected OpenGL error 'invalid operation' at end of Geometry::drawImplementation().
[01:02:00.330 W] Warning: detected OpenGL error 'invalid operation' at end of Geometry::drawImplementation().
[01:02:00.330 W] Warning: detected OpenGL error 'invalid operation' at end of Geometry::drawImplementation().
[01:02:00.330 W] Warning: detected OpenGL error 'invalid operation' at end of Geometry::drawImplementation().
[01:02:00.330 W] Warning: detected OpenGL error 'invalid operation' at end of Geometry::drawImplementation().
[01:02:00.330 W] Warning: detected OpenGL error 'invalid operation' at end of Geometry::drawImplementation().
[01:02:00.330 W] Warning: detected OpenGL error 'invalid operation' at end of Geometry::drawImplementation().
[01:02:00.330 W] Warning: detected OpenGL error 'invalid operation' at end of Geometry::drawImplementation().
[01:02:00.330 W] Warning: detected OpenGL error 'invalid operation' at end of Geometry::drawImplementation().
[01:02:00.330 W] Warning: detected OpenGL error 'invalid operation' at end of Geometry::drawImplementation().
[01:02:00.330 W] Warning: detected OpenGL error 'invalid operation' at end of Geometry::drawImplementation().
[01:02:00.330 W] Warning: detected OpenGL error 'invalid operation' at end of Geometry::drawImplementation().
[01:02:00.330 W] Warning: detected OpenGL error 'invalid operation' at end of Geometry::drawImplementation().
[01:02:00.330 W] Warning: detected OpenGL error 'invalid operation' at end of Geometry::drawImplementation().
[01:02:00.330 W] Warning: detected OpenGL error 'invalid operation' at end of Geometry::drawImplementation().
[01:02:00.330 W] Warning: detected OpenGL error 'invalid operation' at end of Geometry::drawImplementation().
[01:02:00.330 W] Warning: detected OpenGL error 'invalid operation' at end of Geometry::drawImplementation().
[01:02:00.330 W] Warning: detected OpenGL error 'invalid operation' at end of Geometry::drawImplementation().
[01:02:00.330 W] Warning: detected OpenGL error 'invalid operation' at end of Geometry::drawImplementation().
[01:02:00.330 W] Warning: detected OpenGL error 'invalid operation' at end of Geometry::drawImplementation().
[01:02:00.330 W] Warning: detected OpenGL error 'invalid operation' at end of Geometry::drawImplementation().
[01:02:00.330 W] Warning: detected OpenGL error 'invalid operation' at end of Geometry::drawImplementation().
[01:02:00.330 W] Warning: detected OpenGL error 'invalid operation' at end of Geometry::drawImplementation().
[01:02:00.330 W] Warning: detected OpenGL error 'invalid operation' at end of Geometry::drawImplementation().
[01:02:00.330 W] Warning: detected OpenGL error 'invalid operation' at end of Geometry::drawImplementation().
[01:02:00.330 W] Warning: detected OpenGL error 'invalid operation' at end of Geometry::drawImplementation().
[01:02:00.330 W] Warning: detected OpenGL error 'invalid operation' at end of Geometry::drawImplementation().
[01:02:00.330 W] Warning: detected OpenGL error 'invalid operation' at end of Geometry::drawImplementation().
[01:02:00.330 W] Warning: detected OpenGL error 'invalid operation' at end of Geometry::drawImplementation().
[01:02:00.330 W] Warning: detected OpenGL error 'invalid operation' at end of Geometry::drawImplementation().
[01:02:00.330 W] Warning: detected OpenGL error 'invalid operation' at end of Geometry::drawImplementation().
[01:02:00.330 W] Warning: detected OpenGL error 'invalid operation' at end of Geometry::drawImplementation().
[01:02:00.330 W] Warning: detected OpenGL error 'invalid operation' at end of Geometry::drawImplementation().
[01:02:00.330 W] Warning: detected OpenGL error 'invalid operation' at end of Geometry::drawImplementation().
[01:02:00.330 W] Warning: detected OpenGL error 'invalid operation' at end of Geometry::drawImplementation().
[01:02:00.330 W] Warning: detected OpenGL error 'invalid operation' at end of Geometry::drawImplementation().
[01:02:00.330 W] Warning: detected OpenGL error 'invalid operation' at end of Geometry::drawImplementation().
[01:02:00.330 W] Warning: detected OpenGL error 'invalid operation' at end of Geometry::drawImplementation().
[01:02:00.330 W] Warning: detected OpenGL error 'invalid operation' at end of Geometry::drawImplementation().
[01:02:00.330 W] Warning: detected OpenGL error 'invalid operation' at end of Geometry::drawImplementation().
[01:02:00.330 W] Warning: detected OpenGL error 'invalid operation' at end of Geometry::drawImplementation().
[01:02:00.330 W] Warning: detected OpenGL error 'invalid operation' at end of Geometry::drawImplementation().
[01:02:00.330 W] Warning: detected OpenGL error 'invalid operation' at end of Geometry::drawImplementation().
[01:02:00.330 W] Warning: detected OpenGL error 'invalid operation' at end of Geometry::drawImplementation().
[01:02:00.330 W] Warning: detected OpenGL error 'invalid operation' at end of Geometry::drawImplementation().
[01:02:00.330 W] Warning: detected OpenGL error 'invalid operation' at end of Geometry::drawImplementation().
[01:02:00.330 W] Warning: detected OpenGL error 'invalid operation' at end of Geometry::drawImplementation().
[01:02:00.330 W] Warning: detected OpenGL error 'invalid operation' at end of Geometry::drawImplementation().
[01:02:00.330 W] Warning: detected OpenGL error 'invalid operation' at end of Geometry::drawImplementation().
[01:02:00.330 W] Warning: detected OpenGL error 'invalid operation' at end of Geometry::drawImplementation().
[01:02:00.330 W] Warning: detected OpenGL error 'invalid operation' at end of Geometry::drawImplementation().
[01:02:00.330 W] Warning: detected OpenGL error 'invalid operation' at end of Geometry::drawImplementation().
[01:02:00.330 W] Warning: detected OpenGL error 'invalid operation' at end of Geometry::drawImplementation().
[01:02:00.330 W] Warning: detected OpenGL error 'invalid operation' at end of Geometry::drawImplementation().
[01:02:00.330 W] Warning: detected OpenGL error 'invalid operation' at end of Geometry::drawImplementation().
[01:02:00.330 W] Warning: detected OpenGL error 'invalid operation' at end of Geometry::drawImplementation().
[01:02:00.330 W] Warning: detected OpenGL error 'invalid operation' at end of Geometry::drawImplementation().
[01:02:00.331 W] Warning: detected OpenGL error 'invalid operation' at end of Geometry::drawImplementation().
[01:02:00.331 W] Warning: detected OpenGL error 'invalid operation' at end of Geometry::drawImplementation().
[01:02:00.331 W] Warning: detected OpenGL error 'invalid operation' at end of Geometry::drawImplementation().
[01:02:00.331 W] Warning: detected OpenGL error 'invalid operation' at end of Geometry::drawImplementation().
[01:02:00.331 W] Warning: detected OpenGL error 'invalid operation' at end of Geometry::drawImplementation().
[01:02:00.331 W] Warning: detected OpenGL error 'invalid operation' at end of Geometry::drawImplementation().
[01:02:00.331 W] Warning: detected OpenGL error 'invalid operation' at end of Geometry::drawImplementation().
[01:02:00.331 W] Warning: detected OpenGL error 'invalid operation' at end of Geometry::drawImplementation().
[01:02:00.331 W] Warning: detected OpenGL error 'invalid operation' at end of Geometry::drawImplementation().
[01:02:00.331 W] Warning: detected OpenGL error 'invalid operation' at end of Geometry::drawImplementation().
[01:02:00.331 W] Warning: detected OpenGL error 'invalid operation' at end of Geometry::drawImplementation().
[01:02:00.331 W] Warning: detected OpenGL error 'invalid operation' at end of Geometry::drawImplementation().
[01:02:00.331 W] Warning: detected OpenGL error 'invalid operation' at end of Geometry::drawImplementation().
[01:02:00.331 W] Warning: detected OpenGL error 'invalid operation' at end of Geometry::drawImplementation().
[01:02:00.331 W] Warning: detected OpenGL error 'invalid operation' at end of Geometry::drawImplementation().
[01:02:00.331 W] Warning: detected OpenGL error 'invalid operation' at end of Geometry::drawImplementation().
[01:02:00.331 W] Warning: detected OpenGL error 'invalid operation' at end of Geometry::drawImplementation().
[01:02:00.331 W] Warning: detected OpenGL error 'invalid operation' at end of Geometry::drawImplementation().
[01:02:00.331 W] Warning: detected OpenGL error 'invalid operation' at end of Geometry::drawImplementation().
[01:02:00.331 W] Warning: detected OpenGL error 'invalid operation' at end of Geometry::drawImplementation().
[01:02:00.331 W] Warning: detected OpenGL error 'invalid operation' at end of Geometry::drawImplementation().
[01:02:00.331 W] Warning: detected OpenGL error 'invalid operation' at end of Geometry::drawImplementation().
[01:02:00.331 W] Warning: detected OpenGL error 'invalid operation' at end of Geometry::drawImplementation().
[01:02:00.331 W] Warning: detected OpenGL error 'invalid operation' at end of Geometry::drawImplementation().
[01:02:00.331 W] Warning: detected OpenGL error 'invalid operation' at end of Geometry::drawImplementation().
[01:02:00.331 W] Warning: detected OpenGL error 'invalid operation' at end of Geometry::drawImplementation().
[01:02:00.331 W] Warning: detected OpenGL error 'invalid operation' at end of Geometry::drawImplementation().
[01:02:00.331 W] Warning: detected OpenGL error 'invalid operation' at end of Geometry::drawImplementation().
[01:02:00.331 W] Warning: detected OpenGL error 'invalid operation' at end of Geometry::drawImplementation().
[01:02:00.331 W] Warning: detected OpenGL error 'invalid operation' at end of Geometry::drawImplementation().
[01:02:00.331 W] Warning: detected OpenGL error 'invalid operation' at end of Geometry::drawImplementation().
[01:02:00.331 W] Warning: detected OpenGL error 'invalid operation' at end of Geometry::drawImplementation().
[01:02:00.331 W] Warning: detected OpenGL error 'invalid operation' at end of Geometry::drawImplementation().
[01:02:00.331 W] Warning: detected OpenGL error 'invalid operation' at end of Geometry::drawImplementation().
[01:02:00.331 W] Warning: detected OpenGL error 'invalid operation' at end of Geometry::drawImplementation().
[01:02:00.331 W] Warning: detected OpenGL error 'invalid operation' at end of Geometry::drawImplementation().
[01:02:00.331 W] Warning: detected OpenGL error 'invalid operation' at end of Geometry::drawImplementation().
[01:02:00.331 W] Warning: detected OpenGL error 'invalid operation' at end of Geometry::drawImplementation().
[01:02:00.331 W] Warning: detected OpenGL error 'invalid operation' at end of Geometry::drawImplementation().
[01:02:00.331 W] Warning: detected OpenGL error 'invalid operation' at end of Geometry::drawImplementation().
[01:02:00.331 W] Warning: detected OpenGL error 'invalid operation' at end of Geometry::drawImplementation().
[01:02:00.331 W] Warning: detected OpenGL error 'invalid operation' at end of Geometry::drawImplementation().
[01:02:00.331 W] Warning: detected OpenGL error 'invalid operation' at end of Geometry::drawImplementation().
[01:02:00.331 W] Warning: detected OpenGL error 'invalid operation' at end of Geometry::drawImplementation().
[01:02:00.331 W] Warning: detected OpenGL error 'invalid operation' at end of Geometry::drawImplementation().
[01:02:00.331 W] Warning: detected OpenGL error 'invalid operation' at end of Geometry::drawImplementation().
[01:02:00.331 W] Warning: detected OpenGL error 'invalid operation' at end of Geometry::drawImplementation().
[01:02:00.331 W] Warning: detected OpenGL error 'invalid operation' at end of Geometry::drawImplementation().
[01:02:00.331 W] Warning: detected OpenGL error 'invalid operation' at end of Geometry::drawImplementation().
[01:02:00.331 W] Warning: detected OpenGL error 'invalid operation' at end of Geometry::drawImplementation().
[01:02:00.331 W] Warning: detected OpenGL error 'invalid operation' at end of Geometry::drawImplementation().
[01:02:00.331 W] Warning: detected OpenGL error 'invalid operation' at end of Geometry::drawImplementation().
[01:02:00.331 W] Warning: detected OpenGL error 'invalid operation' at end of Geometry::drawImplementation().
[01:02:00.331 W] Warning: detected OpenGL error 'invalid operation' at end of Geometry::drawImplementation().
[01:02:00.331 W] Warning: detected OpenGL error 'invalid operation' at end of Geometry::drawImplementation().
[01:02:00.331 W] Warning: detected OpenGL error 'invalid operation' at end of Geometry::drawImplementation().
[01:02:00.331 W] Warning: detected OpenGL error 'invalid operation' at end of Geometry::drawImplementation().
[01:02:00.331 W] Warning: detected OpenGL error 'invalid operation' at end of Geometry::drawImplementation().
[01:02:00.331 W] Warning: detected OpenGL error 'invalid operation' at end of Geometry::drawImplementation().
[01:02:00.331 W] Warning: detected OpenGL error 'invalid operation' at end of Geometry::drawImplementation().
[01:02:00.331 W] Warning: detected OpenGL error 'invalid operation' at end of Geometry::drawImplementation().
[01:02:00.331 W] Warning: detected OpenGL error 'invalid operation' at end of Geometry::drawImplementation().
[01:02:00.331 W] Warning: detected OpenGL error 'invalid operation' at end of Geometry::drawImplementation().
[01:02:00.331 W] Warning: detected OpenGL error 'invalid operation' at end of Geometry::drawImplementation().
[01:02:00.331 W] Warning: detected OpenGL error 'invalid operation' at end of Geometry::drawImplementation().
[01:02:00.331 W] Warning: detected OpenGL error 'invalid operation' at end of Geometry::drawImplementation().
[01:02:00.331 W] Warning: detected OpenGL error 'invalid operation' at end of Geometry::drawImplementation().
[01:02:00.331 W] Warning: detected OpenGL error 'invalid operation' at end of Geometry::drawImplementation().
[01:02:00.331 W] Warning: detected OpenGL error 'invalid operation' at end of Geometry::drawImplementation().
[01:02:00.331 W] Warning: detected OpenGL error 'invalid operation' at end of Geometry::drawImplementation().
[01:02:00.331 W] Warning: detected OpenGL error 'invalid operation' at end of Geometry::drawImplementation().
[01:02:00.331 W] Warning: detected OpenGL error 'invalid operation' at end of Geometry::drawImplementation().
[01:02:00.331 W] Warning: detected OpenGL error 'invalid operation' at end of Geometry::drawImplementation().
[01:02:00.331 W] Warning: detected OpenGL error 'invalid operation' at end of Geometry::drawImplementation().
[01:02:00.331 W] Warning: detected OpenGL error 'invalid operation' at end of Geometry::drawImplementation().
[01:02:00.331 W] Warning: detected OpenGL error 'invalid operation' at end of Geometry::drawImplementation().
[01:02:00.331 W] Warning: detected OpenGL error 'invalid operation' at end of Geometry::drawImplementation().
[01:02:00.331 W] Warning: detected OpenGL error 'invalid operation' at end of Geometry::drawImplementation().
[01:02:00.331 W] Warning: detected OpenGL error 'invalid operation' at end of Geometry::drawImplementation().
[01:02:00.331 W] Warning: detected OpenGL error 'invalid operation' at end of Geometry::drawImplementation().
[01:02:00.331 W] Warning: detected OpenGL error 'invalid operation' at end of Geometry::drawImplementation().
[01:02:00.331 W] Warning: detected OpenGL error 'invalid operation' at end of Geometry::drawImplementation().
[01:02:00.331 W] Warning: detected OpenGL error 'invalid operation' at end of Geometry::drawImplementation().
[01:02:00.331 W] Warning: detected OpenGL error 'invalid operation' at end of Geometry::drawImplementation().
[01:02:00.331 W] Warning: detected OpenGL error 'invalid operation' at end of Geometry::drawImplementation().
[01:02:00.331 W] Warning: detected OpenGL error 'invalid operation' at end of Geometry::drawImplementation().
[01:02:00.331 W] Warning: detected OpenGL error 'invalid operation' at end of Geometry::drawImplementation().
[01:02:00.331 W] Warning: detected OpenGL error 'invalid operation' at end of Geometry::drawImplementation().
[01:02:00.331 W] Warning: detected OpenGL error 'invalid operation' at end of Geometry::drawImplementation().
[01:02:00.331 W] Warning: detected OpenGL error 'invalid operation' at end of Geometry::drawImplementation().
[01:02:00.331 W] Warning: detected OpenGL error 'invalid operation' at end of Geometry::drawImplementation().
[01:02:00.331 W] Warning: detected OpenGL error 'invalid operation' at end of Geometry::drawImplementation().
[01:02:00.331 W] Warning: detected OpenGL error 'invalid operation' at end of Geometry::drawImplementation().
[01:02:00.331 W] Warning: detected OpenGL error 'invalid operation' at end of Geometry::drawImplementation().
[01:02:00.331 W] Warning: detected OpenGL error 'invalid operation' at end of Geometry::drawImplementation().
[01:02:00.331 W] Warning: detected OpenGL error 'invalid operation' at end of Geometry::drawImplementation().
[01:02:00.331 W] Warning: detected OpenGL error 'invalid operation' at end of Geometry::drawImplementation().
[01:02:00.331 W] Warning: detected OpenGL error 'invalid operation' at end of Geometry::drawImplementation().
[01:02:00.331 W] Warning: detected OpenGL error 'invalid operation' at end of Geometry::drawImplementation().
[01:02:00.331 W] Warning: detected OpenGL error 'invalid operation' at end of Geometry::drawImplementation().
[01:02:00.331 W] Warning: detected OpenGL error 'invalid operation' at end of Geometry::drawImplementation().
[01:02:00.331 W] Warning: detected OpenGL error 'invalid operation' at end of Geometry::drawImplementation().
[01:02:00.331 W] Warning: detected OpenGL error 'invalid operation' at end of Geometry::drawImplementation().
[01:02:00.331 W] Warning: detected OpenGL error 'invalid operation' at end of Geometry::drawImplementation().
[01:02:00.331 W] Warning: detected OpenGL error 'invalid operation' at end of Geometry::drawImplementation().
[01:02:00.331 W] Warning: detected OpenGL error 'invalid operation' at end of Geometry::drawImplementation().
[01:02:00.331 W] Warning: detected OpenGL error 'invalid operation' at end of Geometry::drawImplementation().
[01:02:00.331 W] Warning: detected OpenGL error 'invalid operation' at end of Geometry::drawImplementation().
[01:02:00.331 W] Warning: detected OpenGL error 'invalid operation' at end of Geometry::drawImplementation().
[01:02:00.331 W] Warning: detected OpenGL error 'invalid operation' at end of Geometry::drawImplementation().
[01:02:00.331 W] Warning: detected OpenGL error 'invalid operation' at end of Geometry::drawImplementation().
[01:02:00.331 W] Warning: detected OpenGL error 'invalid operation' at end of Geometry::drawImplementation().
[01:02:00.331 W] Warning: detected OpenGL error 'invalid operation' at end of Geometry::drawImplementation().
[01:02:00.331 W] Warning: detected OpenGL error 'invalid operation' at end of Geometry::drawImplementation().
[01:02:00.331 W] Warning: detected OpenGL error 'invalid operation' at end of Geometry::drawImplementation().
[01:02:00.331 W] Warning: detected OpenGL error 'invalid operation' at end of Geometry::drawImplementation().
[01:02:00.331 W] Warning: detected OpenGL error 'invalid operation' at end of Geometry::drawImplementation().
[01:02:00.331 W] Warning: detected OpenGL error 'invalid operation' at end of Geometry::drawImplementation().
[01:02:00.331 W] Warning: detected OpenGL error 'invalid operation' at end of Geometry::drawImplementation().
[01:02:00.331 W] Warning: detected OpenGL error 'invalid operation' at end of Geometry::drawImplementation().
[01:02:00.331 W] Warning: detected OpenGL error 'invalid operation' at end of Geometry::drawImplementation().
[01:02:00.331 W] Warning: detected OpenGL error 'invalid operation' at end of Geometry::drawImplementation().
[01:02:00.331 W] Warning: detected OpenGL error 'invalid operation' at end of Geometry::drawImplementation().
[01:02:00.331 W] Warning: detected OpenGL error 'invalid operation' at end of Geometry::drawImplementation().
[01:02:00.331 W] Warning: detected OpenGL error 'invalid operation' at end of Geometry::drawImplementation().
[01:02:00.331 W] Warning: detected OpenGL error 'invalid operation' at end of Geometry::drawImplementation().
[01:02:00.331 W] Warning: detected OpenGL error 'invalid operation' at end of Geometry::drawImplementation().
[01:02:00.331 W] Warning: detected OpenGL error 'invalid operation' at end of Geometry::drawImplementation().
[01:02:00.331 W] Warning: detected OpenGL error 'invalid operation' at end of Geometry::drawImplementation().
[01:02:00.331 W] Warning: detected OpenGL error 'invalid operation' at end of Geometry::drawImplementation().
[01:02:00.331 W] Warning: detected OpenGL error 'invalid operation' at end of Geometry::drawImplementation().
[01:02:00.331 W] Warning: detected OpenGL error 'invalid operation' at end of Geometry::drawImplementation().
[01:02:00.331 W] Warning: detected OpenGL error 'invalid operation' at end of Geometry::drawImplementation().
[01:02:00.331 W] Warning: detected OpenGL error 'invalid operation' at end of Geometry::drawImplementation().
[01:02:00.331 W] Warning: detected OpenGL error 'invalid operation' at end of Geometry::drawImplementation().
[01:02:00.331 W] Warning: detected OpenGL error 'invalid operation' at end of Geometry::drawImplementation().
[01:02:00.331 W] Warning: detected OpenGL error 'invalid operation' at end of Geometry::drawImplementation().
[01:02:00.331 W] Warning: detected OpenGL error 'invalid operation' at end of Geometry::drawImplementation().
[01:02:00.331 W] Warning: detected OpenGL error 'invalid operation' at end of Geometry::drawImplementation().
[01:02:00.331 W] Warning: detected OpenGL error 'invalid operation' at end of Geometry::drawImplementation().
[01:02:00.331 W] Warning: detected OpenGL error 'invalid operation' at end of Geometry::drawImplementation().
[01:02:00.331 W] Warning: detected OpenGL error 'invalid operation' at end of Geometry::drawImplementation().
[01:02:00.331 W] Warning: detected OpenGL error 'invalid operation' at end of Geometry::drawImplementation().
[01:02:00.331 W] Warning: detected OpenGL error 'invalid operation' at end of Geometry::drawImplementation().
[01:02:00.331 W] Warning: detected OpenGL error 'invalid operation' at end of Geometry::drawImplementation().
[01:02:00.331 W] Warning: detected OpenGL error 'invalid operation' at end of Geometry::drawImplementation().
[01:02:00.331 W] Warning: detected OpenGL error 'invalid operation' at end of Geometry::drawImplementation().
[01:02:00.331 W] Warning: detected OpenGL error 'invalid operation' at end of Geometry::drawImplementation().
[01:02:00.331 W] Warning: detected OpenGL error 'invalid operation' at end of Geometry::drawImplementation().
[01:02:00.331 W] Warning: detected OpenGL error 'invalid operation' at end of Geometry::drawImplementation().
[01:02:00.331 W] Warning: detected OpenGL error 'invalid operation' at end of Geometry::drawImplementation().
[01:02:00.331 W] Warning: detected OpenGL error 'invalid operation' at end of Geometry::drawImplementation().
[01:02:00.331 W] Warning: detected OpenGL error 'invalid operation' at end of Geometry::drawImplementation().
[01:02:00.331 W] Warning: detected OpenGL error 'invalid operation' at end of Geometry::drawImplementation().
[01:02:00.331 W] Warning: detected OpenGL error 'invalid operation' at end of Geometry::drawImplementation().
[01:02:00.331 W] Warning: detected OpenGL error 'invalid operation' at end of Geometry::drawImplementation().
[01:02:00.331 W] Warning: detected OpenGL error 'invalid operation' at end of Geometry::drawImplementation().
[01:02:00.331 W] Warning: detected OpenGL error 'invalid operation' at end of Geometry::drawImplementation().
[01:02:00.331 W] Warning: detected OpenGL error 'invalid operation' at end of Geometry::drawImplementation().
[01:02:00.331 W] Warning: detected OpenGL error 'invalid operation' at end of Geometry::drawImplementation().
[01:02:00.331 W] Warning: detected OpenGL error 'invalid operation' at end of Geometry::drawImplementation().
[01:02:00.331 W] Warning: detected OpenGL error 'invalid operation' at end of Geometry::drawImplementation().
[01:02:00.331 W] Warning: detected OpenGL error 'invalid operation' at end of Geometry::drawImplementation().
[01:02:00.331 W] Warning: detected OpenGL error 'invalid operation' at end of Geometry::drawImplementation().
[01:02:00.331 W] Warning: detected OpenGL error 'invalid operation' at end of Geometry::drawImplementation().
[01:02:00.331 W] Warning: detected OpenGL error 'invalid operation' at end of Geometry::drawImplementation().
[01:02:00.331 W] Warning: detected OpenGL error 'invalid operation' at end of Geometry::drawImplementation().
[01:02:00.331 W] Warning: detected OpenGL error 'invalid operation' at end of Geometry::drawImplementation().
[01:02:00.331 W] Warning: detected OpenGL error 'invalid operation' at end of Geometry::drawImplementation().
[01:02:00.331 W] Warning: detected OpenGL error 'invalid operation' at end of Geometry::drawImplementation().
[01:02:00.331 W] Warning: detected OpenGL error 'invalid operation' at end of Geometry::drawImplementation().
[01:02:00.331 W] Warning: detected OpenGL error 'invalid operation' at end of Geometry::drawImplementation().
[01:02:00.331 W] Warning: detected OpenGL error 'invalid operation' at end of Geometry::drawImplementation().
[01:02:00.331 W] Warning: detected OpenGL error 'invalid operation' at end of Geometry::drawImplementation().
[01:02:00.331 W] Warning: detected OpenGL error 'invalid operation' at end of Geometry::drawImplementation().
[01:02:00.331 W] Warning: detected OpenGL error 'invalid operation' at end of Geometry::drawImplementation().
[01:02:00.331 W] Warning: detected OpenGL error 'invalid operation' at end of Geometry::drawImplementation().
[01:02:00.331 W] Warning: detected OpenGL error 'invalid operation' at end of Geometry::drawImplementation().
[01:02:00.331 W] Warning: detected OpenGL error 'invalid operation' at end of Geometry::drawImplementation().
[01:02:00.331 W] Warning: detected OpenGL error 'invalid operation' at end of Geometry::drawImplementation().
[01:02:00.331 W] Warning: detected OpenGL error 'invalid operation' at end of Geometry::drawImplementation().
[01:02:00.331 W] Warning: detected OpenGL error 'invalid operation' at end of Geometry::drawImplementation().
[01:02:00.332 W] Warning: detected OpenGL error 'invalid operation' at end of Geometry::drawImplementation().
[01:02:00.332 W] Warning: detected OpenGL error 'invalid operation' at end of Geometry::drawImplementation().
[01:02:00.332 W] Warning: detected OpenGL error 'invalid operation' at end of Geometry::drawImplementation().
[01:02:00.332 W] Warning: detected OpenGL error 'invalid operation' at end of Geometry::drawImplementation().
[01:02:00.332 W] Warning: detected OpenGL error 'invalid operation' at end of Geometry::drawImplementation().
[01:02:00.332 W] Warning: detected OpenGL error 'invalid operation' at end of Geometry::drawImplementation().
[01:02:00.332 W] Warning: detected OpenGL error 'invalid operation' at end of Geometry::drawImplementation().
[01:02:00.332 W] Warning: detected OpenGL error 'invalid operation' at end of Geometry::drawImplementation().
[01:02:00.332 W] Warning: detected OpenGL error 'invalid operation' at end of Geometry::drawImplementation().
[01:02:00.332 W] Warning: detected OpenGL error 'invalid operation' at end of Geometry::drawImplementation().
[01:02:00.332 W] Warning: detected OpenGL error 'invalid operation' at end of Geometry::drawImplementation().
[01:02:00.332 W] Warning: detected OpenGL error 'invalid operation' at end of Geometry::drawImplementation().
[01:02:00.332 W] Warning: detected OpenGL error 'invalid operation' at end of Geometry::drawImplementation().
[01:02:00.332 W] Warning: detected OpenGL error 'invalid operation' at end of Geometry::drawImplementation().
[01:02:00.332 W] Warning: detected OpenGL error 'invalid operation' at end of Geometry::drawImplementation().
[01:02:00.332 W] Warning: detected OpenGL error 'invalid operation' at end of Geometry::drawImplementation().
[01:02:00.332 W] Warning: detected OpenGL error 'invalid operation' at end of Geometry::drawImplementation().
[01:02:00.332 W] Warning: detected OpenGL error 'invalid operation' at end of Geometry::drawImplementation().
[01:02:00.332 W] Warning: detected OpenGL error 'invalid operation' at end of Geometry::drawImplementation().
[01:02:00.332 W] Warning: detected OpenGL error 'invalid operation' at end of Geometry::drawImplementation().
[01:02:00.332 W] Warning: detected OpenGL error 'invalid operation' at end of Geometry::drawImplementation().
[01:02:00.332 W] Warning: detected OpenGL error 'invalid operation' at end of Geometry::drawImplementation().
[01:02:00.332 W] Warning: detected OpenGL error 'invalid operation' at end of Geometry::drawImplementation().
[01:02:00.332 W] Warning: detected OpenGL error 'invalid operation' at end of Geometry::drawImplementation().
[01:02:00.332 W] Warning: detected OpenGL error 'invalid operation' at end of Geometry::drawImplementation().
[01:02:00.332 W] Warning: detected OpenGL error 'invalid operation' at end of Geometry::drawImplementation().
[01:02:00.332 W] Warning: detected OpenGL error 'invalid operation' at end of Geometry::drawImplementation().
[01:02:00.332 W] Warning: detected OpenGL error 'invalid operation' at end of Geometry::drawImplementation().
[01:02:00.332 W] Warning: detected OpenGL error 'invalid operation' at end of Geometry::drawImplementation().
[01:02:00.332 W] Warning: detected OpenGL error 'invalid operation' at end of Geometry::drawImplementation().
[01:02:00.332 W] Warning: detected OpenGL error 'invalid operation' at end of Geometry::drawImplementation().
[01:02:00.332 W] Warning: detected OpenGL error 'invalid operation' at end of Geometry::drawImplementation().
[01:02:00.332 W] Warning: detected OpenGL error 'invalid operation' at end of Geometry::drawImplementation().
[01:02:00.332 W] Warning: detected OpenGL error 'invalid operation' at end of Geometry::drawImplementation().
[01:02:00.332 W] Warning: detected OpenGL error 'invalid operation' at end of Geometry::drawImplementation().
[01:02:00.332 W] Warning: detected OpenGL error 'invalid operation' at end of Geometry::drawImplementation().
[01:02:00.332 W] Warning: detected OpenGL error 'invalid operation' at end of Geometry::drawImplementation().
[01:02:00.332 W] Warning: detected OpenGL error 'invalid operation' at end of Geometry::drawImplementation().
[01:02:00.332 W] Warning: detected OpenGL error 'invalid operation' at end of Geometry::drawImplementation().
[01:02:00.332 W] Warning: detected OpenGL error 'invalid operation' at end of Geometry::drawImplementation().
[01:02:00.332 W] Warning: detected OpenGL error 'invalid operation' at end of Geometry::drawImplementation().
[01:02:00.332 W] Warning: detected OpenGL error 'invalid operation' at end of Geometry::drawImplementation().
[01:02:00.332 W] Warning: detected OpenGL error 'invalid operation' at end of Geometry::drawImplementation().
[01:02:00.332 W] Warning: detected OpenGL error 'invalid operation' at end of Geometry::drawImplementation().
[01:02:00.332 W] Warning: detected OpenGL error 'invalid operation' at end of Geometry::drawImplementation().
[01:02:00.332 W] Warning: detected OpenGL error 'invalid operation' at end of Geometry::drawImplementation().
[01:02:00.332 W] Warning: detected OpenGL error 'invalid operation' at end of Geometry::drawImplementation().
[01:02:00.332 W] Warning: detected OpenGL error 'invalid operation' at end of Geometry::drawImplementation().
[01:02:00.332 W] Warning: detected OpenGL error 'invalid operation' at end of Geometry::drawImplementation().
[01:02:00.332 W] Warning: detected OpenGL error 'invalid operation' at end of Geometry::drawImplementation().
[01:02:00.332 W] Warning: detected OpenGL error 'invalid operation' at end of Geometry::drawImplementation().
[01:02:00.332 W] Warning: detected OpenGL error 'invalid operation' at end of Geometry::drawImplementation().
[01:02:00.332 W] Warning: detected OpenGL error 'invalid operation' at end of Geometry::drawImplementation().
[01:02:00.332 W] Warning: detected OpenGL error 'invalid operation' at end of Geometry::drawImplementation().
[01:02:00.332 W] Warning: detected OpenGL error 'invalid operation' at end of Geometry::drawImplementation().
[01:02:00.332 W] Warning: detected OpenGL error 'invalid operation' at end of Geometry::drawImplementation().
[01:02:00.332 W] Warning: detected OpenGL error 'invalid operation' at end of Geometry::drawImplementation().
[01:02:00.332 W] Warning: detected OpenGL error 'invalid operation' at end of Geometry::drawImplementation().
[01:02:00.332 W] Warning: detected OpenGL error 'invalid operation' at end of Geometry::drawImplementation().
[01:02:00.332 W] Warning: detected OpenGL error 'invalid operation' at end of Geometry::drawImplementation().
[01:02:00.332 W] Warning: detected OpenGL error 'invalid operation' at end of Geometry::drawImplementation().
[01:02:00.332 W] Warning: detected OpenGL error 'invalid operation' at end of Geometry::drawImplementation().
[01:02:00.332 W] Warning: detected OpenGL error 'invalid operation' at end of Geometry::drawImplementation().
[01:02:00.332 W] Warning: detected OpenGL error 'invalid operation' at end of Geometry::drawImplementation().
[01:02:00.332 W] Warning: detected OpenGL error 'invalid operation' at end of Geometry::drawImplementation().
[01:02:00.332 W] Warning: detected OpenGL error 'invalid operation' at end of Geometry::drawImplementation().
[01:02:00.332 W] Warning: detected OpenGL error 'invalid operation' at end of Geometry::drawImplementation().
[01:02:00.332 W] Warning: detected OpenGL error 'invalid operation' at end of Geometry::drawImplementation().
[01:02:00.332 W] Warning: detected OpenGL error 'invalid operation' at end of Geometry::drawImplementation().
[01:02:00.332 W] Warning: detected OpenGL error 'invalid operation' at end of Geometry::drawImplementation().
[01:02:00.332 W] Warning: detected OpenGL error 'invalid operation' at end of Geometry::drawImplementation().
[01:02:00.332 W] Warning: detected OpenGL error 'invalid operation' at end of Geometry::drawImplementation().
[01:02:00.332 W] Warning: detected OpenGL error 'invalid operation' at end of Geometry::drawImplementation().
[01:02:00.332 W] Warning: detected OpenGL error 'invalid operation' at end of Geometry::drawImplementation().
[01:02:00.332 W] Warning: detected OpenGL error 'invalid operation' at end of Geometry::drawImplementation().
[01:02:00.332 W] Warning: detected OpenGL error 'invalid operation' at end of Geometry::drawImplementation().
[01:02:00.332 W] Warning: detected OpenGL error 'invalid operation' at end of Geometry::drawImplementation().
[01:02:00.332 W] Warning: detected OpenGL error 'invalid operation' at end of Geometry::drawImplementation().
[01:02:00.332 W] Warning: detected OpenGL error 'invalid operation' at end of Geometry::drawImplementation().
[01:02:00.332 W] Warning: detected OpenGL error 'invalid operation' at end of Geometry::drawImplementation().
[01:02:00.332 W] Warning: detected OpenGL error 'invalid operation' at end of Geometry::drawImplementation().
[01:02:00.332 W] Warning: detected OpenGL error 'invalid operation' at end of Geometry::drawImplementation().
[01:02:00.332 W] Warning: detected OpenGL error 'invalid operation' at end of Geometry::drawImplementation().
[01:02:00.332 W] Warning: detected OpenGL error 'invalid operation' at end of Geometry::drawImplementation().
[01:02:00.332 W] Warning: detected OpenGL error 'invalid operation' at end of Geometry::drawImplementation().
[01:02:00.332 W] Warning: detected OpenGL error 'invalid operation' at end of Geometry::drawImplementation().
[01:02:00.332 W] Warning: detected OpenGL error 'invalid operation' at end of Geometry::drawImplementation().
[01:02:00.332 W] Warning: detected OpenGL error 'invalid operation' at end of Geometry::drawImplementation().
[01:02:00.332 W] Warning: detected OpenGL error 'invalid operation' at end of Geometry::drawImplementation().
[01:02:00.332 W] Warning: detected OpenGL error 'invalid operation' at end of Geometry::drawImplementation().
[01:02:00.332 W] Warning: detected OpenGL error 'invalid operation' at end of Geometry::drawImplementation().
[01:02:00.332 W] Warning: detected OpenGL error 'invalid operation' at end of Geometry::drawImplementation().
[01:02:00.332 W] Warning: detected OpenGL error 'invalid operation' at end of Geometry::drawImplementation().
[01:02:00.332 W] Warning: detected OpenGL error 'invalid operation' at end of Geometry::drawImplementation().
[01:02:00.332 W] Warning: detected OpenGL error 'invalid operation' at end of Geometry::drawImplementation().
[01:02:00.332 W] Warning: detected OpenGL error 'invalid operation' at end of Geometry::drawImplementation().
[01:02:00.332 W] Warning: detected OpenGL error 'invalid operation' at end of Geometry::drawImplementation().
[01:02:00.332 W] Warning: detected OpenGL error 'invalid operation' at end of Geometry::drawImplementation().
[01:02:00.332 W] Warning: detected OpenGL error 'invalid operation' at end of Geometry::drawImplementation().
[01:02:00.332 W] Warning: detected OpenGL error 'invalid operation' at end of Geometry::drawImplementation().
[01:02:00.332 W] Warning: detected OpenGL error 'invalid operation' at end of Geometry::drawImplementation().
[01:02:00.332 W] Warning: detected OpenGL error 'invalid operation' at end of Geometry::drawImplementation().
[01:02:00.332 W] Warning: detected OpenGL error 'invalid operation' at end of Geometry::drawImplementation().
[01:02:00.332 W] Warning: detected OpenGL error 'invalid operation' at end of Geometry::drawImplementation().
[01:02:00.332 W] Warning: detected OpenGL error 'invalid operation' at end of Geometry::drawImplementation().
[01:02:00.332 W] Warning: detected OpenGL error 'invalid operation' at end of Geometry::drawImplementation().
[01:02:00.332 W] Warning: detected OpenGL error 'invalid operation' at end of Geometry::drawImplementation().
[01:02:00.332 W] Warning: detected OpenGL error 'invalid operation' at end of Geometry::drawImplementation().
[01:02:00.332 W] Warning: detected OpenGL error 'invalid operation' at end of Geometry::drawImplementation().
[01:02:00.332 W] Warning: detected OpenGL error 'invalid operation' at end of Geometry::drawImplementation().
[01:02:00.332 W] Warning: detected OpenGL error 'invalid operation' at end of Geometry::drawImplementation().
[01:02:00.332 W] Warning: detected OpenGL error 'invalid operation' at end of Geometry::drawImplementation().
[01:02:00.332 W] Warning: detected OpenGL error 'invalid operation' at end of Geometry::drawImplementation().
[01:02:00.332 W] Warning: detected OpenGL error 'invalid operation' at end of Geometry::drawImplementation().
[01:02:00.332 W] Warning: detected OpenGL error 'invalid operation' at end of Geometry::drawImplementation().
[01:02:00.332 W] Warning: detected OpenGL error 'invalid operation' at end of Geometry::drawImplementation().
[01:02:00.332 W] Warning: detected OpenGL error 'invalid operation' at end of Geometry::drawImplementation().
[01:02:00.332 W] Warning: detected OpenGL error 'invalid operation' at end of Geometry::drawImplementation().
[01:02:00.332 W] Warning: detected OpenGL error 'invalid operation' at end of Geometry::drawImplementation().
[01:02:00.332 W] Warning: detected OpenGL error 'invalid operation' at end of Geometry::drawImplementation().
[01:02:00.332 W] Warning: detected OpenGL error 'invalid operation' at end of Geometry::drawImplementation().
[01:02:00.332 W] Warning: detected OpenGL error 'invalid operation' at end of Geometry::drawImplementation().
[01:02:00.332 W] Warning: detected OpenGL error 'invalid operation' at end of Geometry::drawImplementation().
[01:02:00.332 W] Warning: detected OpenGL error 'invalid operation' at end of Geometry::drawImplementation().
[01:02:00.332 W] Warning: detected OpenGL error 'invalid operation' at end of Geometry::drawImplementation().
[01:02:00.332 W] Warning: detected OpenGL error 'invalid operation' at end of Geometry::drawImplementation().
[01:02:00.332 W] Warning: detected OpenGL error 'invalid operation' at end of Geometry::drawImplementation().
[01:02:00.332 W] Warning: detected OpenGL error 'invalid operation' at end of Geometry::drawImplementation().
[01:02:00.332 W] Warning: detected OpenGL error 'invalid operation' at end of Geometry::drawImplementation().
[01:02:00.332 W] Warning: detected OpenGL error 'invalid operation' at end of Geometry::drawImplementation().
[01:02:00.332 W] Warning: detected OpenGL error 'invalid operation' at end of Geometry::drawImplementation().
[01:02:00.332 W] Warning: detected OpenGL error 'invalid operation' at end of Geometry::drawImplementation().
[01:02:00.332 W] Warning: detected OpenGL error 'invalid operation' at end of Geometry::drawImplementation().
[01:02:00.332 W] Warning: detected OpenGL error 'invalid operation' at end of Geometry::drawImplementation().
[01:02:00.332 W] Warning: detected OpenGL error 'invalid operation' at end of Geometry::drawImplementation().
[01:02:00.332 W] Warning: detected OpenGL error 'invalid operation' at end of Geometry::drawImplementation().
[01:02:00.332 W] Warning: detected OpenGL error 'invalid operation' at end of Geometry::drawImplementation().
[01:02:00.332 W] Warning: detected OpenGL error 'invalid operation' at end of Geometry::drawImplementation().
[01:02:00.332 W] Warning: detected OpenGL error 'invalid operation' at end of Geometry::drawImplementation().
[01:02:00.332 W] Warning: detected OpenGL error 'invalid operation' at end of Geometry::drawImplementation().
[01:02:00.332 W] Warning: detected OpenGL error 'invalid operation' at end of Geometry::drawImplementation().
[01:02:00.332 W] Warning: detected OpenGL error 'invalid operation' at end of Geometry::drawImplementation().
[01:02:00.332 W] Warning: detected OpenGL error 'invalid operation' at end of Geometry::drawImplementation().
[01:02:00.332 W] Warning: detected OpenGL error 'invalid operation' at end of Geometry::drawImplementation().
[01:02:00.332 W] Warning: detected OpenGL error 'invalid operation' at end of Geometry::drawImplementation().
[01:02:00.332 W] Warning: detected OpenGL error 'invalid operation' at end of Geometry::drawImplementation().
[01:02:00.332 W] Warning: detected OpenGL error 'invalid operation' at end of Geometry::drawImplementation().
[01:02:00.332 W] Warning: detected OpenGL error 'invalid operation' at end of Geometry::drawImplementation().
[01:02:00.332 W] Warning: detected OpenGL error 'invalid operation' at end of Geometry::drawImplementation().
[01:02:00.332 W] Warning: detected OpenGL error 'invalid operation' at end of Geometry::drawImplementation().
[01:02:00.332 W] Warning: detected OpenGL error 'invalid operation' at end of Geometry::drawImplementation().
[01:02:00.332 W] Warning: detected OpenGL error 'invalid operation' at end of Geometry::drawImplementation().
[01:02:00.332 W] Warning: detected OpenGL error 'invalid operation' at end of Geometry::drawImplementation().
[01:02:00.332 W] Warning: detected OpenGL error 'invalid operation' at end of Geometry::drawImplementation().
[01:02:00.332 W] Warning: detected OpenGL error 'invalid operation' at end of Geometry::drawImplementation().
[01:02:00.332 W] Warning: detected OpenGL error 'invalid operation' at end of Geometry::drawImplementation().
[01:02:00.332 W] Warning: detected OpenGL error 'invalid operation' at end of Geometry::drawImplementation().
[01:02:00.332 W] Warning: detected OpenGL error 'invalid operation' at end of Geometry::drawImplementation().
[01:02:00.332 W] Warning: detected OpenGL error 'invalid operation' at end of Geometry::drawImplementation().
[01:02:00.332 W] Warning: detected OpenGL error 'invalid operation' at end of Geometry::drawImplementation().
[01:02:00.332 W] Warning: detected OpenGL error 'invalid operation' at end of Geometry::drawImplementation().
[01:02:00.332 W] Warning: detected OpenGL error 'invalid operation' at end of Geometry::drawImplementation().
[01:02:00.332 W] Warning: detected OpenGL error 'invalid operation' at end of Geometry::drawImplementation().
[01:02:00.332 W] Warning: detected OpenGL error 'invalid operation' at end of Geometry::drawImplementation().
[01:02:00.332 W] Warning: detected OpenGL error 'invalid operation' at end of Geometry::drawImplementation().
[01:02:00.332 W] Warning: detected OpenGL error 'invalid operation' at end of Geometry::drawImplementation().
[01:02:00.332 W] Warning: detected OpenGL error 'invalid operation' at end of Geometry::drawImplementation().
[01:02:00.332 W] Warning: detected OpenGL error 'invalid operation' at end of Geometry::drawImplementation().
[01:02:00.332 W] Warning: detected OpenGL error 'invalid operation' at end of Geometry::drawImplementation().
[01:02:00.332 W] Warning: detected OpenGL error 'invalid operation' at end of Geometry::drawImplementation().
[01:02:00.332 W] Warning: detected OpenGL error 'invalid operation' at end of Geometry::drawImplementation().
[01:02:00.332 W] Warning: detected OpenGL error 'invalid operation' at end of Geometry::drawImplementation().
[01:02:00.332 W] Warning: detected OpenGL error 'invalid operation' at end of Geometry::drawImplementation().
[01:02:00.332 W] Warning: detected OpenGL error 'invalid operation' at end of Geometry::drawImplementation().
[01:02:00.332 W] Warning: detected OpenGL error 'invalid operation' at end of Geometry::drawImplementation().
[01:02:00.332 W] Warning: detected OpenGL error 'invalid operation' at end of Geometry::drawImplementation().
[01:02:00.333 W] Warning: detected OpenGL error 'invalid operation' at end of Geometry::drawImplementation().
[01:02:00.333 W] Warning: detected OpenGL error 'invalid operation' at end of Geometry::drawImplementation().
[01:02:00.333 W] Warning: detected OpenGL error 'invalid operation' at end of Geometry::drawImplementation().
[01:02:00.333 W] Warning: detected OpenGL error 'invalid operation' at end of Geometry::drawImplementation().
[01:02:00.333 W] Warning: detected OpenGL error 'invalid operation' at end of Geometry::drawImplementation().
[01:02:00.333 W] Warning: detected OpenGL error 'invalid operation' at end of Geometry::drawImplementation().
[01:02:00.333 W] Warning: detected OpenGL error 'invalid operation' at end of Geometry::drawImplementation().
[01:02:00.333 W] Warning: detected OpenGL error 'invalid operation' at end of Geometry::drawImplementation().
[01:02:00.333 W] Warning: detected OpenGL error 'invalid operation' at end of Geometry::drawImplementation().
[01:02:00.333 W] Warning: detected OpenGL error 'invalid operation' at end of Geometry::drawImplementation().
[01:02:00.333 W] Warning: detected OpenGL error 'invalid operation' at end of Geometry::drawImplementation().
[01:02:00.333 W] Warning: detected OpenGL error 'invalid operation' at end of Geometry::drawImplementation().
[01:02:00.333 W] Warning: detected OpenGL error 'invalid operation' at end of Geometry::drawImplementation().
[01:02:00.333 W] Warning: detected OpenGL error 'invalid operation' at end of Geometry::drawImplementation().
[01:02:00.333 W] Warning: detected OpenGL error 'invalid operation' at end of Geometry::drawImplementation().
[01:02:00.333 W] Warning: detected OpenGL error 'invalid operation' at end of Geometry::drawImplementation().
[01:02:00.333 W] Warning: detected OpenGL error 'invalid operation' at end of Geometry::drawImplementation().
[01:02:00.333 W] Warning: detected OpenGL error 'invalid operation' at end of Geometry::drawImplementation().
[01:02:00.333 W] Warning: detected OpenGL error 'invalid operation' at end of Geometry::drawImplementation().
[01:02:00.333 W] Warning: detected OpenGL error 'invalid operation' at end of Geometry::drawImplementation().
[01:02:00.333 W] Warning: detected OpenGL error 'invalid operation' at end of Geometry::drawImplementation().
[01:02:00.333 W] Warning: detected OpenGL error 'invalid operation' at end of Geometry::drawImplementation().
[01:02:00.333 W] Warning: detected OpenGL error 'invalid operation' at end of Geometry::drawImplementation().
[01:02:00.333 W] Warning: detected OpenGL error 'invalid operation' at end of Geometry::drawImplementation().
[01:02:00.333 W] Warning: detected OpenGL error 'invalid operation' at end of Geometry::drawImplementation().
[01:02:00.333 W] Warning: detected OpenGL error 'invalid operation' at end of Geometry::drawImplementation().
[01:02:00.333 W] Warning: detected OpenGL error 'invalid operation' at end of Geometry::drawImplementation().
[01:02:00.333 W] Warning: detected OpenGL error 'invalid operation' at end of Geometry::drawImplementation().
[01:02:00.333 W] Warning: detected OpenGL error 'invalid operation' at end of Geometry::drawImplementation().
[01:02:00.333 W] Warning: detected OpenGL error 'invalid operation' at end of Geometry::drawImplementation().
[01:02:00.333 W] Warning: detected OpenGL error 'invalid operation' at end of Geometry::drawImplementation().
[01:02:00.333 W] Warning: detected OpenGL error 'invalid operation' at end of Geometry::drawImplementation().
[01:02:00.333 W] Warning: detected OpenGL error 'invalid operation' at end of Geometry::drawImplementation().
[01:02:00.333 W] Warning: detected OpenGL error 'invalid operation' at end of Geometry::drawImplementation().
[01:02:00.333 W] Warning: detected OpenGL error 'invalid operation' at end of Geometry::drawImplementation().
[01:02:00.333 W] Warning: detected OpenGL error 'invalid operation' at end of Geometry::drawImplementation().
[01:02:00.333 W] Warning: detected OpenGL error 'invalid operation' at end of Geometry::drawImplementation().
[01:02:00.333 W] Warning: detected OpenGL error 'invalid operation' at end of Geometry::drawImplementation().
[01:02:00.333 W] Warning: detected OpenGL error 'invalid operation' at end of Geometry::drawImplementation().
[01:02:00.333 W] Warning: detected OpenGL error 'invalid operation' at end of Geometry::drawImplementation().
[01:02:00.333 W] Warning: detected OpenGL error 'invalid operation' at end of Geometry::drawImplementation().
[01:02:00.333 W] Warning: detected OpenGL error 'invalid operation' at end of Geometry::drawImplementation().
[01:02:00.333 W] Warning: detected OpenGL error 'invalid operation' at end of Geometry::drawImplementation().
[01:02:00.333 W] Warning: detected OpenGL error 'invalid operation' at end of Geometry::drawImplementation().
[01:02:00.333 W] Warning: detected OpenGL error 'invalid operation' at end of Geometry::drawImplementation().
[01:02:00.333 W] Warning: detected OpenGL error 'invalid operation' at end of Geometry::drawImplementation().
[01:02:00.333 W] Warning: detected OpenGL error 'invalid operation' at end of Geometry::drawImplementation().
[01:02:00.333 W] Warning: detected OpenGL error 'invalid operation' at end of Geometry::drawImplementation().
[01:02:00.333 W] Warning: detected OpenGL error 'invalid operation' at end of Geometry::drawImplementation().
[01:02:00.333 W] Warning: detected OpenGL error 'invalid operation' at end of Geometry::drawImplementation().
[01:02:00.333 W] Warning: detected OpenGL error 'invalid operation' at end of Geometry::drawImplementation().
[01:02:00.333 W] Warning: detected OpenGL error 'invalid operation' at end of Geometry::drawImplementation().
[01:02:00.333 W] Warning: detected OpenGL error 'invalid operation' at end of Geometry::drawImplementation().
[01:02:00.333 W] Warning: detected OpenGL error 'invalid operation' at end of Geometry::drawImplementation().
[01:02:00.333 W] Warning: detected OpenGL error 'invalid operation' at end of Geometry::drawImplementation().
[01:02:00.333 W] Warning: detected OpenGL error 'invalid operation' at end of Geometry::drawImplementation().
[01:02:00.333 W] Warning: detected OpenGL error 'invalid operation' at end of Geometry::drawImplementation().
[01:02:00.333 W] Warning: detected OpenGL error 'invalid operation' at end of Geometry::drawImplementation().
[01:02:00.333 W] Warning: detected OpenGL error 'invalid operation' at end of Geometry::drawImplementation().
[01:02:00.333 W] Warning: detected OpenGL error 'invalid operation' at end of Geometry::drawImplementation().
[01:02:00.333 W] Warning: detected OpenGL error 'invalid operation' at end of Geometry::drawImplementation().
[01:02:00.333 W] Warning: detected OpenGL error 'invalid operation' at end of Geometry::drawImplementation().
[01:02:00.333 W] Warning: detected OpenGL error 'invalid operation' at end of Geometry::drawImplementation().
[01:02:00.333 W] Warning: detected OpenGL error 'invalid operation' at end of Geometry::drawImplementation().
[01:02:00.333 W] Warning: detected OpenGL error 'invalid operation' at end of Geometry::drawImplementation().
[01:02:00.333 W] Warning: detected OpenGL error 'invalid operation' at end of Geometry::drawImplementation().
[01:02:00.333 W] Warning: detected OpenGL error 'invalid operation' at end of Geometry::drawImplementation().
[01:02:00.333 W] Warning: detected OpenGL error 'invalid operation' at end of Geometry::drawImplementation().
[01:02:00.333 W] Warning: detected OpenGL error 'invalid operation' at end of Geometry::drawImplementation().
[01:02:00.333 W] Warning: detected OpenGL error 'invalid operation' at end of Geometry::drawImplementation().
[01:02:00.333 W] Warning: detected OpenGL error 'invalid operation' at end of Geometry::drawImplementation().
[01:02:00.333 W] Warning: detected OpenGL error 'invalid operation' at end of Geometry::drawImplementation().
[01:02:00.333 W] Warning: detected OpenGL error 'invalid operation' at end of Geometry::drawImplementation().
[01:02:00.333 W] Warning: detected OpenGL error 'invalid operation' at end of Geometry::drawImplementation().
[01:02:00.333 W] Warning: detected OpenGL error 'invalid operation' at end of Geometry::drawImplementation().
[01:02:00.333 W] Warning: detected OpenGL error 'invalid operation' at end of Geometry::drawImplementation().
[01:02:00.333 W] Warning: detected OpenGL error 'invalid operation' at end of Geometry::drawImplementation().
[01:02:00.333 W] Warning: detected OpenGL error 'invalid operation' at end of Geometry::drawImplementation().
[01:02:00.333 W] Warning: detected OpenGL error 'invalid operation' at end of Geometry::drawImplementation().
[01:02:00.333 W] Warning: detected OpenGL error 'invalid operation' at end of Geometry::drawImplementation().
[01:02:00.333 W] Warning: detected OpenGL error 'invalid operation' at end of Geometry::drawImplementation().
[01:02:00.333 W] Warning: detected OpenGL error 'invalid operation' at end of Geometry::drawImplementation().
[01:02:00.333 W] Warning: detected OpenGL error 'invalid operation' at end of Geometry::drawImplementation().
[01:02:00.333 W] Warning: detected OpenGL error 'invalid operation' at end of Geometry::drawImplementation().
[01:02:00.333 W] Warning: detected OpenGL error 'invalid operation' at end of Geometry::drawImplementation().
[01:02:00.333 W] Warning: detected OpenGL error 'invalid operation' at end of Geometry::drawImplementation().
[01:02:00.333 W] Warning: detected OpenGL error 'invalid operation' at end of Geometry::drawImplementation().
[01:02:00.333 W] Warning: detected OpenGL error 'invalid operation' at end of Geometry::drawImplementation().
[01:02:00.333 W] Warning: detected OpenGL error 'invalid operation' at end of Geometry::drawImplementation().
[01:02:00.333 W] Warning: detected OpenGL error 'invalid operation' at end of Geometry::drawImplementation().
[01:02:00.333 W] Warning: detected OpenGL error 'invalid operation' at end of Geometry::drawImplementation().
[01:02:00.333 W] Warning: detected OpenGL error 'invalid operation' at end of Geometry::drawImplementation().
[01:02:00.333 W] Warning: detected OpenGL error 'invalid operation' at end of Geometry::drawImplementation().
[01:02:00.333 W] Warning: detected OpenGL error 'invalid operation' at end of Geometry::drawImplementation().
[01:02:00.333 W] Warning: detected OpenGL error 'invalid operation' at end of Geometry::drawImplementation().
[01:02:00.333 W] Warning: detected OpenGL error 'invalid operation' at end of Geometry::drawImplementation().
[01:02:00.333 W] Warning: detected OpenGL error 'invalid operation' at end of Geometry::drawImplementation().
[01:02:00.333 W] Warning: detected OpenGL error 'invalid operation' at end of Geometry::drawImplementation().
[01:02:00.333 W] Warning: detected OpenGL error 'invalid operation' at end of Geometry::drawImplementation().
[01:02:00.333 W] Warning: detected OpenGL error 'invalid operation' at end of Geometry::drawImplementation().
[01:02:00.333 W] Warning: detected OpenGL error 'invalid operation' at end of Geometry::drawImplementation().
[01:02:00.333 W] Warning: detected OpenGL error 'invalid operation' at end of Geometry::drawImplementation().
[01:02:00.333 W] Warning: detected OpenGL error 'invalid operation' at end of Geometry::drawImplementation().
[01:02:00.333 W] Warning: detected OpenGL error 'invalid operation' at end of Geometry::drawImplementation().
[01:02:00.333 W] Warning: detected OpenGL error 'invalid operation' at end of Geometry::drawImplementation().
[01:02:00.333 W] Warning: detected OpenGL error 'invalid operation' at end of Geometry::drawImplementation().
[01:02:00.333 W] Warning: detected OpenGL error 'invalid operation' at end of Geometry::drawImplementation().
[01:02:00.333 W] Warning: detected OpenGL error 'invalid operation' at end of Geometry::drawImplementation().
[01:02:00.333 W] Warning: detected OpenGL error 'invalid operation' at end of Geometry::drawImplementation().
[01:02:00.333 W] Warning: detected OpenGL error 'invalid operation' at end of Geometry::drawImplementation().
[01:02:00.333 W] Warning: detected OpenGL error 'invalid operation' at end of Geometry::drawImplementation().
[01:02:00.333 W] Warning: detected OpenGL error 'invalid operation' at end of Geometry::drawImplementation().
[01:02:00.333 W] Warning: detected OpenGL error 'invalid operation' at end of Geometry::drawImplementation().
[01:02:00.333 W] Warning: detected OpenGL error 'invalid operation' at end of Geometry::drawImplementation().
[01:02:00.333 W] Warning: detected OpenGL error 'invalid operation' at end of Geometry::drawImplementation().
[01:02:00.333 W] Warning: detected OpenGL error 'invalid operation' at end of Geometry::drawImplementation().
[01:02:00.333 W] Warning: detected OpenGL error 'invalid operation' at end of Geometry::drawImplementation().
[01:02:00.333 W] Warning: detected OpenGL error 'invalid operation' at end of Geometry::drawImplementation().
[01:02:00.333 W] Warning: detected OpenGL error 'invalid operation' at end of Geometry::drawImplementation().
[01:02:00.333 W] Warning: detected OpenGL error 'invalid operation' at end of Geometry::drawImplementation().
[01:02:00.333 W] Warning: detected OpenGL error 'invalid operation' at end of Geometry::drawImplementation().
[01:02:00.333 W] Warning: detected OpenGL error 'invalid operation' at end of Geometry::drawImplementation().
[01:02:00.333 W] Warning: detected OpenGL error 'invalid operation' at end of Geometry::drawImplementation().
[01:02:00.333 W] Warning: detected OpenGL error 'invalid operation' at end of Geometry::drawImplementation().
[01:02:00.333 W] Warning: detected OpenGL error 'invalid operation' at end of Geometry::drawImplementation().
[01:02:00.333 W] Warning: detected OpenGL error 'invalid operation' at end of Geometry::drawImplementation().
[01:02:00.333 W] Warning: detected OpenGL error 'invalid operation' at end of Geometry::drawImplementation().
[01:02:00.333 W] Warning: detected OpenGL error 'invalid operation' at end of Geometry::drawImplementation().
[01:02:00.333 W] Warning: detected OpenGL error 'invalid operation' at end of Geometry::drawImplementation().
[01:02:00.333 W] Warning: detected OpenGL error 'invalid operation' at end of Geometry::drawImplementation().
[01:02:00.333 W] Warning: detected OpenGL error 'invalid operation' at end of Geometry::drawImplementation().
[01:02:00.333 W] Warning: detected OpenGL error 'invalid operation' at end of Geometry::drawImplementation().
[01:02:00.333 W] Warning: detected OpenGL error 'invalid operation' at end of Geometry::drawImplementation().
[01:02:00.333 W] Warning: detected OpenGL error 'invalid operation' at end of Geometry::drawImplementation().
[01:02:00.333 W] Warning: detected OpenGL error 'invalid operation' at end of Geometry::drawImplementation().
[01:02:00.333 W] Warning: detected OpenGL error 'invalid operation' at end of Geometry::drawImplementation().
[01:02:00.333 W] Warning: detected OpenGL error 'invalid operation' at end of Geometry::drawImplementation().
[01:02:00.333 W] Warning: detected OpenGL error 'invalid operation' at end of Geometry::drawImplementation().
[01:02:00.333 W] Warning: detected OpenGL error 'invalid operation' at end of Geometry::drawImplementation().
[01:02:00.333 W] Warning: detected OpenGL error 'invalid operation' at end of Geometry::drawImplementation().
[01:02:00.333 W] Warning: detected OpenGL error 'invalid operation' at end of Geometry::drawImplementation().
[01:02:00.333 W] Warning: detected OpenGL error 'invalid operation' at end of Geometry::drawImplementation().
[01:02:00.333 W] Warning: detected OpenGL error 'invalid operation' at end of Geometry::drawImplementation().
[01:02:00.333 W] Warning: detected OpenGL error 'invalid operation' at end of Geometry::drawImplementation().
[01:02:00.333 W] Warning: detected OpenGL error 'invalid operation' at end of Geometry::drawImplementation().
[01:02:00.333 W] Warning: detected OpenGL error 'invalid operation' at end of Geometry::drawImplementation().
[01:02:00.333 W] Warning: detected OpenGL error 'invalid operation' at end of Geometry::drawImplementation().
[01:02:00.333 W] Warning: detected OpenGL error 'invalid operation' at end of Geometry::drawImplementation().
[01:02:00.333 W] Warning: detected OpenGL error 'invalid operation' at end of Geometry::drawImplementation().
[01:02:00.333 W] Warning: detected OpenGL error 'invalid operation' at end of Geometry::drawImplementation().
[01:02:00.333 W] Warning: detected OpenGL error 'invalid operation' at end of Geometry::drawImplementation().
[01:02:00.333 W] Warning: detected OpenGL error 'invalid operation' at end of Geometry::drawImplementation().
[01:02:00.333 W] Warning: detected OpenGL error 'invalid operation' at end of Geometry::drawImplementation().
[01:02:00.333 W] Warning: detected OpenGL error 'invalid operation' at end of Geometry::drawImplementation().
[01:02:00.333 W] Warning: detected OpenGL error 'invalid operation' at end of Geometry::drawImplementation().
[01:02:00.333 W] Warning: detected OpenGL error 'invalid operation' at end of Geometry::drawImplementation().
[01:02:00.333 W] Warning: detected OpenGL error 'invalid operation' at end of Geometry::drawImplementation().
[01:02:00.333 W] Warning: detected OpenGL error 'invalid operation' at end of Geometry::drawImplementation().
[01:02:00.333 W] Warning: detected OpenGL error 'invalid operation' at end of Geometry::drawImplementation().
[01:02:00.333 W] Warning: detected OpenGL error 'invalid operation' at end of Geometry::drawImplementation().
[01:02:00.333 W] Warning: detected OpenGL error 'invalid operation' at end of Geometry::drawImplementation().
[01:02:00.333 W] Warning: detected OpenGL error 'invalid operation' at end of Geometry::drawImplementation().
[01:02:00.333 W] Warning: detected OpenGL error 'invalid operation' at end of Geometry::drawImplementation().
[01:02:00.333 W] Warning: detected OpenGL error 'invalid operation' at end of Geometry::drawImplementation().
[01:02:00.333 W] Warning: detected OpenGL error 'invalid operation' at end of Geometry::drawImplementation().
[01:02:00.333 W] Warning: detected OpenGL error 'invalid operation' at end of Geometry::drawImplementation().
[01:02:00.333 W] Warning: detected OpenGL error 'invalid operation' at end of Geometry::drawImplementation().
[01:02:00.333 W] Warning: detected OpenGL error 'invalid operation' at end of Geometry::drawImplementation().
[01:02:00.333 W] Warning: detected OpenGL error 'invalid operation' at end of Geometry::drawImplementation().
[01:02:00.333 W] Warning: detected OpenGL error 'invalid operation' at end of Geometry::drawImplementation().
[01:02:00.333 W] Warning: detected OpenGL error 'invalid operation' at end of Geometry::drawImplementation().
[01:02:00.333 W] Warning: detected OpenGL error 'invalid operation' at end of Geometry::drawImplementation().
[01:02:00.333 W] Warning: detected OpenGL error 'invalid operation' at end of Geometry::drawImplementation().
[01:02:00.333 W] Warning: detected OpenGL error 'invalid operation' at end of Geometry::drawImplementation().
[01:02:00.333 W] Warning: detected OpenGL error 'invalid operation' at end of Geometry::drawImplementation().
[01:02:00.333 W] Warning: detected OpenGL error 'invalid operation' at end of Geometry::drawImplementation().
[01:02:00.333 W] Warning: detected OpenGL error 'invalid operation' at end of Geometry::drawImplementation().
[01:02:00.333 W] Warning: detected OpenGL error 'invalid operation' at end of Geometry::drawImplementation().
[01:02:00.333 W] Warning: detected OpenGL error 'invalid operation' at end of Geometry::drawImplementation().
[01:02:00.333 W] Warning: detected OpenGL error 'invalid operation' at end of Geometry::drawImplementation().
[01:02:00.333 W] Warning: detected OpenGL error 'invalid operation' at end of Geometry::drawImplementation().
[01:02:00.333 W] Warning: detected OpenGL error 'invalid operation' at end of Geometry::drawImplementation().
[01:02:00.333 W] Warning: detected OpenGL error 'invalid operation' at end of Geometry::drawImplementation().
[01:02:00.333 W] Warning: detected OpenGL error 'invalid operation' at end of Geometry::drawImplementation().
[01:02:00.333 W] Warning: detected OpenGL error 'invalid operation' at end of Geometry::drawImplementation().
[01:02:00.334 W] Warning: detected OpenGL error 'invalid operation' at end of Geometry::drawImplementation().
[01:02:00.334 W] Warning: detected OpenGL error 'invalid operation' at end of Geometry::drawImplementation().
[01:02:00.334 W] Warning: detected OpenGL error 'invalid operation' at end of Geometry::drawImplementation().
[01:02:00.334 W] Warning: detected OpenGL error 'invalid operation' at end of Geometry::drawImplementation().
[01:02:00.334 W] Warning: detected OpenGL error 'invalid operation' at end of Geometry::drawImplementation().
[01:02:00.334 W] Warning: detected OpenGL error 'invalid operation' at end of Geometry::drawImplementation().
[01:02:00.334 W] Warning: detected OpenGL error 'invalid operation' at end of Geometry::drawImplementation().
[01:02:00.334 W] Warning: detected OpenGL error 'invalid operation' at end of Geometry::drawImplementation().
[01:02:00.334 W] Warning: detected OpenGL error 'invalid operation' at end of Geometry::drawImplementation().
[01:02:00.334 W] Warning: detected OpenGL error 'invalid operation' at end of Geometry::drawImplementation().
[01:02:00.334 W] Warning: detected OpenGL error 'invalid operation' at end of Geometry::drawImplementation().
[01:02:00.334 W] Warning: detected OpenGL error 'invalid operation' at end of Geometry::drawImplementation().
[01:02:00.334 W] Warning: detected OpenGL error 'invalid operation' at end of Geometry::drawImplementation().
[01:02:00.334 W] Warning: detected OpenGL error 'invalid operation' at end of Geometry::drawImplementation().
[01:02:00.334 W] Warning: detected OpenGL error 'invalid operation' at end of Geometry::drawImplementation().
[01:02:00.334 W] Warning: detected OpenGL error 'invalid operation' at end of Geometry::drawImplementation().
[01:02:00.334 W] Warning: detected OpenGL error 'invalid operation' at end of Geometry::drawImplementation().
[01:02:00.334 W] Warning: detected OpenGL error 'invalid operation' at end of Geometry::drawImplementation().
[01:02:00.334 W] Warning: detected OpenGL error 'invalid operation' at end of Geometry::drawImplementation().
[01:02:00.334 W] Warning: detected OpenGL error 'invalid operation' at end of Geometry::drawImplementation().
[01:02:00.334 W] Warning: detected OpenGL error 'invalid operation' at end of Geometry::drawImplementation().
[01:02:00.334 W] Warning: detected OpenGL error 'invalid operation' at end of Geometry::drawImplementation().
[01:02:00.334 W] Warning: detected OpenGL error 'invalid operation' at end of Geometry::drawImplementation().
[01:02:00.334 W] Warning: detected OpenGL error 'invalid operation' at end of Geometry::drawImplementation().
[01:02:00.334 W] Warning: detected OpenGL error 'invalid operation' at end of Geometry::drawImplementation().
[01:02:00.334 W] Warning: detected OpenGL error 'invalid operation' at end of Geometry::drawImplementation().
[01:02:00.334 W] Warning: detected OpenGL error 'invalid operation' at end of Geometry::drawImplementation().
[01:02:00.334 W] Warning: detected OpenGL error 'invalid operation' at end of Geometry::drawImplementation().
[01:02:00.334 W] Warning: detected OpenGL error 'invalid operation' at end of Geometry::drawImplementation().
[01:02:00.334 W] Warning: detected OpenGL error 'invalid operation' at end of Geometry::drawImplementation().
[01:02:00.334 W] Warning: detected OpenGL error 'invalid operation' at end of Geometry::drawImplementation().
[01:02:00.334 W] Warning: detected OpenGL error 'invalid operation' at end of Geometry::drawImplementation().
[01:02:00.334 W] Warning: detected OpenGL error 'invalid operation' at end of Geometry::drawImplementation().
[01:02:00.334 W] Warning: detected OpenGL error 'invalid operation' at end of Geometry::drawImplementation().
[01:02:00.334 W] Warning: detected OpenGL error 'invalid operation' at end of Geometry::drawImplementation().
[01:02:00.334 W] Warning: detected OpenGL error 'invalid operation' at end of Geometry::drawImplementation().
[01:02:00.334 W] Warning: detected OpenGL error 'invalid operation' at end of Geometry::drawImplementation().
[01:02:00.334 W] Warning: detected OpenGL error 'invalid operation' at end of Geometry::drawImplementation().
[01:02:00.334 W] Warning: detected OpenGL error 'invalid operation' at end of Geometry::drawImplementation().
[01:02:00.334 W] Warning: detected OpenGL error 'invalid operation' at end of Geometry::drawImplementation().
[01:02:00.334 W] Warning: detected OpenGL error 'invalid operation' at end of Geometry::drawImplementation().
[01:02:00.334 W] Warning: detected OpenGL error 'invalid operation' at end of Geometry::drawImplementation().
[01:02:00.334 W] Warning: detected OpenGL error 'invalid operation' at end of Geometry::drawImplementation().
[01:02:00.334 W] Warning: detected OpenGL error 'invalid operation' at end of Geometry::drawImplementation().
[01:02:00.334 W] Warning: detected OpenGL error 'invalid operation' at end of Geometry::drawImplementation().
[01:02:00.334 W] Warning: detected OpenGL error 'invalid operation' at end of Geometry::drawImplementation().
[01:02:00.334 W] Warning: detected OpenGL error 'invalid operation' at end of Geometry::drawImplementation().
[01:02:00.334 W] Warning: detected OpenGL error 'invalid operation' at end of Geometry::drawImplementation().
[01:02:00.334 W] Warning: detected OpenGL error 'invalid operation' at end of Geometry::drawImplementation().
[01:02:00.334 W] Warning: detected OpenGL error 'invalid operation' at end of Geometry::drawImplementation().
[01:02:00.334 W] Warning: detected OpenGL error 'invalid operation' at end of Geometry::drawImplementation().
[01:02:00.334 W] Warning: detected OpenGL error 'invalid operation' at end of Geometry::drawImplementation().
[01:02:00.334 W] Warning: detected OpenGL error 'invalid operation' at end of Geometry::drawImplementation().
[01:02:00.334 W] Warning: detected OpenGL error 'invalid operation' at end of Geometry::drawImplementation().
[01:02:00.334 W] Warning: detected OpenGL error 'invalid operation' at end of Geometry::drawImplementation().
[01:02:00.334 W] Warning: detected OpenGL error 'invalid operation' at end of Geometry::drawImplementation().
[01:02:00.334 W] Warning: detected OpenGL error 'invalid operation' at end of Geometry::drawImplementation().
[01:02:00.334 W] Warning: detected OpenGL error 'invalid operation' at end of Geometry::drawImplementation().
[01:02:00.334 W] Warning: detected OpenGL error 'invalid operation' at end of Geometry::drawImplementation().
[01:02:00.334 W] Warning: detected OpenGL error 'invalid operation' at end of Geometry::drawImplementation().
[01:02:00.334 W] Warning: detected OpenGL error 'invalid operation' at end of Geometry::drawImplementation().
[01:02:00.334 W] Warning: detected OpenGL error 'invalid operation' at end of Geometry::drawImplementation().
[01:02:00.334 W] Warning: detected OpenGL error 'invalid operation' at end of Geometry::drawImplementation().
[01:02:00.334 W] Warning: detected OpenGL error 'invalid operation' at end of Geometry::drawImplementation().
[01:02:00.334 W] Warning: detected OpenGL error 'invalid operation' at end of Geometry::drawImplementation().
[01:02:00.334 W] Warning: detected OpenGL error 'invalid operation' at end of Geometry::drawImplementation().
[01:02:00.334 W] Warning: detected OpenGL error 'invalid operation' at end of Geometry::drawImplementation().
[01:02:00.334 W] Warning: detected OpenGL error 'invalid operation' at end of Geometry::drawImplementation().
[01:02:00.334 W] Warning: detected OpenGL error 'invalid operation' at end of Geometry::drawImplementation().
[01:02:00.334 W] Warning: detected OpenGL error 'invalid operation' at end of Geometry::drawImplementation().
[01:02:00.334 W] Warning: detected OpenGL error 'invalid operation' at end of Geometry::drawImplementation().
[01:02:00.334 W] Warning: detected OpenGL error 'invalid operation' at end of Geometry::drawImplementation().
[01:02:00.334 W] Warning: detected OpenGL error 'invalid operation' at end of Geometry::drawImplementation().
[01:02:00.334 W] Warning: detected OpenGL error 'invalid operation' at end of Geometry::drawImplementation().
[01:02:00.334 W] Warning: detected OpenGL error 'invalid operation' at end of Geometry::drawImplementation().
[01:02:00.334 W] Warning: detected OpenGL error 'invalid operation' at end of Geometry::drawImplementation().
[01:02:00.334 W] Warning: detected OpenGL error 'invalid operation' at end of Geometry::drawImplementation().
[01:02:00.334 W] Warning: detected OpenGL error 'invalid operation' at end of Geometry::drawImplementation().
[01:02:00.334 W] Warning: detected OpenGL error 'invalid operation' at end of Geometry::drawImplementation().
[01:02:00.334 W] Warning: detected OpenGL error 'invalid operation' at end of Geometry::drawImplementation().
[01:02:00.334 W] Warning: detected OpenGL error 'invalid operation' at end of Geometry::drawImplementation().
[01:02:00.334 W] Warning: detected OpenGL error 'invalid operation' at end of Geometry::drawImplementation().
[01:02:00.334 W] Warning: detected OpenGL error 'invalid operation' at end of Geometry::drawImplementation().
[01:02:00.334 W] Warning: detected OpenGL error 'invalid operation' at end of Geometry::drawImplementation().
[01:02:00.334 W] Warning: detected OpenGL error 'invalid operation' at end of Geometry::drawImplementation().
[01:02:00.334 W] Warning: detected OpenGL error 'invalid operation' at end of Geometry::drawImplementation().
[01:02:00.334 W] Warning: detected OpenGL error 'invalid operation' at end of Geometry::drawImplementation().
[01:02:00.334 W] Warning: detected OpenGL error 'invalid operation' at end of Geometry::drawImplementation().
[01:02:00.334 W] Warning: detected OpenGL error 'invalid operation' at end of Geometry::drawImplementation().
[01:02:00.334 W] Warning: detected OpenGL error 'invalid operation' at end of Geometry::drawImplementation().
[01:02:00.334 W] Warning: detected OpenGL error 'invalid operation' at end of Geometry::drawImplementation().
[01:02:00.334 W] Warning: detected OpenGL error 'invalid operation' at end of Geometry::drawImplementation().
[01:02:00.334 W] Warning: detected OpenGL error 'invalid operation' at end of Geometry::drawImplementation().
[01:02:00.334 W] Warning: detected OpenGL error 'invalid operation' at end of Geometry::drawImplementation().
[01:02:00.334 W] Warning: detected OpenGL error 'invalid operation' at end of Geometry::drawImplementation().
[01:02:00.334 W] Warning: detected OpenGL error 'invalid operation' at end of Geometry::drawImplementation().
[01:02:00.334 W] Warning: detected OpenGL error 'invalid operation' at end of Geometry::drawImplementation().
[01:02:00.334 W] Warning: detected OpenGL error 'invalid operation' at end of Geometry::drawImplementation().
[01:02:00.334 W] Warning: detected OpenGL error 'invalid operation' at end of Geometry::drawImplementation().
[01:02:00.334 W] Warning: detected OpenGL error 'invalid operation' at end of Geometry::drawImplementation().
[01:02:00.334 W] Warning: detected OpenGL error 'invalid operation' at end of Geometry::drawImplementation().
[01:02:00.334 W] Warning: detected OpenGL error 'invalid operation' at end of Geometry::drawImplementation().
[01:02:00.334 W] Warning: detected OpenGL error 'invalid operation' at end of Geometry::drawImplementation().
[01:02:00.334 W] Warning: detected OpenGL error 'invalid operation' at end of Geometry::drawImplementation().
[01:02:00.334 W] Warning: detected OpenGL error 'invalid operation' at end of Geometry::drawImplementation().
[01:02:00.334 W] Warning: detected OpenGL error 'invalid operation' at end of Geometry::drawImplementation().
[01:02:00.334 W] Warning: detected OpenGL error 'invalid operation' at end of Geometry::drawImplementation().
[01:02:00.334 W] Warning: detected OpenGL error 'invalid operation' at end of Geometry::drawImplementation().
[01:02:00.334 W] Warning: detected OpenGL error 'invalid operation' at end of Geometry::drawImplementation().
[01:02:00.334 W] Warning: detected OpenGL error 'invalid operation' at end of Geometry::drawImplementation().
[01:02:00.334 W] Warning: detected OpenGL error 'invalid operation' at end of Geometry::drawImplementation().
[01:02:00.334 W] Warning: detected OpenGL error 'invalid operation' at end of Geometry::drawImplementation().
[01:02:00.334 W] Warning: detected OpenGL error 'invalid operation' at end of Geometry::drawImplementation().
[01:02:00.334 W] Warning: detected OpenGL error 'invalid operation' at end of Geometry::drawImplementation().
[01:02:00.334 W] Warning: detected OpenGL error 'invalid operation' at end of Geometry::drawImplementation().
[01:02:00.334 W] Warning: detected OpenGL error 'invalid operation' at end of Geometry::drawImplementation().
[01:02:00.334 W] Warning: detected OpenGL error 'invalid operation' at end of Geometry::drawImplementation().
[01:02:00.334 W] Warning: detected OpenGL error 'invalid operation' at end of Geometry::drawImplementation().
[01:02:00.334 W] Warning: detected OpenGL error 'invalid operation' at end of Geometry::drawImplementation().
[01:02:00.334 W] Warning: detected OpenGL error 'invalid operation' at end of Geometry::drawImplementation().
[01:02:00.334 W] Warning: detected OpenGL error 'invalid operation' at end of Geometry::drawImplementation().
[01:02:00.334 W] Warning: detected OpenGL error 'invalid operation' at end of Geometry::drawImplementation().
[01:02:00.334 W] Warning: detected OpenGL error 'invalid operation' at end of Geometry::drawImplementation().
[01:02:00.334 W] Warning: detected OpenGL error 'invalid operation' at end of Geometry::drawImplementation().
[01:02:00.334 W] Warning: detected OpenGL error 'invalid operation' at end of Geometry::drawImplementation().
[01:02:00.334 W] Warning: detected OpenGL error 'invalid operation' at end of Geometry::drawImplementation().
[01:02:00.334 W] Warning: detected OpenGL error 'invalid operation' at end of Geometry::drawImplementation().
[01:02:00.334 W] Warning: detected OpenGL error 'invalid operation' at end of Geometry::drawImplementation().
[01:02:00.334 W] Warning: detected OpenGL error 'invalid operation' at end of Geometry::drawImplementation().
[01:02:00.334 W] Warning: detected OpenGL error 'invalid operation' at end of Geometry::drawImplementation().
[01:02:00.334 W] Warning: detected OpenGL error 'invalid operation' at end of Geometry::drawImplementation().
[01:02:00.334 W] Warning: detected OpenGL error 'invalid operation' at end of Geometry::drawImplementation().
[01:02:00.334 W] Warning: detected OpenGL error 'invalid operation' at end of Geometry::drawImplementation().
[01:02:00.334 W] Warning: detected OpenGL error 'invalid operation' at end of Geometry::drawImplementation().
[01:02:00.334 W] Warning: detected OpenGL error 'invalid operation' at end of Geometry::drawImplementation().
[01:02:00.334 W] Warning: detected OpenGL error 'invalid operation' at end of Geometry::drawImplementation().
[01:02:00.334 W] Warning: detected OpenGL error 'invalid operation' at end of Geometry::drawImplementation().
[01:02:00.334 W] Warning: detected OpenGL error 'invalid operation' at end of Geometry::drawImplementation().
[01:02:00.334 W] Warning: detected OpenGL error 'invalid operation' at end of Geometry::drawImplementation().
[01:02:00.334 W] Warning: detected OpenGL error 'invalid operation' at end of Geometry::drawImplementation().
[01:02:00.334 W] Warning: detected OpenGL error 'invalid operation' at end of Geometry::drawImplementation().
[01:02:00.334 W] Warning: detected OpenGL error 'invalid operation' at end of Geometry::drawImplementation().
[01:02:00.334 W] Warning: detected OpenGL error 'invalid operation' at end of Geometry::drawImplementation().
[01:02:00.334 W] Warning: detected OpenGL error 'invalid operation' at end of Geometry::drawImplementation().
[01:02:00.334 W] Warning: detected OpenGL error 'invalid operation' at end of Geometry::drawImplementation().
[01:02:00.334 W] Warning: detected OpenGL error 'invalid operation' at end of Geometry::drawImplementation().
[01:02:00.334 W] Warning: detected OpenGL error 'invalid operation' at end of Geometry::drawImplementation().
[01:02:00.334 W] Warning: detected OpenGL error 'invalid operation' at end of Geometry::drawImplementation().
[01:02:00.334 W] Warning: detected OpenGL error 'invalid operation' at end of Geometry::drawImplementation().
[01:02:00.334 W] Warning: detected OpenGL error 'invalid operation' at end of Geometry::drawImplementation().
[01:02:00.334 W] Warning: detected OpenGL error 'invalid operation' at end of Geometry::drawImplementation().
[01:02:00.334 W] Warning: detected OpenGL error 'invalid operation' at end of Geometry::drawImplementation().
[01:02:00.334 W] Warning: detected OpenGL error 'invalid operation' at end of Geometry::drawImplementation().
[01:02:00.334 W] Warning: detected OpenGL error 'invalid operation' at end of Geometry::drawImplementation().
[01:02:00.334 W] Warning: detected OpenGL error 'invalid operation' at end of Geometry::drawImplementation().
[01:02:00.334 W] Warning: detected OpenGL error 'invalid operation' at end of Geometry::drawImplementation().
[01:02:00.334 W] Warning: detected OpenGL error 'invalid operation' at end of Geometry::drawImplementation().
[01:02:00.334 W] Warning: detected OpenGL error 'invalid operation' at end of Geometry::drawImplementation().
[01:02:00.334 W] Warning: detected OpenGL error 'invalid operation' at end of Geometry::drawImplementation().
[01:02:00.334 W] Warning: detected OpenGL error 'invalid operation' at end of Geometry::drawImplementation().
[01:02:00.334 W] Warning: detected OpenGL error 'invalid operation' at end of Geometry::drawImplementation().
[01:02:00.334 W] Warning: detected OpenGL error 'invalid operation' at end of Geometry::drawImplementation().
[01:02:00.334 W] Warning: detected OpenGL error 'invalid operation' at end of Geometry::drawImplementation().
[01:02:00.334 W] Warning: detected OpenGL error 'invalid operation' at end of Geometry::drawImplementation().
[01:02:00.334 W] Warning: detected OpenGL error 'invalid operation' at end of Geometry::drawImplementation().
[01:02:00.334 W] Warning: detected OpenGL error 'invalid operation' at end of Geometry::drawImplementation().
[01:02:00.334 W] Warning: detected OpenGL error 'invalid operation' at end of Geometry::drawImplementation().
[01:02:00.334 W] Warning: detected OpenGL error 'invalid operation' at end of Geometry::drawImplementation().
[01:02:00.334 W] Warning: detected OpenGL error 'invalid operation' at end of Geometry::drawImplementation().
[01:02:00.334 W] Warning: detected OpenGL error 'invalid operation' at end of Geometry::drawImplementation().
[01:02:00.334 W] Warning: detected OpenGL error 'invalid operation' at end of Geometry::drawImplementation().
[01:02:00.334 W] Warning: detected OpenGL error 'invalid operation' at end of Geometry::drawImplementation().
[01:02:00.334 W] Warning: detected OpenGL error 'invalid operation' at end of Geometry::drawImplementation().
[01:02:00.334 W] Warning: detected OpenGL error 'invalid operation' at end of Geometry::drawImplementation().
[01:02:00.334 W] Warning: detected OpenGL error 'invalid operation' at end of Geometry::drawImplementation().
[01:02:00.334 W] Warning: detected OpenGL error 'invalid operation' at end of Geometry::drawImplementation().
[01:02:00.334 W] Warning: detected OpenGL error 'invalid operation' at end of Geometry::drawImplementation().
[01:02:00.334 W] Warning: detected OpenGL error 'invalid operation' at end of Geometry::drawImplementation().
[01:02:00.334 W] Warning: detected OpenGL error 'invalid operation' at end of Geometry::drawImplementation().
[01:02:00.334 W] Warning: detected OpenGL error 'invalid operation' at end of Geometry::drawImplementation().
[01:02:00.334 W] Warning: detected OpenGL error 'invalid operation' at end of Geometry::drawImplementation().
[01:02:00.334 W] Warning: detected OpenGL error 'invalid operation' at end of Geometry::drawImplementation().
[01:02:00.334 W] Warning: detected OpenGL error 'invalid operation' at end of Geometry::drawImplementation().
[01:02:00.334 W] Warning: detected OpenGL error 'invalid operation' at end of Geometry::drawImplementation().
[01:02:00.334 W] Warning: detected OpenGL error 'invalid operation' at end of Geometry::drawImplementation().
[01:02:00.334 W] Warning: detected OpenGL error 'invalid operation' at end of Geometry::drawImplementation().
[01:02:00.334 W] Warning: detected OpenGL error 'invalid operation' at end of Geometry::drawImplementation().
[01:02:00.334 W] Warning: detected OpenGL error 'invalid operation' at end of Geometry::drawImplementation().
[01:02:00.334 W] Warning: detected OpenGL error 'invalid operation' at end of Geometry::drawImplementation().
[01:02:00.334 W] Warning: detected OpenGL error 'invalid operation' at end of Geometry::drawImplementation().
[01:02:00.334 W] Warning: detected OpenGL error 'invalid operation' at end of Geometry::drawImplementation().
[01:02:00.334 W] Warning: detected OpenGL error 'invalid operation' at end of Geometry::drawImplementation().
[01:02:00.335 W] Warning: detected OpenGL error 'invalid operation' at end of Geometry::drawImplementation().
[01:02:00.335 W] Warning: detected OpenGL error 'invalid operation' at end of Geometry::drawImplementation().
[01:02:00.335 W] Warning: detected OpenGL error 'invalid operation' at end of Geometry::drawImplementation().
[01:02:00.335 W] Warning: detected OpenGL error 'invalid operation' at end of Geometry::drawImplementation().
[01:02:00.335 W] Warning: detected OpenGL error 'invalid operation' at end of Geometry::drawImplementation().
[01:02:00.335 W] Warning: detected OpenGL error 'invalid operation' at end of Geometry::drawImplementation().
[01:02:00.335 W] Warning: detected OpenGL error 'invalid operation' at end of Geometry::drawImplementation().
[01:02:00.335 W] Warning: detected OpenGL error 'invalid operation' at end of Geometry::drawImplementation().
[01:02:00.335 W] Warning: detected OpenGL error 'invalid operation' at end of Geometry::drawImplementation().
[01:02:00.335 W] Warning: detected OpenGL error 'invalid operation' at end of Geometry::drawImplementation().
[01:02:00.335 W] Warning: detected OpenGL error 'invalid operation' at end of Geometry::drawImplementation().
[01:02:00.335 W] Warning: detected OpenGL error 'invalid operation' at end of Geometry::drawImplementation().
[01:02:00.335 W] Warning: detected OpenGL error 'invalid operation' at end of Geometry::drawImplementation().
[01:02:00.335 W] Warning: detected OpenGL error 'invalid operation' at end of Geometry::drawImplementation().
[01:02:00.335 W] Warning: detected OpenGL error 'invalid operation' at end of Geometry::drawImplementation().
[01:02:00.335 W] Warning: detected OpenGL error 'invalid operation' at end of Geometry::drawImplementation().
[01:02:00.335 W] Warning: detected OpenGL error 'invalid operation' at end of Geometry::drawImplementation().
[01:02:00.335 W] Warning: detected OpenGL error 'invalid operation' at end of Geometry::drawImplementation().
[01:02:00.335 W] Warning: detected OpenGL error 'invalid operation' at end of Geometry::drawImplementation().
[01:02:00.335 W] Warning: detected OpenGL error 'invalid operation' at end of Geometry::drawImplementation().
[01:02:00.335 W] Warning: detected OpenGL error 'invalid operation' at end of Geometry::drawImplementation().
[01:02:00.335 W] Warning: detected OpenGL error 'invalid operation' at end of Geometry::drawImplementation().
[01:02:00.335 W] Warning: detected OpenGL error 'invalid operation' at end of Geometry::drawImplementation().
[01:02:00.335 W] Warning: detected OpenGL error 'invalid operation' at end of Geometry::drawImplementation().
[01:02:00.335 W] Warning: detected OpenGL error 'invalid operation' at end of Geometry::drawImplementation().
[01:02:00.335 W] Warning: detected OpenGL error 'invalid operation' at end of Geometry::drawImplementation().
[01:02:00.335 W] Warning: detected OpenGL error 'invalid operation' at end of Geometry::drawImplementation().
[01:02:00.335 W] Warning: detected OpenGL error 'invalid operation' at end of Geometry::drawImplementation().
[01:02:00.335 W] Warning: detected OpenGL error 'invalid operation' at end of Geometry::drawImplementation().
[01:02:00.335 W] Warning: detected OpenGL error 'invalid operation' at end of Geometry::drawImplementation().
[01:02:00.335 W] Warning: detected OpenGL error 'invalid operation' at end of Geometry::drawImplementation().
[01:02:00.335 W] Warning: detected OpenGL error 'invalid operation' at end of Geometry::drawImplementation().
[01:02:00.335 W] Warning: detected OpenGL error 'invalid operation' at end of Geometry::drawImplementation().
[01:02:00.340 W] glLinkProgram 0xb905d0f00"" FAILED
[01:02:00.340 W] Program "" infolog:
[01:02:00.340 W] ERROR: duplicate definition of function 'applyClipPlanes'
[01:02:00.340 W] 
[01:02:00.340 W] Warning: detected OpenGL error 'invalid operation' at end of Geometry::drawImplementation().
[01:02:00.340 W] Warning: detected OpenGL error 'invalid operation' at end of Geometry::drawImplementation().
[01:02:00.340 W] Warning: detected OpenGL error 'invalid operation' at end of Geometry::drawImplementation().
[01:02:00.340 W] Warning: detected OpenGL error 'invalid operation' at end of Geometry::drawImplementation().
[01:02:00.340 W] Warning: detected OpenGL error 'invalid operation' at end of Geometry::drawImplementation().
[01:02:00.340 W] Warning: detected OpenGL error 'invalid operation' at end of Geometry::drawImplementation().
[01:02:00.340 W] Warning: detected OpenGL error 'invalid operation' at end of Geometry::drawImplementation().
[01:02:00.340 W] Warning: detected OpenGL error 'invalid operation' at end of Geometry::drawImplementation().
[01:02:00.340 W] Warning: detected OpenGL error 'invalid operation' at end of Geometry::drawImplementation().
[01:02:00.340 W] Warning: detected OpenGL error 'invalid operation' at end of Geometry::drawImplementation().
[01:02:00.340 W] Warning: detected OpenGL error 'invalid operation' at end of Geometry::drawImplementation().
[01:02:00.340 W] Warning: detected OpenGL error 'invalid operation' at end of Geometry::drawImplementation().
[01:02:00.340 W] Warning: detected OpenGL error 'invalid operation' at end of Geometry::drawImplementation().
[01:02:00.340 W] Warning: detected OpenGL error 'invalid operation' at end of Geometry::drawImplementation().
[01:02:00.340 W] Warning: detected OpenGL error 'invalid operation' at end of Geometry::drawImplementation().
[01:02:00.340 W] Warning: detected OpenGL error 'invalid operation' at end of Geometry::drawImplementation().
[01:02:00.340 W] Warning: detected OpenGL error 'invalid operation' at end of Geometry::drawImplementation().
[01:02:00.340 W] Warning: detected OpenGL error 'invalid operation' at end of Geometry::drawImplementation().
[01:02:00.340 W] Warning: detected OpenGL error 'invalid operation' at end of Geometry::drawImplementation().
[01:02:00.340 W] Warning: detected OpenGL error 'invalid operation' at end of Geometry::drawImplementation().
[01:02:00.340 W] Warning: detected OpenGL error 'invalid operation' at end of Geometry::drawImplementation().
[01:02:00.340 W] Warning: detected OpenGL error 'invalid operation' at end of Geometry::drawImplementation().
[01:02:00.340 W] Warning: detected OpenGL error 'invalid operation' at end of Geometry::drawImplementation().
[01:02:00.340 W] Warning: detected OpenGL error 'invalid operation' at end of Geometry::drawImplementation().
[01:02:00.340 W] Warning: detected OpenGL error 'invalid operation' at end of Geometry::drawImplementation().
[01:02:00.340 W] Warning: detected OpenGL error 'invalid operation' at end of Geometry::drawImplementation().
[01:02:00.340 W] Warning: detected OpenGL error 'invalid operation' at end of Geometry::drawImplementation().
[01:02:00.340 W] Warning: detected OpenGL error 'invalid operation' at end of Geometry::drawImplementation().
[01:02:00.340 W] Warning: detected OpenGL error 'invalid operation' at end of Geometry::drawImplementation().
[01:02:00.340 W] Warning: detected OpenGL error 'invalid operation' at end of Geometry::drawImplementation().
[01:02:00.341 W] Warning: detected OpenGL error 'invalid operation' at end of Geometry::drawImplementation().
[01:02:00.341 W] Warning: detected OpenGL error 'invalid operation' at end of Geometry::drawImplementation().
[01:02:00.341 W] Warning: detected OpenGL error 'invalid operation' at end of Geometry::drawImplementation().
[01:02:00.341 W] Warning: detected OpenGL error 'invalid operation' at end of Geometry::drawImplementation().
[01:02:00.341 W] Warning: detected OpenGL error 'invalid operation' at end of Geometry::drawImplementation().
[01:02:00.341 W] Warning: detected OpenGL error 'invalid operation' at end of Geometry::drawImplementation().
[01:02:00.341 W] Warning: detected OpenGL error 'invalid operation' at end of Geometry::drawImplementation().
[01:02:00.341 W] Warning: detected OpenGL error 'invalid operation' at end of Geometry::drawImplementation().
[01:02:00.341 W] Warning: detected OpenGL error 'invalid operation' at end of Geometry::drawImplementation().
[01:02:00.341 W] Warning: detected OpenGL error 'invalid operation' at end of Geometry::drawImplementation().
[01:02:00.341 W] Warning: detected OpenGL error 'invalid operation' at end of Geometry::drawImplementation().
[01:02:00.341 W] Warning: detected OpenGL error 'invalid operation' at end of Geometry::drawImplementation().
[01:02:00.341 W] Warning: detected OpenGL error 'invalid operation' at end of Geometry::drawImplementation().
[01:02:00.341 W] Warning: detected OpenGL error 'invalid operation' at end of Geometry::drawImplementation().
[01:02:00.341 W] Warning: detected OpenGL error 'invalid operation' at end of Geometry::drawImplementation().
[01:02:00.341 W] Warning: detected OpenGL error 'invalid operation' at end of Geometry::drawImplementation().
[01:02:00.341 W] Warning: detected OpenGL error 'invalid operation' at end of Geometry::drawImplementation().
[01:02:00.341 W] Warning: detected OpenGL error 'invalid operation' at end of Geometry::drawImplementation().
[01:02:00.341 W] Warning: detected OpenGL error 'invalid operation' at end of Geometry::drawImplementation().
[01:02:00.341 W] Warning: detected OpenGL error 'invalid operation' at end of Geometry::drawImplementation().
[01:02:00.341 W] Warning: detected OpenGL error 'invalid operation' at end of Geometry::drawImplementation().
[01:02:00.342 W] Warning: detected OpenGL error 'invalid operation' at end of Geometry::drawImplementation().
[01:02:00.342 W] Warning: detected OpenGL error 'invalid operation' at end of Geometry::drawImplementation().
[01:02:00.342 W] Warning: detected OpenGL error 'invalid operation' at end of Geometry::drawImplementation().
[01:02:00.342 W] Warning: detected OpenGL error 'invalid operation' at end of Geometry::drawImplementation().
[01:02:00.342 W] Warning: detected OpenGL error 'invalid operation' at end of Geometry::drawImplementation().
[01:02:00.342 W] Warning: detected OpenGL error 'invalid operation' at end of Geometry::drawImplementation().
[01:02:00.342 W] Warning: detected OpenGL error 'invalid operation' at end of Geometry::drawImplementation().
[01:02:00.342 W] Warning: detected OpenGL error 'invalid operation' at end of Geometry::drawImplementation().
[01:02:00.342 W] Warning: detected OpenGL error 'invalid operation' at end of Geometry::drawImplementation().
[01:02:00.342 W] Warning: detected OpenGL error 'invalid operation' at end of Geometry::drawImplementation().
[01:02:00.342 W] Warning: detected OpenGL error 'invalid operation' at end of Geometry::drawImplementation().
[01:02:00.342 W] Warning: detected OpenGL error 'invalid operation' at end of Geometry::drawImplementation().
[01:02:00.342 W] Warning: detected OpenGL error 'invalid operation' at end of Geometry::drawImplementation().
[01:02:00.342 W] Warning: detected OpenGL error 'invalid operation' at end of Geometry::drawImplementation().
[01:02:00.342 W] Warning: detected OpenGL error 'invalid operation' at end of Geometry::drawImplementation().
[01:02:00.342 W] Warning: detected OpenGL error 'invalid operation' at end of Geometry::drawImplementation().
[01:02:00.342 W] Warning: detected OpenGL error 'invalid operation' at end of Geometry::drawImplementation().
[01:02:00.342 W] Warning: detected OpenGL error 'invalid operation' at end of Geometry::drawImplementation().
[01:02:00.342 W] Warning: detected OpenGL error 'invalid operation' at end of Geometry::drawImplementation().
[01:02:00.342 W] Warning: detected OpenGL error 'invalid operation' at end of Geometry::drawImplementation().
[01:02:00.342 W] Warning: detected OpenGL error 'invalid operation' at end of Geometry::drawImplementation().
[01:02:00.342 W] Warning: detected OpenGL error 'invalid operation' at end of Geometry::drawImplementation().
[01:02:00.342 W] Warning: detected OpenGL error 'invalid operation' at end of Geometry::drawImplementation().
[01:02:00.342 W] Warning: detected OpenGL error 'invalid operation' at end of Geometry::drawImplementation().
[01:02:00.342 W] Warning: detected OpenGL error 'invalid operation' at end of Geometry::drawImplementation().
[01:02:00.342 W] Warning: detected OpenGL error 'invalid operation' at end of Geometry::drawImplementation().
[01:02:00.342 W] Warning: detected OpenGL error 'invalid operation' at end of Geometry::drawImplementation().
[01:02:00.342 W] Warning: detected OpenGL error 'invalid operation' at end of Geometry::drawImplementation().
[01:02:00.342 W] Warning: detected OpenGL error 'invalid operation' at end of Geometry::drawImplementation().
[01:02:00.342 W] Warning: detected OpenGL error 'invalid operation' at end of Geometry::drawImplementation().
[01:02:00.342 W] Warning: detected OpenGL error 'invalid operation' at end of Geometry::drawImplementation().
[01:02:00.342 W] Warning: detected OpenGL error 'invalid operation' at end of Geometry::drawImplementation().
[01:02:00.342 W] Warning: detected OpenGL error 'invalid operation' at end of Geometry::drawImplementation().
[01:02:00.342 W] Warning: detected OpenGL error 'invalid operation' at end of Geometry::drawImplementation().
[01:02:00.342 W] Warning: detected OpenGL error 'invalid operation' at end of Geometry::drawImplementation().
[01:02:00.342 W] Warning: detected OpenGL error 'invalid operation' at end of Geometry::drawImplementation().
[01:02:00.343 W] Warning: detected OpenGL error 'invalid operation' at end of Geometry::drawImplementation().
[01:02:00.343 W] Warning: detected OpenGL error 'invalid operation' at end of Geometry::drawImplementation().
[01:02:00.343 W] Warning: detected OpenGL error 'invalid operation' at end of Geometry::drawImplementation().
[01:02:00.343 W] Warning: detected OpenGL error 'invalid operation' at end of Geometry::drawImplementation().
[01:02:00.343 W] Warning: detected OpenGL error 'invalid operation' at end of Geometry::drawImplementation().
[01:02:00.343 W] Warning: detected OpenGL error 'invalid operation' at end of Geometry::drawImplementation().
[01:02:00.343 W] Warning: detected OpenGL error 'invalid operation' at end of Geometry::drawImplementation().
[01:02:00.343 W] Warning: detected OpenGL error 'invalid operation' at end of Geometry::drawImplementation().
[01:02:00.343 W] Warning: detected OpenGL error 'invalid operation' at end of Geometry::drawImplementation().
[01:02:00.343 W] Warning: detected OpenGL error 'invalid operation' at end of Geometry::drawImplementation().
[01:02:00.343 W] Warning: detected OpenGL error 'invalid operation' at end of Geometry::drawImplementation().
[01:02:00.343 W] Warning: detected OpenGL error 'invalid operation' at end of Geometry::drawImplementation().
[01:02:00.343 W] Warning: detected OpenGL error 'invalid operation' at end of Geometry::drawImplementation().
[01:02:00.343 W] Warning: detected OpenGL error 'invalid operation' at end of Geometry::drawImplementation().
[01:02:00.343 W] Warning: detected OpenGL error 'invalid operation' at end of Geometry::drawImplementation().
[01:02:00.343 W] Warning: detected OpenGL error 'invalid operation' at end of Geometry::drawImplementation().
[01:02:00.343 W] Warning: detected OpenGL error 'invalid operation' at end of Geometry::drawImplementation().
[01:02:00.343 W] Warning: detected OpenGL error 'invalid operation' at end of Geometry::drawImplementation().
[01:02:00.343 W] Warning: detected OpenGL error 'invalid operation' at end of Geometry::drawImplementation().
[01:02:00.343 W] Warning: detected OpenGL error 'invalid operation' at end of Geometry::drawImplementation().
[01:02:00.343 W] Warning: detected OpenGL error 'invalid operation' at end of Geometry::drawImplementation().
[01:02:00.343 W] Warning: detected OpenGL error 'invalid operation' at end of Geometry::drawImplementation().
[01:02:00.343 W] Warning: detected OpenGL error 'invalid operation' at end of Geometry::drawImplementation().
[01:02:00.343 W] Warning: detected OpenGL error 'invalid operation' at end of Geometry::drawImplementation().
[01:02:00.343 W] Warning: detected OpenGL error 'invalid operation' at end of Geometry::drawImplementation().
[01:02:00.343 W] Warning: detected OpenGL error 'invalid operation' at end of Geometry::drawImplementation().
[01:02:00.343 W] Warning: detected OpenGL error 'invalid operation' at end of Geometry::drawImplementation().
[01:02:00.343 W] Warning: detected OpenGL error 'invalid operation' at end of Geometry::drawImplementation().
[01:02:00.343 W] Warning: detected OpenGL error 'invalid operation' at end of Geometry::drawImplementation().
[01:02:00.343 W] Warning: detected OpenGL error 'invalid operation' at end of Geometry::drawImplementation().
[01:02:00.343 W] Warning: detected OpenGL error 'invalid operation' at end of Geometry::drawImplementation().
[01:02:00.343 W] Warning: detected OpenGL error 'invalid operation' at end of Geometry::drawImplementation().
[01:02:00.343 W] Warning: detected OpenGL error 'invalid operation' at end of Geometry::drawImplementation().
[01:02:00.343 W] Warning: detected OpenGL error 'invalid operation' at end of Geometry::drawImplementation().
[01:02:00.343 W] Warning: detected OpenGL error 'invalid operation' at end of Geometry::drawImplementation().
[01:02:00.343 W] Warning: detected OpenGL error 'invalid operation' at end of Geometry::drawImplementation().
[01:02:00.343 W] Warning: detected OpenGL error 'invalid operation' at end of Geometry::drawImplementation().
[01:02:00.343 W] Warning: detected OpenGL error 'invalid operation' at end of Geometry::drawImplementation().
[01:02:00.343 W] Warning: detected OpenGL error 'invalid operation' at end of Geometry::drawImplementation().
[01:02:00.343 W] Warning: detected OpenGL error 'invalid operation' at end of Geometry::drawImplementation().
[01:02:00.343 W] Warning: detected OpenGL error 'invalid operation' at end of Geometry::drawImplementation().
[01:02:00.343 W] Warning: detected OpenGL error 'invalid operation' at end of Geometry::drawImplementation().
[01:02:00.343 W] Warning: detected OpenGL error 'invalid operation' at end of Geometry::drawImplementation().
[01:02:00.343 W] Warning: detected OpenGL error 'invalid operation' at end of Geometry::drawImplementation().
[01:02:00.343 W] Warning: detected OpenGL error 'invalid operation' at end of Geometry::drawImplementation().
[01:02:00.343 W] Warning: detected OpenGL error 'invalid operation' at end of Geometry::drawImplementation().
[01:02:00.343 W] Warning: detected OpenGL error 'invalid operation' at end of Geometry::drawImplementation().
[01:02:00.343 W] Warning: detected OpenGL error 'invalid operation' at end of Geometry::drawImplementation().
[01:02:00.343 W] Warning: detected OpenGL error 'invalid operation' at end of Geometry::drawImplementation().
[01:02:00.343 W] Warning: detected OpenGL error 'invalid operation' at end of Geometry::drawImplementation().
[01:02:00.343 W] Warning: detected OpenGL error 'invalid operation' at end of Geometry::drawImplementation().
[01:02:00.343 W] Warning: detected OpenGL error 'invalid operation' at end of Geometry::drawImplementation().
[01:02:00.343 W] Warning: detected OpenGL error 'invalid operation' at end of Geometry::drawImplementation().
[01:02:00.343 W] Warning: detected OpenGL error 'invalid operation' at end of Geometry::drawImplementation().
[01:02:00.343 W] Warning: detected OpenGL error 'invalid operation' at end of Geometry::drawImplementation().
[01:02:00.343 W] Warning: detected OpenGL error 'invalid operation' at end of Geometry::drawImplementation().
[01:02:00.343 W] Warning: detected OpenGL error 'invalid operation' at end of Geometry::drawImplementation().
[01:02:00.343 W] Warning: detected OpenGL error 'invalid operation' at end of Geometry::drawImplementation().
[01:02:00.343 W] Warning: detected OpenGL error 'invalid operation' at end of Geometry::drawImplementation().
[01:02:00.343 W] Warning: detected OpenGL error 'invalid operation' at end of Geometry::drawImplementation().
[01:02:00.343 W] Warning: detected OpenGL error 'invalid operation' at end of Geometry::drawImplementation().
[01:02:00.343 W] Warning: detected OpenGL error 'invalid operation' at end of Geometry::drawImplementation().
[01:02:00.343 W] Warning: detected OpenGL error 'invalid operation' at end of Geometry::drawImplementation().
[01:02:00.343 W] Warning: detected OpenGL error 'invalid operation' at end of Geometry::drawImplementation().
[01:02:00.343 W] Warning: detected OpenGL error 'invalid operation' at end of Geometry::drawImplementation().
[01:02:00.343 W] Warning: detected OpenGL error 'invalid operation' at end of Geometry::drawImplementation().
[01:02:00.343 W] Warning: detected OpenGL error 'invalid operation' at end of Geometry::drawImplementation().
[01:02:00.343 W] Warning: detected OpenGL error 'invalid operation' at end of Geometry::drawImplementation().
[01:02:00.343 W] Warning: detected OpenGL error 'invalid operation' at end of Geometry::drawImplementation().
[01:02:00.343 W] Warning: detected OpenGL error 'invalid operation' at end of Geometry::drawImplementation().
[01:02:00.343 W] Warning: detected OpenGL error 'invalid operation' at end of Geometry::drawImplementation().
[01:02:00.343 W] Warning: detected OpenGL error 'invalid operation' at end of Geometry::drawImplementation().
[01:02:00.343 W] Warning: detected OpenGL error 'invalid operation' at end of Geometry::drawImplementation().
[01:02:00.343 W] Warning: detected OpenGL error 'invalid operation' at end of Geometry::drawImplementation().
[01:02:00.343 W] Warning: detected OpenGL error 'invalid operation' at end of Geometry::drawImplementation().
[01:02:00.343 W] Warning: detected OpenGL error 'invalid operation' at end of Geometry::drawImplementation().
[01:02:00.343 W] Warning: detected OpenGL error 'invalid operation' at end of Geometry::drawImplementation().
[01:02:00.343 W] Warning: detected OpenGL error 'invalid operation' at end of Geometry::drawImplementation().
[01:02:00.343 W] Warning: detected OpenGL error 'invalid operation' at end of Geometry::drawImplementation().
[01:02:00.343 W] Warning: detected OpenGL error 'invalid operation' at end of Geometry::drawImplementation().
[01:02:00.343 W] Warning: detected OpenGL error 'invalid operation' at end of Geometry::drawImplementation().
[01:02:00.343 W] Warning: detected OpenGL error 'invalid operation' at end of Geometry::drawImplementation().
[01:02:00.343 W] Warning: detected OpenGL error 'invalid operation' at end of Geometry::drawImplementation().
[01:02:00.343 W] Warning: detected OpenGL error 'invalid operation' at end of Geometry::drawImplementation().
[01:02:00.343 W] Warning: detected OpenGL error 'invalid operation' at end of Geometry::drawImplementation().
[01:02:00.343 W] Warning: detected OpenGL error 'invalid operation' at end of Geometry::drawImplementation().
[01:02:00.343 W] Warning: detected OpenGL error 'invalid operation' at end of Geometry::drawImplementation().
[01:02:00.343 W] Warning: detected OpenGL error 'invalid operation' at end of Geometry::drawImplementation().
[01:02:00.343 W] Warning: detected OpenGL error 'invalid operation' at end of Geometry::drawImplementation().
[01:02:00.343 W] Warning: detected OpenGL error 'invalid operation' at end of Geometry::drawImplementation().
[01:02:00.343 W] Warning: detected OpenGL error 'invalid operation' at end of Geometry::drawImplementation().
[01:02:00.343 W] Warning: detected OpenGL error 'invalid operation' at end of Geometry::drawImplementation().
[01:02:00.343 W] Warning: detected OpenGL error 'invalid operation' at end of Geometry::drawImplementation().
[01:02:00.343 W] Warning: detected OpenGL error 'invalid operation' at end of Geometry::drawImplementation().
[01:02:00.343 W] Warning: detected OpenGL error 'invalid operation' at end of Geometry::drawImplementation().
[01:02:00.343 W] Warning: detected OpenGL error 'invalid operation' at end of Geometry::drawImplementation().
[01:02:00.343 W] Warning: detected OpenGL error 'invalid operation' at end of Geometry::drawImplementation().
[01:02:00.343 W] Warning: detected OpenGL error 'invalid operation' at end of Geometry::drawImplementation().
[01:02:00.343 W] Warning: detected OpenGL error 'invalid operation' at end of Geometry::drawImplementation().
[01:02:00.343 W] Warning: detected OpenGL error 'invalid operation' at end of Geometry::drawImplementation().
[01:02:00.343 W] Warning: detected OpenGL error 'invalid operation' at end of Geometry::drawImplementation().
[01:02:00.343 W] Warning: detected OpenGL error 'invalid operation' at end of Geometry::drawImplementation().
[01:02:00.343 W] Warning: detected OpenGL error 'invalid operation' at end of Geometry::drawImplementation().
[01:02:00.343 W] Warning: detected OpenGL error 'invalid operation' at end of Geometry::drawImplementation().
[01:02:00.343 W] Warning: detected OpenGL error 'invalid operation' at end of Geometry::drawImplementation().
[01:02:00.343 W] Warning: detected OpenGL error 'invalid operation' at end of Geometry::drawImplementation().
[01:02:00.343 W] Warning: detected OpenGL error 'invalid operation' at end of Geometry::drawImplementation().
[01:02:00.343 W] Warning: detected OpenGL error 'invalid operation' at end of Geometry::drawImplementation().
[01:02:00.343 W] Warning: detected OpenGL error 'invalid operation' at end of Geometry::drawImplementation().
[01:02:00.343 W] Warning: detected OpenGL error 'invalid operation' at end of Geometry::drawImplementation().
[01:02:00.343 W] Warning: detected OpenGL error 'invalid operation' at end of Geometry::drawImplementation().
[01:02:00.343 W] Warning: detected OpenGL error 'invalid operation' at end of Geometry::drawImplementation().
[01:02:00.343 W] Warning: detected OpenGL error 'invalid operation' at end of Geometry::drawImplementation().
[01:02:00.343 W] Warning: detected OpenGL error 'invalid operation' at end of Geometry::drawImplementation().
[01:02:00.343 W] Warning: detected OpenGL error 'invalid operation' at end of Geometry::drawImplementation().
[01:02:00.343 W] Warning: detected OpenGL error 'invalid operation' at end of Geometry::drawImplementation().
[01:02:00.343 W] Warning: detected OpenGL error 'invalid operation' at end of Geometry::drawImplementation().
[01:02:00.343 W] Warning: detected OpenGL error 'invalid operation' at end of Geometry::drawImplementation().
[01:02:00.343 W] Warning: detected OpenGL error 'invalid operation' at end of Geometry::drawImplementation().
[01:02:00.343 W] Warning: detected OpenGL error 'invalid operation' at end of Geometry::drawImplementation().
[01:02:00.343 W] Warning: detected OpenGL error 'invalid operation' at end of Geometry::drawImplementation().
[01:02:00.343 W] Warning: detected OpenGL error 'invalid operation' at end of Geometry::drawImplementation().
[01:02:00.343 W] Warning: detected OpenGL error 'invalid operation' at end of Geometry::drawImplementation().
[01:02:00.343 W] Warning: detected OpenGL error 'invalid operation' at end of Geometry::drawImplementation().
[01:02:00.343 W] Warning: detected OpenGL error 'invalid operation' at end of Geometry::drawImplementation().
[01:02:00.343 W] Warning: detected OpenGL error 'invalid operation' at end of Geometry::drawImplementation().
[01:02:00.343 W] Warning: detected OpenGL error 'invalid operation' at end of Geometry::drawImplementation().
[01:02:00.343 W] Warning: detected OpenGL error 'invalid operation' at end of Geometry::drawImplementation().
[01:02:00.343 W] Warning: detected OpenGL error 'invalid operation' at end of Geometry::drawImplementation().
[01:02:00.343 W] Warning: detected OpenGL error 'invalid operation' at end of Geometry::drawImplementation().
[01:02:00.343 W] Warning: detected OpenGL error 'invalid operation' at end of Geometry::drawImplementation().
[01:02:00.343 W] Warning: detected OpenGL error 'invalid operation' at end of Geometry::drawImplementation().
[01:02:00.343 W] Warning: detected OpenGL error 'invalid operation' at end of Geometry::drawImplementation().
[01:02:00.343 W] Warning: detected OpenGL error 'invalid operation' at end of Geometry::drawImplementation().
[01:02:00.343 W] Warning: detected OpenGL error 'invalid operation' at end of Geometry::drawImplementation().
[01:02:00.343 W] Warning: detected OpenGL error 'invalid operation' at end of Geometry::drawImplementation().
[01:02:00.343 W] Warning: detected OpenGL error 'invalid operation' at end of Geometry::drawImplementation().
[01:02:00.343 W] Warning: detected OpenGL error 'invalid operation' at end of Geometry::drawImplementation().
[01:02:00.343 W] Warning: detected OpenGL error 'invalid operation' at end of Geometry::drawImplementation().
[01:02:00.343 W] Warning: detected OpenGL error 'invalid operation' at end of Geometry::drawImplementation().
[01:02:00.344 W] Warning: detected OpenGL error 'invalid operation' at end of Geometry::drawImplementation().
[01:02:00.344 W] Warning: detected OpenGL error 'invalid operation' at end of Geometry::drawImplementation().
[01:02:00.344 W] Warning: detected OpenGL error 'invalid operation' at end of Geometry::drawImplementation().
[01:02:00.344 W] Warning: detected OpenGL error 'invalid operation' at end of Geometry::drawImplementation().
[01:02:00.344 W] Warning: detected OpenGL error 'invalid operation' at end of Geometry::drawImplementation().
[01:02:00.344 W] Warning: detected OpenGL error 'invalid operation' at end of Geometry::drawImplementation().
[01:02:00.344 W] Warning: detected OpenGL error 'invalid operation' at end of Geometry::drawImplementation().
[01:02:00.344 W] Warning: detected OpenGL error 'invalid operation' at end of Geometry::drawImplementation().
[01:02:00.344 W] Warning: detected OpenGL error 'invalid operation' at end of Geometry::drawImplementation().
[01:02:00.344 W] Warning: detected OpenGL error 'invalid operation' at end of Geometry::drawImplementation().
[01:02:00.344 W] Warning: detected OpenGL error 'invalid operation' at end of Geometry::drawImplementation().
[01:02:00.344 W] Warning: detected OpenGL error 'invalid operation' at end of Geometry::drawImplementation().
[01:02:00.344 W] Warning: detected OpenGL error 'invalid operation' at end of Geometry::drawImplementation().
[01:02:00.344 W] Warning: detected OpenGL error 'invalid operation' at end of Geometry::drawImplementation().
[01:02:00.344 W] Warning: detected OpenGL error 'invalid operation' at end of Geometry::drawImplementation().
[01:02:00.344 W] Warning: detected OpenGL error 'invalid operation' at end of Geometry::drawImplementation().
[01:02:00.344 W] Warning: detected OpenGL error 'invalid operation' at end of Geometry::drawImplementation().
[01:02:00.344 W] Warning: detected OpenGL error 'invalid operation' at end of Geometry::drawImplementation().
[01:02:00.344 W] Warning: detected OpenGL error 'invalid operation' at end of Geometry::drawImplementation().
[01:02:00.344 W] Warning: detected OpenGL error 'invalid operation' at end of Geometry::drawImplementation().
[01:02:00.344 W] Warning: detected OpenGL error 'invalid operation' at end of Geometry::drawImplementation().
[01:02:00.344 W] Warning: detected OpenGL error 'invalid operation' at end of Geometry::drawImplementation().
[01:02:00.344 W] Warning: detected OpenGL error 'invalid operation' at end of Geometry::drawImplementation().
[01:02:00.344 W] Warning: detected OpenGL error 'invalid operation' at end of Geometry::drawImplementation().
[01:02:00.344 W] Warning: detected OpenGL error 'invalid operation' at end of Geometry::drawImplementation().
[01:02:00.344 W] Warning: detected OpenGL error 'invalid operation' at end of Geometry::drawImplementation().
[01:02:00.344 W] Warning: detected OpenGL error 'invalid operation' at end of Geometry::drawImplementation().
[01:02:00.344 W] Warning: detected OpenGL error 'invalid operation' at end of Geometry::drawImplementation().
[01:02:00.344 W] Warning: detected OpenGL error 'invalid operation' at end of Geometry::drawImplementation().
[01:02:00.344 W] Warning: detected OpenGL error 'invalid operation' at end of Geometry::drawImplementation().
[01:02:00.344 W] Warning: detected OpenGL error 'invalid operation' at end of Geometry::drawImplementation().
[01:02:00.344 W] Warning: detected OpenGL error 'invalid operation' at end of Geometry::drawImplementation().
[01:02:00.344 W] Warning: detected OpenGL error 'invalid operation' at end of Geometry::drawImplementation().
[01:02:00.344 W] Warning: detected OpenGL error 'invalid operation' at end of Geometry::drawImplementation().
[01:02:00.344 W] Warning: detected OpenGL error 'invalid operation' at end of Geometry::drawImplementation().
[01:02:00.344 W] Warning: detected OpenGL error 'invalid operation' at end of Geometry::drawImplementation().
[01:02:00.344 W] Warning: detected OpenGL error 'invalid operation' at end of Geometry::drawImplementation().
[01:02:00.344 W] Warning: detected OpenGL error 'invalid operation' at end of Geometry::drawImplementation().
[01:02:00.344 W] Warning: detected OpenGL error 'invalid operation' at end of Geometry::drawImplementation().
[01:02:00.344 W] Warning: detected OpenGL error 'invalid operation' at end of Geometry::drawImplementation().
[01:02:00.344 W] Warning: detected OpenGL error 'invalid operation' at end of Geometry::drawImplementation().
[01:02:00.344 W] Warning: detected OpenGL error 'invalid operation' at end of Geometry::drawImplementation().
[01:02:00.344 W] Warning: detected OpenGL error 'invalid operation' at end of Geometry::drawImplementation().
[01:02:00.344 W] Warning: detected OpenGL error 'invalid operation' at end of Geometry::drawImplementation().
[01:02:00.344 W] Warning: detected OpenGL error 'invalid operation' at end of Geometry::drawImplementation().
[01:02:00.344 W] Warning: detected OpenGL error 'invalid operation' at end of Geometry::drawImplementation().
[01:02:00.344 W] Warning: detected OpenGL error 'invalid operation' at end of Geometry::drawImplementation().
[01:02:00.344 W] Warning: detected OpenGL error 'invalid operation' at end of Geometry::drawImplementation().
[01:02:00.344 W] Warning: detected OpenGL error 'invalid operation' at end of Geometry::drawImplementation().
[01:02:00.344 W] Warning: detected OpenGL error 'invalid operation' at end of Geometry::drawImplementation().
[01:02:00.344 W] Warning: detected OpenGL error 'invalid operation' at end of Geometry::drawImplementation().
[01:02:00.344 W] Warning: detected OpenGL error 'invalid operation' at end of Geometry::drawImplementation().
[01:02:00.344 W] Warning: detected OpenGL error 'invalid operation' at end of Geometry::drawImplementation().
[01:02:00.344 W] Warning: detected OpenGL error 'invalid operation' at end of Geometry::drawImplementation().
[01:02:00.344 W] Warning: detected OpenGL error 'invalid operation' at end of Geometry::drawImplementation().
[01:02:00.344 W] Warning: detected OpenGL error 'invalid operation' at end of Geometry::drawImplementation().
[01:02:00.344 W] Warning: detected OpenGL error 'invalid operation' at end of Geometry::drawImplementation().
[01:02:00.344 W] Warning: detected OpenGL error 'invalid operation' at end of Geometry::drawImplementation().
[01:02:00.344 W] Warning: detected OpenGL error 'invalid operation' at end of Geometry::drawImplementation().
[01:02:00.344 W] Warning: detected OpenGL error 'invalid operation' at end of Geometry::drawImplementation().
[01:02:00.344 W] Warning: detected OpenGL error 'invalid operation' at end of Geometry::drawImplementation().
[01:02:00.344 W] Warning: detected OpenGL error 'invalid operation' at end of Geometry::drawImplementation().
[01:02:00.344 W] Warning: detected OpenGL error 'invalid operation' at end of Geometry::drawImplementation().
[01:02:00.344 W] Warning: detected OpenGL error 'invalid operation' at end of Geometry::drawImplementation().
[01:02:00.344 W] Warning: detected OpenGL error 'invalid operation' at end of Geometry::drawImplementation().
[01:02:00.344 W] Warning: detected OpenGL error 'invalid operation' at end of Geometry::drawImplementation().
[01:02:00.344 W] Warning: detected OpenGL error 'invalid operation' at end of Geometry::drawImplementation().
[01:02:00.344 W] Warning: detected OpenGL error 'invalid operation' at end of Geometry::drawImplementation().
[01:02:00.344 W] Warning: detected OpenGL error 'invalid operation' at end of Geometry::drawImplementation().
[01:02:00.344 W] Warning: detected OpenGL error 'invalid operation' at end of Geometry::drawImplementation().
[01:02:00.344 W] Warning: detected OpenGL error 'invalid operation' at end of Geometry::drawImplementation().
[01:02:00.344 W] Warning: detected OpenGL error 'invalid operation' at end of Geometry::drawImplementation().
[01:02:00.344 W] Warning: detected OpenGL error 'invalid operation' at end of Geometry::drawImplementation().
[01:02:00.344 W] Warning: detected OpenGL error 'invalid operation' at end of Geometry::drawImplementation().
[01:02:00.344 W] Warning: detected OpenGL error 'invalid operation' at end of Geometry::drawImplementation().
[01:02:00.344 W] Warning: detected OpenGL error 'invalid operation' at end of Geometry::drawImplementation().
[01:02:00.344 W] Warning: detected OpenGL error 'invalid operation' at end of Geometry::drawImplementation().
[01:02:00.344 W] Warning: detected OpenGL error 'invalid operation' at end of Geometry::drawImplementation().
[01:02:00.344 W] Warning: detected OpenGL error 'invalid operation' at end of Geometry::drawImplementation().
[01:02:00.344 W] Warning: detected OpenGL error 'invalid operation' at end of Geometry::drawImplementation().
[01:02:00.344 W] Warning: detected OpenGL error 'invalid operation' at end of Geometry::drawImplementation().
[01:02:00.344 W] Warning: detected OpenGL error 'invalid operation' at end of Geometry::drawImplementation().
[01:02:00.344 W] Warning: detected OpenGL error 'invalid operation' at end of Geometry::drawImplementation().
[01:02:00.344 W] Warning: detected OpenGL error 'invalid operation' at end of Geometry::drawImplementation().
[01:02:00.344 W] Warning: detected OpenGL error 'invalid operation' at end of Geometry::drawImplementation().
[01:02:00.344 W] Warning: detected OpenGL error 'invalid operation' at end of Geometry::drawImplementation().
[01:02:00.344 W] Warning: detected OpenGL error 'invalid operation' at end of Geometry::drawImplementation().
[01:02:00.344 W] Warning: detected OpenGL error 'invalid operation' at end of Geometry::drawImplementation().
[01:02:00.344 W] Warning: detected OpenGL error 'invalid operation' at end of Geometry::drawImplementation().
[01:02:00.344 W] Warning: detected OpenGL error 'invalid operation' at end of Geometry::drawImplementation().
[01:02:00.344 W] Warning: detected OpenGL error 'invalid operation' at end of Geometry::drawImplementation().
[01:02:00.344 W] Warning: detected OpenGL error 'invalid operation' at end of Geometry::drawImplementation().
[01:02:00.344 W] Warning: detected OpenGL error 'invalid operation' at end of Geometry::drawImplementation().
[01:02:00.344 W] Warning: detected OpenGL error 'invalid operation' at end of Geometry::drawImplementation().
[01:02:00.344 W] Warning: detected OpenGL error 'invalid operation' at end of Geometry::drawImplementation().
[01:02:00.344 W] Warning: detected OpenGL error 'invalid operation' at end of Geometry::drawImplementation().
[01:02:00.344 W] Warning: detected OpenGL error 'invalid operation' at end of Geometry::drawImplementation().
[01:02:00.344 W] Warning: detected OpenGL error 'invalid operation' at end of Geometry::drawImplementation().
[01:02:00.344 W] Warning: detected OpenGL error 'invalid operation' at end of Geometry::drawImplementation().
[01:02:00.344 W] Warning: detected OpenGL error 'invalid operation' at end of Geometry::drawImplementation().
[01:02:00.344 W] Warning: detected OpenGL error 'invalid operation' at end of Geometry::drawImplementation().
[01:02:00.344 W] Warning: detected OpenGL error 'invalid operation' at end of Geometry::drawImplementation().
[01:02:00.344 W] Warning: detected OpenGL error 'invalid operation' at end of Geometry::drawImplementation().
[01:02:00.344 W] Warning: detected OpenGL error 'invalid operation' at end of Geometry::drawImplementation().
[01:02:00.344 W] Warning: detected OpenGL error 'invalid operation' at end of Geometry::drawImplementation().
[01:02:00.344 W] Warning: detected OpenGL error 'invalid operation' at end of Geometry::drawImplementation().
[01:02:00.344 W] Warning: detected OpenGL error 'invalid operation' at end of Geometry::drawImplementation().
[01:02:00.344 W] Warning: detected OpenGL error 'invalid operation' at end of Geometry::drawImplementation().
[01:02:00.344 W] Warning: detected OpenGL error 'invalid operation' at end of Geometry::drawImplementation().
[01:02:00.344 W] Warning: detected OpenGL error 'invalid operation' at end of Geometry::drawImplementation().
[01:02:00.344 W] Warning: detected OpenGL error 'invalid operation' at end of Geometry::drawImplementation().
[01:02:00.344 W] Warning: detected OpenGL error 'invalid operation' at end of Geometry::drawImplementation().
[01:02:00.344 W] Warning: detected OpenGL error 'invalid operation' at end of Geometry::drawImplementation().
[01:02:00.344 W] Warning: detected OpenGL error 'invalid operation' at end of Geometry::drawImplementation().
[01:02:00.344 W] Warning: detected OpenGL error 'invalid operation' at end of Geometry::drawImplementation().
[01:02:00.344 W] Warning: detected OpenGL error 'invalid operation' at end of Geometry::drawImplementation().
[01:02:00.344 W] Warning: detected OpenGL error 'invalid operation' at end of Geometry::drawImplementation().
[01:02:00.345 W] Warning: detected OpenGL error 'invalid operation' at end of Geometry::drawImplementation().
[01:02:00.345 W] Warning: detected OpenGL error 'invalid operation' at end of Geometry::drawImplementation().
[01:02:00.345 W] Warning: detected OpenGL error 'invalid operation' at end of Geometry::drawImplementation().
[01:02:00.345 W] Warning: detected OpenGL error 'invalid operation' at end of Geometry::drawImplementation().
[01:02:00.345 W] Warning: detected OpenGL error 'invalid operation' at end of Geometry::drawImplementation().
[01:02:00.345 W] Warning: detected OpenGL error 'invalid operation' at end of Geometry::drawImplementation().
[01:02:00.345 W] Warning: detected OpenGL error 'invalid operation' at end of Geometry::drawImplementation().
[01:02:00.345 W] Warning: detected OpenGL error 'invalid operation' at end of Geometry::drawImplementation().
[01:02:00.345 W] Warning: detected OpenGL error 'invalid operation' at end of Geometry::drawImplementation().
[01:02:00.345 W] Warning: detected OpenGL error 'invalid operation' at end of Geometry::drawImplementation().
[01:02:00.345 W] Warning: detected OpenGL error 'invalid operation' at end of Geometry::drawImplementation().
[01:02:00.345 W] Warning: detected OpenGL error 'invalid operation' at end of Geometry::drawImplementation().
[01:02:00.345 W] Warning: detected OpenGL error 'invalid operation' at end of Geometry::drawImplementation().
[01:02:00.345 W] Warning: detected OpenGL error 'invalid operation' at end of Geometry::drawImplementation().
[01:02:00.345 W] Warning: detected OpenGL error 'invalid operation' at end of Geometry::drawImplementation().
[01:02:00.345 W] Warning: detected OpenGL error 'invalid operation' at end of Geometry::drawImplementation().
[01:02:00.345 W] Warning: detected OpenGL error 'invalid operation' at end of Geometry::drawImplementation().
[01:02:00.345 W] Warning: detected OpenGL error 'invalid operation' at end of Geometry::drawImplementation().
[01:02:00.345 W] Warning: detected OpenGL error 'invalid operation' at end of Geometry::drawImplementation().
[01:02:00.345 W] Warning: detected OpenGL error 'invalid operation' at end of Geometry::drawImplementation().
[01:02:00.345 W] Warning: detected OpenGL error 'invalid operation' at end of Geometry::drawImplementation().
[01:02:00.345 W] Warning: detected OpenGL error 'invalid operation' at end of Geometry::drawImplementation().
[01:02:00.345 W] Warning: detected OpenGL error 'invalid operation' at end of Geometry::drawImplementation().
[01:02:00.345 W] Warning: detected OpenGL error 'invalid operation' at end of Geometry::drawImplementation().
[01:02:00.345 W] Warning: detected OpenGL error 'invalid operation' at end of Geometry::drawImplementation().
[01:02:00.345 W] Warning: detected OpenGL error 'invalid operation' at end of Geometry::drawImplementation().
[01:02:00.345 W] Warning: detected OpenGL error 'invalid operation' at end of Geometry::drawImplementation().
[01:02:00.345 W] Warning: detected OpenGL error 'invalid operation' at end of Geometry::drawImplementation().
[01:02:00.345 W] Warning: detected OpenGL error 'invalid operation' at end of Geometry::drawImplementation().
[01:02:00.345 W] Warning: detected OpenGL error 'invalid operation' at end of Geometry::drawImplementation().
[01:02:00.345 W] Warning: detected OpenGL error 'invalid operation' at end of Geometry::drawImplementation().
[01:02:00.345 W] Warning: detected OpenGL error 'invalid operation' at end of Geometry::drawImplementation().
[01:02:00.345 W] Warning: detected OpenGL error 'invalid operation' at end of Geometry::drawImplementation().
[01:02:00.345 W] Warning: detected OpenGL error 'invalid operation' at end of Geometry::drawImplementation().
[01:02:00.345 W] Warning: detected OpenGL error 'invalid operation' at end of Geometry::drawImplementation().
[01:02:00.345 W] Warning: detected OpenGL error 'invalid operation' at end of Geometry::drawImplementation().
[01:02:00.345 W] Warning: detected OpenGL error 'invalid operation' at end of Geometry::drawImplementation().
[01:02:00.345 W] Warning: detected OpenGL error 'invalid operation' at end of Geometry::drawImplementation().
[01:02:00.345 W] Warning: detected OpenGL error 'invalid operation' at end of Geometry::drawImplementation().
[01:02:00.345 W] Warning: detected OpenGL error 'invalid operation' at end of Geometry::drawImplementation().
[01:02:00.345 W] Warning: detected OpenGL error 'invalid operation' at end of Geometry::drawImplementation().
[01:02:00.345 W] Warning: detected OpenGL error 'invalid operation' at end of Geometry::drawImplementation().
[01:02:00.345 W] Warning: detected OpenGL error 'invalid operation' at end of Geometry::drawImplementation().
[01:02:00.345 W] Warning: detected OpenGL error 'invalid operation' at end of Geometry::drawImplementation().
[01:02:00.345 W] Warning: detected OpenGL error 'invalid operation' at end of Geometry::drawImplementation().
[01:02:00.345 W] Warning: detected OpenGL error 'invalid operation' at end of Geometry::drawImplementation().
[01:02:00.345 W] Warning: detected OpenGL error 'invalid operation' at end of Geometry::drawImplementation().
[01:02:00.345 W] Warning: detected OpenGL error 'invalid operation' at end of Geometry::drawImplementation().
[01:02:00.345 W] Warning: detected OpenGL error 'invalid operation' at end of Geometry::drawImplementation().
[01:02:00.345 W] Warning: detected OpenGL error 'invalid operation' at end of Geometry::drawImplementation().
[01:02:00.345 W] Warning: detected OpenGL error 'invalid operation' at end of Geometry::drawImplementation().
[01:02:00.345 W] Warning: detected OpenGL error 'invalid operation' at end of Geometry::drawImplementation().
[01:02:00.345 W] Warning: detected OpenGL error 'invalid operation' at end of Geometry::drawImplementation().
[01:02:00.345 W] Warning: detected OpenGL error 'invalid operation' at end of Geometry::drawImplementation().
[01:02:00.345 W] Warning: detected OpenGL error 'invalid operation' at end of Geometry::drawImplementation().
[01:02:00.345 W] Warning: detected OpenGL error 'invalid operation' at end of Geometry::drawImplementation().
[01:02:00.345 W] Warning: detected OpenGL error 'invalid operation' at end of Geometry::drawImplementation().
[01:02:00.345 W] Warning: detected OpenGL error 'invalid operation' at end of Geometry::drawImplementation().
[01:02:00.345 W] Warning: detected OpenGL error 'invalid operation' at end of Geometry::drawImplementation().
[01:02:00.345 W] Warning: detected OpenGL error 'invalid operation' at end of Geometry::drawImplementation().
[01:02:00.345 W] Warning: detected OpenGL error 'invalid operation' at end of Geometry::drawImplementation().
[01:02:00.345 W] Warning: detected OpenGL error 'invalid operation' at end of Geometry::drawImplementation().
[01:02:00.345 W] Warning: detected OpenGL error 'invalid operation' at end of Geometry::drawImplementation().
[01:02:00.345 W] Warning: detected OpenGL error 'invalid operation' at end of Geometry::drawImplementation().
[01:02:00.346 W] Warning: detected OpenGL error 'invalid operation' at end of Geometry::drawImplementation().
[01:02:00.346 W] Warning: detected OpenGL error 'invalid operation' at end of Geometry::drawImplementation().
[01:02:00.346 W] Warning: detected OpenGL error 'invalid operation' at end of Geometry::drawImplementation().
[01:02:00.346 W] Warning: detected OpenGL error 'invalid operation' at end of Geometry::drawImplementation().
[01:02:00.346 W] Warning: detected OpenGL error 'invalid operation' at end of Geometry::drawImplementation().
[01:02:00.346 W] Warning: detected OpenGL error 'invalid operation' at end of Geometry::drawImplementation().
[01:02:00.346 W] Warning: detected OpenGL error 'invalid operation' at end of Geometry::drawImplementation().
[01:02:00.346 W] Warning: detected OpenGL error 'invalid operation' at end of Geometry::drawImplementation().
[01:02:00.346 W] Warning: detected OpenGL error 'invalid operation' at end of Geometry::drawImplementation().
[01:02:00.346 W] Warning: detected OpenGL error 'invalid operation' at end of Geometry::drawImplementation().
[01:02:00.346 W] Warning: detected OpenGL error 'invalid operation' at end of Geometry::drawImplementation().
[01:02:00.346 W] Warning: detected OpenGL error 'invalid operation' at end of Geometry::drawImplementation().
[01:02:00.346 W] Warning: detected OpenGL error 'invalid operation' at end of Geometry::drawImplementation().
[01:02:00.346 W] Warning: detected OpenGL error 'invalid operation' at end of Geometry::drawImplementation().
[01:02:00.346 W] Warning: detected OpenGL error 'invalid operation' at end of Geometry::drawImplementation().
[01:02:00.346 W] Warning: detected OpenGL error 'invalid operation' at end of Geometry::drawImplementation().
[01:02:00.346 W] Warning: detected OpenGL error 'invalid operation' at end of Geometry::drawImplementation().
[01:02:00.346 W] Warning: detected OpenGL error 'invalid operation' at end of Geometry::drawImplementation().
[01:02:00.346 W] Warning: detected OpenGL error 'invalid operation' at end of Geometry::drawImplementation().
[01:02:00.346 W] Warning: detected OpenGL error 'invalid operation' at end of Geometry::drawImplementation().
[01:02:00.346 W] Warning: detected OpenGL error 'invalid operation' at end of Geometry::drawImplementation().
[01:02:00.346 W] Warning: detected OpenGL error 'invalid operation' at end of Geometry::drawImplementation().
[01:02:00.346 W] Warning: detected OpenGL error 'invalid operation' at end of Geometry::drawImplementation().
[01:02:00.346 W] Warning: detected OpenGL error 'invalid operation' at end of Geometry::drawImplementation().
[01:02:00.346 W] Warning: detected OpenGL error 'invalid operation' at end of Geometry::drawImplementation().
[01:02:00.346 W] Warning: detected OpenGL error 'invalid operation' at end of Geometry::drawImplementation().
[01:02:00.346 W] Warning: detected OpenGL error 'invalid operation' at end of Geometry::drawImplementation().
[01:02:00.346 W] Warning: detected OpenGL error 'invalid operation' at end of Geometry::drawImplementation().
[01:02:00.346 W] Warning: detected OpenGL error 'invalid operation' at end of Geometry::drawImplementation().
[01:02:00.346 W] Warning: detected OpenGL error 'invalid operation' at end of Geometry::drawImplementation().
[01:02:00.346 W] Warning: detected OpenGL error 'invalid operation' at end of Geometry::drawImplementation().
[01:02:00.346 W] Warning: detected OpenGL error 'invalid operation' at end of Geometry::drawImplementation().
[01:02:00.346 W] Warning: detected OpenGL error 'invalid operation' at end of Geometry::drawImplementation().
[01:02:00.346 W] Warning: detected OpenGL error 'invalid operation' at end of Geometry::drawImplementation().
[01:02:00.346 W] Warning: detected OpenGL error 'invalid operation' at end of Geometry::drawImplementation().
[01:02:00.346 W] Warning: detected OpenGL error 'invalid operation' at end of Geometry::drawImplementation().
[01:02:00.346 W] Warning: detected OpenGL error 'invalid operation' at end of Geometry::drawImplementation().
[01:02:00.346 W] Warning: detected OpenGL error 'invalid operation' at end of Geometry::drawImplementation().
[01:02:00.346 W] Warning: detected OpenGL error 'invalid operation' at end of Geometry::drawImplementation().
[01:02:00.346 W] Warning: detected OpenGL error 'invalid operation' at end of Geometry::drawImplementation().
[01:02:00.346 W] Warning: detected OpenGL error 'invalid operation' at end of Geometry::drawImplementation().
[01:02:00.346 W] Warning: detected OpenGL error 'invalid operation' at end of Geometry::drawImplementation().
[01:02:00.346 W] Warning: detected OpenGL error 'invalid operation' at end of Geometry::drawImplementation().
[01:02:00.346 W] Warning: detected OpenGL error 'invalid operation' at end of Geometry::drawImplementation().
[01:02:00.346 W] Warning: detected OpenGL error 'invalid operation' at end of Geometry::drawImplementation().
[01:02:00.346 W] Warning: detected OpenGL error 'invalid operation' at end of Geometry::drawImplementation().
[01:02:00.346 W] Warning: detected OpenGL error 'invalid operation' at end of Geometry::drawImplementation().
[01:02:00.346 W] Warning: detected OpenGL error 'invalid operation' at end of Geometry::drawImplementation().
[01:02:00.346 W] Warning: detected OpenGL error 'invalid operation' at end of Geometry::drawImplementation().
[01:02:00.346 W] Warning: detected OpenGL error 'invalid operation' at end of Geometry::drawImplementation().
[01:02:00.346 W] Warning: detected OpenGL error 'invalid operation' at end of Geometry::drawImplementation().
[01:02:00.346 W] Warning: detected OpenGL error 'invalid operation' at end of Geometry::drawImplementation().
[01:02:00.346 W] Warning: detected OpenGL error 'invalid operation' at end of Geometry::drawImplementation().
[01:02:00.346 W] Warning: detected OpenGL error 'invalid operation' at end of Geometry::drawImplementation().
[01:02:00.346 W] Warning: detected OpenGL error 'invalid operation' at end of Geometry::drawImplementation().
[01:02:00.346 W] Warning: detected OpenGL error 'invalid operation' at end of Geometry::drawImplementation().
[01:02:00.347 W] Warning: detected OpenGL error 'invalid operation' at end of Geometry::drawImplementation().
[01:02:00.347 W] Warning: detected OpenGL error 'invalid operation' at end of Geometry::drawImplementation().
[01:02:00.347 W] Warning: detected OpenGL error 'invalid operation' at end of Geometry::drawImplementation().
[01:02:00.347 W] Warning: detected OpenGL error 'invalid operation' at end of Geometry::drawImplementation().
[01:02:00.347 W] Warning: detected OpenGL error 'invalid operation' at end of Geometry::drawImplementation().
[01:02:00.347 W] Warning: detected OpenGL error 'invalid operation' at end of Geometry::drawImplementation().
[01:02:00.347 W] Warning: detected OpenGL error 'invalid operation' at end of Geometry::drawImplementation().
[01:02:00.347 W] Warning: detected OpenGL error 'invalid operation' at end of Geometry::drawImplementation().
[01:02:00.347 W] Warning: detected OpenGL error 'invalid operation' at end of Geometry::drawImplementation().
[01:02:00.347 W] Warning: detected OpenGL error 'invalid operation' at end of Geometry::drawImplementation().
[01:02:00.347 W] Warning: detected OpenGL error 'invalid operation' at end of Geometry::drawImplementation().
[01:02:00.347 W] Warning: detected OpenGL error 'invalid operation' at end of Geometry::drawImplementation().
[01:02:00.347 W] Warning: detected OpenGL error 'invalid operation' at end of Geometry::drawImplementation().
[01:02:00.347 W] Warning: detected OpenGL error 'invalid operation' at end of Geometry::drawImplementation().
[01:02:00.347 W] Warning: detected OpenGL error 'invalid operation' at end of Geometry::drawImplementation().
[01:02:00.347 W] Warning: detected OpenGL error 'invalid operation' at end of Geometry::drawImplementation().
[01:02:00.347 W] Warning: detected OpenGL error 'invalid operation' at end of Geometry::drawImplementation().
[01:02:00.347 W] Warning: detected OpenGL error 'invalid operation' at end of Geometry::drawImplementation().
[01:02:00.347 W] Warning: detected OpenGL error 'invalid operation' at end of Geometry::drawImplementation().
[01:02:00.347 W] Warning: detected OpenGL error 'invalid operation' at end of Geometry::drawImplementation().
[01:02:00.347 W] Warning: detected OpenGL error 'invalid operation' at end of Geometry::drawImplementation().
[01:02:00.347 W] Warning: detected OpenGL error 'invalid operation' at end of Geometry::drawImplementation().
[01:02:00.347 W] Warning: detected OpenGL error 'invalid operation' at end of Geometry::drawImplementation().
[01:02:00.347 W] Warning: detected OpenGL error 'invalid operation' at end of Geometry::drawImplementation().
[01:02:00.347 W] Warning: detected OpenGL error 'invalid operation' at end of Geometry::drawImplementation().
[01:02:00.347 W] Warning: detected OpenGL error 'invalid operation' at end of Geometry::drawImplementation().
[01:02:00.347 W] Warning: detected OpenGL error 'invalid operation' at end of Geometry::drawImplementation().
[01:02:00.347 W] Warning: detected OpenGL error 'invalid operation' at end of Geometry::drawImplementation().
[01:02:00.347 W] Warning: detected OpenGL error 'invalid operation' at end of Geometry::drawImplementation().
[01:02:00.347 W] Warning: detected OpenGL error 'invalid operation' at end of Geometry::drawImplementation().
[01:02:00.347 W] Warning: detected OpenGL error 'invalid operation' at end of Geometry::drawImplementation().
[01:02:00.347 W] Warning: detected OpenGL error 'invalid operation' at end of Geometry::drawImplementation().
[01:02:00.347 W] Warning: detected OpenGL error 'invalid operation' at end of Geometry::drawImplementation().
[01:02:00.347 W] Warning: detected OpenGL error 'invalid operation' at end of Geometry::drawImplementation().
[01:02:00.347 W] Warning: detected OpenGL error 'invalid operation' at end of Geometry::drawImplementation().
[01:02:00.347 W] Warning: detected OpenGL error 'invalid operation' at end of Geometry::drawImplementation().
[01:02:00.347 W] Warning: detected OpenGL error 'invalid operation' at end of Geometry::drawImplementation().
[01:02:00.347 W] Warning: detected OpenGL error 'invalid operation' at end of Geometry::drawImplementation().
[01:02:00.347 W] Warning: detected OpenGL error 'invalid operation' at end of Geometry::drawImplementation().
[01:02:00.347 W] Warning: detected OpenGL error 'invalid operation' at end of Geometry::drawImplementation().
[01:02:00.347 W] Warning: detected OpenGL error 'invalid operation' at end of Geometry::drawImplementation().
[01:02:00.347 W] Warning: detected OpenGL error 'invalid operation' at end of Geometry::drawImplementation().
[01:02:00.347 W] Warning: detected OpenGL error 'invalid operation' at end of Geometry::drawImplementation().
[01:02:00.347 W] Warning: detected OpenGL error 'invalid operation' at end of Geometry::drawImplementation().
[01:02:00.347 W] Warning: detected OpenGL error 'invalid operation' at end of Geometry::drawImplementation().
[01:02:00.347 W] Warning: detected OpenGL error 'invalid operation' at end of Geometry::drawImplementation().
[01:02:00.347 W] Warning: detected OpenGL error 'invalid operation' at end of Geometry::drawImplementation().
[01:02:00.347 W] Warning: detected OpenGL error 'invalid operation' at end of Geometry::drawImplementation().
[01:02:00.347 W] Warning: detected OpenGL error 'invalid operation' at end of Geometry::drawImplementation().
[01:02:00.347 W] Warning: detected OpenGL error 'invalid operation' at end of Geometry::drawImplementation().
[01:02:00.347 W] Warning: detected OpenGL error 'invalid operation' at end of Geometry::drawImplementation().
[01:02:00.347 W] Warning: detected OpenGL error 'invalid operation' at end of Geometry::drawImplementation().
[01:02:00.347 W] Warning: detected OpenGL error 'invalid operation' at end of Geometry::drawImplementation().
[01:02:00.347 W] Warning: detected OpenGL error 'invalid operation' at end of Geometry::drawImplementation().
[01:02:00.347 W] Warning: detected OpenGL error 'invalid operation' at end of Geometry::drawImplementation().
[01:02:00.347 W] Warning: detected OpenGL error 'invalid operation' at end of Geometry::drawImplementation().
[01:02:00.347 W] Warning: detected OpenGL error 'invalid operation' at end of Geometry::drawImplementation().
[01:02:00.347 W] Warning: detected OpenGL error 'invalid operation' at end of Geometry::drawImplementation().
[01:02:00.347 W] Warning: detected OpenGL error 'invalid operation' at end of Geometry::drawImplementation().
[01:02:00.347 W] Warning: detected OpenGL error 'invalid operation' at end of Geometry::drawImplementation().
[01:02:00.347 W] Warning: detected OpenGL error 'invalid operation' at end of Geometry::drawImplementation().
[01:02:00.347 W] Warning: detected OpenGL error 'invalid operation' at end of Geometry::drawImplementation().
[01:02:00.347 W] Warning: detected OpenGL error 'invalid operation' at end of Geometry::drawImplementation().
[01:02:00.347 W] Warning: detected OpenGL error 'invalid operation' at end of Geometry::drawImplementation().
[01:02:00.347 W] Warning: detected OpenGL error 'invalid operation' at end of Geometry::drawImplementation().
[01:02:00.347 W] Warning: detected OpenGL error 'invalid operation' at end of Geometry::drawImplementation().
[01:02:00.347 W] Warning: detected OpenGL error 'invalid operation' at end of Geometry::drawImplementation().
[01:02:00.347 W] Warning: detected OpenGL error 'invalid operation' at end of Geometry::drawImplementation().
[01:02:00.347 W] Warning: detected OpenGL error 'invalid operation' at end of Geometry::drawImplementation().
[01:02:00.347 W] Warning: detected OpenGL error 'invalid operation' at end of Geometry::drawImplementation().
[01:02:00.348 W] Warning: detected OpenGL error 'invalid operation' at end of Geometry::drawImplementation().
[01:02:00.348 W] Warning: detected OpenGL error 'invalid operation' at end of Geometry::drawImplementation().
[01:02:00.348 W] Warning: detected OpenGL error 'invalid operation' at end of Geometry::drawImplementation().
[01:02:00.348 W] Warning: detected OpenGL error 'invalid operation' at end of Geometry::drawImplementation().
[01:02:00.348 W] Warning: detected OpenGL error 'invalid operation' at end of Geometry::drawImplementation().
[01:02:00.348 W] Warning: detected OpenGL error 'invalid operation' at end of Geometry::drawImplementation().
[01:02:00.348 W] Warning: detected OpenGL error 'invalid operation' at end of Geometry::drawImplementation().
[01:02:00.348 W] Warning: detected OpenGL error 'invalid operation' at end of Geometry::drawImplementation().
[01:02:00.348 W] Warning: detected OpenGL error 'invalid operation' at end of Geometry::drawImplementation().
[01:02:00.348 W] Warning: detected OpenGL error 'invalid operation' at end of Geometry::drawImplementation().
[01:02:00.348 W] Warning: detected OpenGL error 'invalid operation' at end of Geometry::drawImplementation().
[01:02:00.348 W] Warning: detected OpenGL error 'invalid operation' at end of Geometry::drawImplementation().
[01:02:00.348 W] Warning: detected OpenGL error 'invalid operation' at end of Geometry::drawImplementation().
[01:02:00.348 W] Warning: detected OpenGL error 'invalid operation' at end of Geometry::drawImplementation().
[01:02:00.348 W] Warning: detected OpenGL error 'invalid operation' at end of Geometry::drawImplementation().
[01:02:00.348 W] Warning: detected OpenGL error 'invalid operation' at end of Geometry::drawImplementation().
[01:02:00.348 W] Warning: detected OpenGL error 'invalid operation' at end of Geometry::drawImplementation().
[01:02:00.348 W] Warning: detected OpenGL error 'invalid operation' at end of Geometry::drawImplementation().
[01:02:00.348 W] Warning: detected OpenGL error 'invalid operation' at end of Geometry::drawImplementation().
[01:02:00.348 W] Warning: detected OpenGL error 'invalid operation' at end of Geometry::drawImplementation().
[01:02:00.348 W] Warning: detected OpenGL error 'invalid operation' at end of Geometry::drawImplementation().
[01:02:00.348 W] Warning: detected OpenGL error 'invalid operation' at end of Geometry::drawImplementation().
[01:02:00.348 W] Warning: detected OpenGL error 'invalid operation' at end of Geometry::drawImplementation().
[01:02:00.348 W] Warning: detected OpenGL error 'invalid operation' at end of Geometry::drawImplementation().
[01:02:00.348 W] Warning: detected OpenGL error 'invalid operation' at end of Geometry::drawImplementation().
[01:02:00.348 W] Warning: detected OpenGL error 'invalid operation' at end of Geometry::drawImplementation().
[01:02:00.348 W] Warning: detected OpenGL error 'invalid operation' at end of Geometry::drawImplementation().
[01:02:00.348 W] Warning: detected OpenGL error 'invalid operation' at end of Geometry::drawImplementation().
[01:02:00.348 W] Warning: detected OpenGL error 'invalid operation' at end of Geometry::drawImplementation().
[01:02:00.348 W] Warning: detected OpenGL error 'invalid operation' at end of Geometry::drawImplementation().
[01:02:00.348 W] Warning: detected OpenGL error 'invalid operation' at end of Geometry::drawImplementation().
[01:02:00.348 W] Warning: detected OpenGL error 'invalid operation' at end of Geometry::drawImplementation().
[01:02:00.348 W] Warning: detected OpenGL error 'invalid operation' at end of Geometry::drawImplementation().
[01:02:00.348 W] Warning: detected OpenGL error 'invalid operation' at end of Geometry::drawImplementation().
[01:02:00.348 W] Warning: detected OpenGL error 'invalid operation' at end of Geometry::drawImplementation().
[01:02:00.348 W] Warning: detected OpenGL error 'invalid operation' at end of Geometry::drawImplementation().
[01:02:00.348 W] Warning: detected OpenGL error 'invalid operation' at end of Geometry::drawImplementation().
[01:02:00.348 W] Warning: detected OpenGL error 'invalid operation' at end of Geometry::drawImplementation().
[01:02:00.348 W] Warning: detected OpenGL error 'invalid operation' at end of Geometry::drawImplementation().
[01:02:00.348 W] Warning: detected OpenGL error 'invalid operation' at end of Geometry::drawImplementation().
[01:02:00.348 W] Warning: detected OpenGL error 'invalid operation' at end of Geometry::drawImplementation().
[01:02:00.348 W] Warning: detected OpenGL error 'invalid operation' at end of Geometry::drawImplementation().
[01:02:00.348 W] Warning: detected OpenGL error 'invalid operation' at end of Geometry::drawImplementation().
[01:02:00.348 W] Warning: detected OpenGL error 'invalid operation' at end of Geometry::drawImplementation().
[01:02:00.348 W] Warning: detected OpenGL error 'invalid operation' at end of Geometry::drawImplementation().
[01:02:00.348 W] Warning: detected OpenGL error 'invalid operation' at end of Geometry::drawImplementation().
[01:02:00.348 W] Warning: detected OpenGL error 'invalid operation' at end of Geometry::drawImplementation().
[01:02:00.348 W] Warning: detected OpenGL error 'invalid operation' at end of Geometry::drawImplementation().
[01:02:00.348 W] Warning: detected OpenGL error 'invalid operation' at end of Geometry::drawImplementation().
[01:02:00.348 W] Warning: detected OpenGL error 'invalid operation' at end of Geometry::drawImplementation().
[01:02:00.348 W] Warning: detected OpenGL error 'invalid operation' at end of Geometry::drawImplementation().
[01:02:00.348 W] Warning: detected OpenGL error 'invalid operation' at end of Geometry::drawImplementation().
[01:02:00.348 W] Warning: detected OpenGL error 'invalid operation' at end of Geometry::drawImplementation().
[01:02:00.348 W] Warning: detected OpenGL error 'invalid operation' at end of Geometry::drawImplementation().
[01:02:00.348 W] Warning: detected OpenGL error 'invalid operation' at end of Geometry::drawImplementation().
[01:02:00.348 W] Warning: detected OpenGL error 'invalid operation' at end of Geometry::drawImplementation().
[01:02:00.348 W] Warning: detected OpenGL error 'invalid operation' at end of Geometry::drawImplementation().
[01:02:00.348 W] Warning: detected OpenGL error 'invalid operation' at end of Geometry::drawImplementation().
[01:02:00.348 W] Warning: detected OpenGL error 'invalid operation' at end of Geometry::drawImplementation().
[01:02:00.348 W] Warning: detected OpenGL error 'invalid operation' at end of Geometry::drawImplementation().
[01:02:00.348 W] Warning: detected OpenGL error 'invalid operation' at end of Geometry::drawImplementation().
[01:02:00.348 W] Warning: detected OpenGL error 'invalid operation' at end of Geometry::drawImplementation().
[01:02:00.348 W] Warning: detected OpenGL error 'invalid operation' at end of Geometry::drawImplementation().
[01:02:00.348 W] Warning: detected OpenGL error 'invalid operation' at end of Geometry::drawImplementation().
[01:02:00.348 W] Warning: detected OpenGL error 'invalid operation' at end of Geometry::drawImplementation().
[01:02:00.348 W] Warning: detected OpenGL error 'invalid operation' at end of Geometry::drawImplementation().
[01:02:00.348 W] Warning: detected OpenGL error 'invalid operation' at end of Geometry::drawImplementation().
[01:02:00.348 W] Warning: detected OpenGL error 'invalid operation' at end of Geometry::drawImplementation().
[01:02:00.348 W] Warning: detected OpenGL error 'invalid operation' at end of Geometry::drawImplementation().
[01:02:00.348 W] Warning: detected OpenGL error 'invalid operation' at end of Geometry::drawImplementation().
[01:02:00.348 W] Warning: detected OpenGL error 'invalid operation' at end of Geometry::drawImplementation().
[01:02:00.348 W] Warning: detected OpenGL error 'invalid operation' at end of Geometry::drawImplementation().
[01:02:00.348 W] Warning: detected OpenGL error 'invalid operation' at end of Geometry::drawImplementation().
[01:02:00.348 W] Warning: detected OpenGL error 'invalid operation' at end of Geometry::drawImplementation().
[01:02:00.348 W] Warning: detected OpenGL error 'invalid operation' at end of Geometry::drawImplementation().
[01:02:00.348 W] Warning: detected OpenGL error 'invalid operation' at end of Geometry::drawImplementation().
[01:02:00.348 W] Warning: detected OpenGL error 'invalid operation' at end of Geometry::drawImplementation().
[01:02:00.348 W] Warning: detected OpenGL error 'invalid operation' at end of Geometry::drawImplementation().
[01:02:00.348 W] Warning: detected OpenGL error 'invalid operation' at end of Geometry::drawImplementation().
[01:02:00.348 W] Warning: detected OpenGL error 'invalid operation' at end of Geometry::drawImplementation().
[01:02:00.348 W] Warning: detected OpenGL error 'invalid operation' at end of Geometry::drawImplementation().
[01:02:00.348 W] Warning: detected OpenGL error 'invalid operation' at end of Geometry::drawImplementation().
[01:02:00.348 W] Warning: detected OpenGL error 'invalid operation' at end of Geometry::drawImplementation().
[01:02:00.348 W] Warning: detected OpenGL error 'invalid operation' at end of Geometry::drawImplementation().
[01:02:00.348 W] Warning: detected OpenGL error 'invalid operation' at end of Geometry::drawImplementation().
[01:02:00.348 W] Warning: detected OpenGL error 'invalid operation' at end of Geometry::drawImplementation().
[01:02:00.348 W] Warning: detected OpenGL error 'invalid operation' at end of Geometry::drawImplementation().
[01:02:00.348 W] Warning: detected OpenGL error 'invalid operation' at end of Geometry::drawImplementation().
[01:02:00.348 W] Warning: detected OpenGL error 'invalid operation' at end of Geometry::drawImplementation().
[01:02:00.348 W] Warning: detected OpenGL error 'invalid operation' at end of Geometry::drawImplementation().
[01:02:00.348 W] Warning: detected OpenGL error 'invalid operation' at end of Geometry::drawImplementation().
[01:02:00.348 W] Warning: detected OpenGL error 'invalid operation' at end of Geometry::drawImplementation().
[01:02:00.348 W] Warning: detected OpenGL error 'invalid operation' at end of Geometry::drawImplementation().
[01:02:00.348 W] Warning: detected OpenGL error 'invalid operation' at end of Geometry::drawImplementation().
[01:02:00.348 W] Warning: detected OpenGL error 'invalid operation' at end of Geometry::drawImplementation().
[01:02:00.348 W] Warning: detected OpenGL error 'invalid operation' at end of Geometry::drawImplementation().
[01:02:00.348 W] Warning: detected OpenGL error 'invalid operation' at end of Geometry::drawImplementation().
[01:02:00.348 W] Warning: detected OpenGL error 'invalid operation' at end of Geometry::drawImplementation().
[01:02:00.348 W] Warning: detected OpenGL error 'invalid operation' at end of Geometry::drawImplementation().
[01:02:00.348 W] Warning: detected OpenGL error 'invalid operation' at end of Geometry::drawImplementation().
[01:02:00.348 W] Warning: detected OpenGL error 'invalid operation' at end of Geometry::drawImplementation().
[01:02:00.348 W] Warning: detected OpenGL error 'invalid operation' at end of Geometry::drawImplementation().
[01:02:00.348 W] Warning: detected OpenGL error 'invalid operation' at end of Geometry::drawImplementation().
[01:02:00.348 W] Warning: detected OpenGL error 'invalid operation' at end of Geometry::drawImplementation().
[01:02:00.348 W] Warning: detected OpenGL error 'invalid operation' at end of Geometry::drawImplementation().
[01:02:00.348 W] Warning: detected OpenGL error 'invalid operation' at end of Geometry::drawImplementation().
[01:02:00.348 W] Warning: detected OpenGL error 'invalid operation' at end of Geometry::drawImplementation().
[01:02:00.348 W] Warning: detected OpenGL error 'invalid operation' at end of Geometry::drawImplementation().
[01:02:00.348 W] Warning: detected OpenGL error 'invalid operation' at end of Geometry::drawImplementation().
[01:02:00.348 W] Warning: detected OpenGL error 'invalid operation' at end of Geometry::drawImplementation().
[01:02:00.348 W] Warning: detected OpenGL error 'invalid operation' at end of Geometry::drawImplementation().
[01:02:00.348 W] Warning: detected OpenGL error 'invalid operation' at end of Geometry::drawImplementation().
[01:02:00.348 W] Warning: detected OpenGL error 'invalid operation' at end of Geometry::drawImplementation().
[01:02:00.348 W] Warning: detected OpenGL error 'invalid operation' at end of Geometry::drawImplementation().
[01:02:00.348 W] Warning: detected OpenGL error 'invalid operation' at end of Geometry::drawImplementation().
[01:02:00.348 W] Warning: detected OpenGL error 'invalid operation' at end of Geometry::drawImplementation().
[01:02:00.348 W] Warning: detected OpenGL error 'invalid operation' at end of Geometry::drawImplementation().
[01:02:00.348 W] Warning: detected OpenGL error 'invalid operation' at end of Geometry::drawImplementation().
[01:02:00.348 W] Warning: detected OpenGL error 'invalid operation' at end of Geometry::drawImplementation().
[01:02:00.348 W] Warning: detected OpenGL error 'invalid operation' at end of Geometry::drawImplementation().
[01:02:00.348 W] Warning: detected OpenGL error 'invalid operation' at end of Geometry::drawImplementation().
[01:02:00.348 W] Warning: detected OpenGL error 'invalid operation' at end of Geometry::drawImplementation().
[01:02:00.348 W] Warning: detected OpenGL error 'invalid operation' at end of Geometry::drawImplementation().
[01:02:00.348 W] Warning: detected OpenGL error 'invalid operation' at end of Geometry::drawImplementation().
[01:02:00.348 W] Warning: detected OpenGL error 'invalid operation' at end of Geometry::drawImplementation().
[01:02:00.348 W] Warning: detected OpenGL error 'invalid operation' at end of Geometry::drawImplementation().
[01:02:00.348 W] Warning: detected OpenGL error 'invalid operation' at end of Geometry::drawImplementation().
[01:02:00.348 W] Warning: detected OpenGL error 'invalid operation' at end of Geometry::drawImplementation().
[01:02:00.348 W] Warning: detected OpenGL error 'invalid operation' at end of Geometry::drawImplementation().
[01:02:00.348 W] Warning: detected OpenGL error 'invalid operation' at end of Geometry::drawImplementation().
[01:02:00.348 W] Warning: detected OpenGL error 'invalid operation' at end of Geometry::drawImplementation().
[01:02:00.348 W] Warning: detected OpenGL error 'invalid operation' at end of Geometry::drawImplementation().
[01:02:00.348 W] Warning: detected OpenGL error 'invalid operation' at end of Geometry::drawImplementation().
[01:02:00.348 W] Warning: detected OpenGL error 'invalid operation' at end of Geometry::drawImplementation().
[01:02:00.348 W] Warning: detected OpenGL error 'invalid operation' at end of Geometry::drawImplementation().
[01:02:00.348 W] Warning: detected OpenGL error 'invalid operation' at end of Geometry::drawImplementation().
[01:02:00.348 W] Warning: detected OpenGL error 'invalid operation' at end of Geometry::drawImplementation().
[01:02:00.348 W] Warning: detected OpenGL error 'invalid operation' at end of Geometry::drawImplementation().
[01:02:00.348 W] Warning: detected OpenGL error 'invalid operation' at end of Geometry::drawImplementation().
[01:02:00.348 W] Warning: detected OpenGL error 'invalid operation' at end of Geometry::drawImplementation().
[01:02:00.348 W] Warning: detected OpenGL error 'invalid operation' at end of Geometry::drawImplementation().
[01:02:00.348 W] Warning: detected OpenGL error 'invalid operation' at end of Geometry::drawImplementation().
[01:02:00.348 W] Warning: detected OpenGL error 'invalid operation' at end of Geometry::drawImplementation().
[01:02:00.348 W] Warning: detected OpenGL error 'invalid operation' at end of Geometry::drawImplementation().
[01:02:00.348 W] Warning: detected OpenGL error 'invalid operation' at end of Geometry::drawImplementation().
[01:02:00.348 W] Warning: detected OpenGL error 'invalid operation' at end of Geometry::drawImplementation().
[01:02:00.348 W] Warning: detected OpenGL error 'invalid operation' at end of Geometry::drawImplementation().
[01:02:00.348 W] Warning: detected OpenGL error 'invalid operation' at end of Geometry::drawImplementation().
[01:02:00.348 W] Warning: detected OpenGL error 'invalid operation' at end of Geometry::drawImplementation().
[01:02:00.348 W] Warning: detected OpenGL error 'invalid operation' at end of Geometry::drawImplementation().
[01:02:00.348 W] Warning: detected OpenGL error 'invalid operation' at end of Geometry::drawImplementation().
[01:02:00.348 W] Warning: detected OpenGL error 'invalid operation' at end of Geometry::drawImplementation().
[01:02:00.348 W] Warning: detected OpenGL error 'invalid operation' at end of Geometry::drawImplementation().
[01:02:00.348 W] Warning: detected OpenGL error 'invalid operation' at end of Geometry::drawImplementation().
[01:02:00.348 W] Warning: detected OpenGL error 'invalid operation' at end of Geometry::drawImplementation().
[01:02:00.348 W] Warning: detected OpenGL error 'invalid operation' at end of Geometry::drawImplementation().
[01:02:00.348 W] Warning: detected OpenGL error 'invalid operation' at end of Geometry::drawImplementation().
[01:02:00.348 W] Warning: detected OpenGL error 'invalid operation' at end of Geometry::drawImplementation().
[01:02:00.348 W] Warning: detected OpenGL error 'invalid operation' at end of Geometry::drawImplementation().
[01:02:00.348 W] Warning: detected OpenGL error 'invalid operation' at end of Geometry::drawImplementation().
[01:02:00.348 W] Warning: detected OpenGL error 'invalid operation' at end of Geometry::drawImplementation().
[01:02:00.348 W] Warning: detected OpenGL error 'invalid operation' at end of Geometry::drawImplementation().
[01:02:00.348 W] Warning: detected OpenGL error 'invalid operation' at end of Geometry::drawImplementation().
[01:02:00.348 W] Warning: detected OpenGL error 'invalid operation' at end of Geometry::drawImplementation().
[01:02:00.348 W] Warning: detected OpenGL error 'invalid operation' at end of Geometry::drawImplementation().
[01:02:00.348 W] Warning: detected OpenGL error 'invalid operation' at end of Geometry::drawImplementation().
[01:02:00.348 W] Warning: detected OpenGL error 'invalid operation' at end of Geometry::drawImplementation().
[01:02:00.348 W] Warning: detected OpenGL error 'invalid operation' at end of Geometry::drawImplementation().
[01:02:00.348 W] Warning: detected OpenGL error 'invalid operation' at end of Geometry::drawImplementation().
[01:02:00.348 W] Warning: detected OpenGL error 'invalid operation' at end of Geometry::drawImplementation().
[01:02:00.348 W] Warning: detected OpenGL error 'invalid operation' at end of Geometry::drawImplementation().
[01:02:00.348 W] Warning: detected OpenGL error 'invalid operation' at end of Geometry::drawImplementation().
[01:02:00.348 W] Warning: detected OpenGL error 'invalid operation' at end of Geometry::drawImplementation().
[01:02:00.348 W] Warning: detected OpenGL error 'invalid operation' at end of Geometry::drawImplementation().
[01:02:00.348 W] Warning: detected OpenGL error 'invalid operation' at end of Geometry::drawImplementation().
[01:02:00.348 W] Warning: detected OpenGL error 'invalid operation' at end of Geometry::drawImplementation().
[01:02:00.348 W] Warning: detected OpenGL error 'invalid operation' at end of Geometry::drawImplementation().
[01:02:00.348 W] Warning: detected OpenGL error 'invalid operation' at end of Geometry::drawImplementation().
[01:02:00.348 W] Warning: detected OpenGL error 'invalid operation' at end of Geometry::drawImplementation().
[01:02:00.348 W] Warning: detected OpenGL error 'invalid operation' at end of Geometry::drawImplementation().
[01:02:00.348 W] Warning: detected OpenGL error 'invalid operation' at end of Geometry::drawImplementation().
[01:02:00.348 W] Warning: detected OpenGL error 'invalid operation' at end of Geometry::drawImplementation().
[01:02:00.348 W] Warning: detected OpenGL error 'invalid operation' at end of Geometry::drawImplementation().
[01:02:00.348 W] Warning: detected OpenGL error 'invalid operation' at end of Geometry::drawImplementation().
[01:02:00.348 W] Warning: detected OpenGL error 'invalid operation' at end of Geometry::drawImplementation().
[01:02:00.348 W] Warning: detected OpenGL error 'invalid operation' at end of Geometry::drawImplementation().
[01:02:00.348 W] Warning: detected OpenGL error 'invalid operation' at end of Geometry::drawImplementation().
[01:02:00.348 W] Warning: detected OpenGL error 'invalid operation' at end of Geometry::drawImplementation().
[01:02:00.348 W] Warning: detected OpenGL error 'invalid operation' at end of Geometry::drawImplementation().
[01:02:00.348 W] Warning: detected OpenGL error 'invalid operation' at end of Geometry::drawImplementation().
[01:02:00.348 W] Warning: detected OpenGL error 'invalid operation' at end of Geometry::drawImplementation().
[01:02:00.348 W] Warning: detected OpenGL error 'invalid operation' at end of Geometry::drawImplementation().
[01:02:00.349 W] Warning: detected OpenGL error 'invalid operation' at end of Geometry::drawImplementation().
[01:02:00.349 W] Warning: detected OpenGL error 'invalid operation' at end of Geometry::drawImplementation().
[01:02:00.349 W] Warning: detected OpenGL error 'invalid operation' at end of Geometry::drawImplementation().
[01:02:00.349 W] Warning: detected OpenGL error 'invalid operation' at end of Geometry::drawImplementation().
[01:02:00.349 W] Warning: detected OpenGL error 'invalid operation' at end of Geometry::drawImplementation().
[01:02:00.349 W] Warning: detected OpenGL error 'invalid operation' at end of Geometry::drawImplementation().
[01:02:00.349 W] Warning: detected OpenGL error 'invalid operation' at end of Geometry::drawImplementation().
[01:02:00.349 W] Warning: detected OpenGL error 'invalid operation' at end of Geometry::drawImplementation().
[01:02:00.349 W] Warning: detected OpenGL error 'invalid operation' at end of Geometry::drawImplementation().
[01:02:00.349 W] Warning: detected OpenGL error 'invalid operation' at end of Geometry::drawImplementation().
[01:02:00.349 W] Warning: detected OpenGL error 'invalid operation' at end of Geometry::drawImplementation().
[01:02:00.349 W] Warning: detected OpenGL error 'invalid operation' at end of Geometry::drawImplementation().
[01:02:00.349 W] Warning: detected OpenGL error 'invalid operation' at end of Geometry::drawImplementation().
[01:02:00.349 W] Warning: detected OpenGL error 'invalid operation' at end of Geometry::drawImplementation().
[01:02:00.349 W] Warning: detected OpenGL error 'invalid operation' at end of Geometry::drawImplementation().
[01:02:00.349 W] Warning: detected OpenGL error 'invalid operation' at end of Geometry::drawImplementation().
[01:02:00.349 W] Warning: detected OpenGL error 'invalid operation' at end of Geometry::drawImplementation().
[01:02:00.349 W] Warning: detected OpenGL error 'invalid operation' at end of Geometry::drawImplementation().
[01:02:00.349 W] Warning: detected OpenGL error 'invalid operation' at end of Geometry::drawImplementation().
[01:02:00.349 W] Warning: detected OpenGL error 'invalid operation' at end of Geometry::drawImplementation().
[01:02:00.350 W] glLinkProgram 0xb905d2f00"" FAILED
[01:02:00.350 W] Program "" infolog:
[01:02:00.350 W] ERROR: duplicate definition of function 'applyClipPlanes'
[01:02:00.350 W] 
[01:02:00.350 W] Warning: detected OpenGL error 'invalid operation' at end of Geometry::drawImplementation().
[01:02:00.350 W] Warning: detected OpenGL error 'invalid operation' at end of Geometry::drawImplementation().
[01:02:00.350 W] Warning: detected OpenGL error 'invalid operation' at end of Geometry::drawImplementation().
[01:02:00.350 W] Warning: detected OpenGL error 'invalid operation' at end of Geometry::drawImplementation().
[01:02:00.350 W] Warning: detected OpenGL error 'invalid operation' at end of Geometry::drawImplementation().
[01:02:00.350 W] Warning: detected OpenGL error 'invalid operation' at end of Geometry::drawImplementation().
[01:02:00.350 W] Warning: detected OpenGL error 'invalid operation' at end of Geometry::drawImplementation().
[01:02:00.350 W] Warning: detected OpenGL error 'invalid operation' at end of Geometry::drawImplementation().
[01:02:00.350 W] Warning: detected OpenGL error 'invalid operation' at end of Geometry::drawImplementation().
[01:02:00.350 W] Warning: detected OpenGL error 'invalid operation' at end of Geometry::drawImplementation().
[01:02:00.350 W] Warning: detected OpenGL error 'invalid operation' at end of Geometry::drawImplementation().
[01:02:00.350 W] Warning: detected OpenGL error 'invalid operation' at end of Geometry::drawImplementation().
[01:02:00.350 W] Warning: detected OpenGL error 'invalid operation' at end of Geometry::drawImplementation().
[01:02:00.350 W] Warning: detected OpenGL error 'invalid operation' at end of Geometry::drawImplementation().
[01:02:00.350 W] Warning: detected OpenGL error 'invalid operation' at end of Geometry::drawImplementation().
[01:02:00.350 W] Warning: detected OpenGL error 'invalid operation' at end of Geometry::drawImplementation().
[01:02:00.350 W] Warning: detected OpenGL error 'invalid operation' at end of Geometry::drawImplementation().
[01:02:00.350 W] Warning: detected OpenGL error 'invalid operation' at end of Geometry::drawImplementation().
[01:02:00.350 W] Warning: detected OpenGL error 'invalid operation' at end of Geometry::drawImplementation().
[01:02:00.350 W] Warning: detected OpenGL error 'invalid operation' at end of Geometry::drawImplementation().
[01:02:00.350 W] Warning: detected OpenGL error 'invalid operation' at end of Geometry::drawImplementation().
[01:02:00.350 W] Warning: detected OpenGL error 'invalid operation' at end of Geometry::drawImplementation().
[01:02:00.350 W] Warning: detected OpenGL error 'invalid operation' at end of Geometry::drawImplementation().
[01:02:00.350 W] Warning: detected OpenGL error 'invalid operation' at end of Geometry::drawImplementation().
[01:02:00.350 W] Warning: detected OpenGL error 'invalid operation' at end of Geometry::drawImplementation().
[01:02:00.350 W] Warning: detected OpenGL error 'invalid operation' at end of Geometry::drawImplementation().
[01:02:00.350 W] Warning: detected OpenGL error 'invalid operation' at end of Geometry::drawImplementation().
[01:02:00.350 W] Warning: detected OpenGL error 'invalid operation' at end of Geometry::drawImplementation().
[01:02:00.350 W] Warning: detected OpenGL error 'invalid operation' at end of Geometry::drawImplementation().
[01:02:00.350 W] Warning: detected OpenGL error 'invalid operation' at end of Geometry::drawImplementation().
[01:02:00.350 W] Warning: detected OpenGL error 'invalid operation' at end of Geometry::drawImplementation().
[01:02:00.350 W] Warning: detected OpenGL error 'invalid operation' at end of Geometry::drawImplementation().
[01:02:00.350 W] Warning: detected OpenGL error 'invalid operation' at end of Geometry::drawImplementation().
[01:02:00.350 W] Warning: detected OpenGL error 'invalid operation' at end of Geometry::drawImplementation().
[01:02:00.350 W] Warning: detected OpenGL error 'invalid operation' at end of Geometry::drawImplementation().
[01:02:00.350 W] Warning: detected OpenGL error 'invalid operation' at end of Geometry::drawImplementation().
[01:02:00.350 W] Warning: detected OpenGL error 'invalid operation' at end of Geometry::drawImplementation().
[01:02:00.350 W] Warning: detected OpenGL error 'invalid operation' at end of Geometry::drawImplementation().
[01:02:00.350 W] Warning: detected OpenGL error 'invalid operation' at end of Geometry::drawImplementation().
[01:02:00.350 W] Warning: detected OpenGL error 'invalid operation' at end of Geometry::drawImplementation().
[01:02:00.350 W] Warning: detected OpenGL error 'invalid operation' at end of Geometry::drawImplementation().
[01:02:00.350 W] Warning: detected OpenGL error 'invalid operation' at end of Geometry::drawImplementation().
[01:02:00.350 W] Warning: detected OpenGL error 'invalid operation' at end of Geometry::drawImplementation().
[01:02:00.350 W] Warning: detected OpenGL error 'invalid operation' at end of Geometry::drawImplementation().
[01:02:00.350 W] Warning: detected OpenGL error 'invalid operation' at end of Geometry::drawImplementation().
[01:02:00.350 W] Warning: detected OpenGL error 'invalid operation' at end of Geometry::drawImplementation().
[01:02:00.350 W] Warning: detected OpenGL error 'invalid operation' at end of Geometry::drawImplementation().
[01:02:00.350 W] Warning: detected OpenGL error 'invalid operation' at end of Geometry::drawImplementation().
[01:02:00.350 W] Warning: detected OpenGL error 'invalid operation' at end of Geometry::drawImplementation().
[01:02:00.350 W] Warning: detected OpenGL error 'invalid operation' at end of Geometry::drawImplementation().
[01:02:00.350 W] Warning: detected OpenGL error 'invalid operation' at end of Geometry::drawImplementation().
[01:02:00.350 W] Warning: detected OpenGL error 'invalid operation' at end of Geometry::drawImplementation().
[01:02:00.350 W] Warning: detected OpenGL error 'invalid operation' at end of Geometry::drawImplementation().
[01:02:00.350 W] Warning: detected OpenGL error 'invalid operation' at end of Geometry::drawImplementation().
[01:02:00.350 W] Warning: detected OpenGL error 'invalid operation' at end of Geometry::drawImplementation().
[01:02:00.350 W] Warning: detected OpenGL error 'invalid operation' at end of Geometry::drawImplementation().
[01:02:00.350 W] Warning: detected OpenGL error 'invalid operation' at end of Geometry::drawImplementation().
[01:02:00.350 W] Warning: detected OpenGL error 'invalid operation' at end of Geometry::drawImplementation().
[01:02:00.350 W] Warning: detected OpenGL error 'invalid operation' at end of Geometry::drawImplementation().
[01:02:00.350 W] Warning: detected OpenGL error 'invalid operation' at end of Geometry::drawImplementation().
[01:02:00.350 W] Warning: detected OpenGL error 'invalid operation' at end of Geometry::drawImplementation().
[01:02:00.350 W] Warning: detected OpenGL error 'invalid operation' at end of Geometry::drawImplementation().
[01:02:00.350 W] Warning: detected OpenGL error 'invalid operation' at end of Geometry::drawImplementation().
[01:02:00.350 W] Warning: detected OpenGL error 'invalid operation' at end of Geometry::drawImplementation().
[01:02:00.350 W] Warning: detected OpenGL error 'invalid operation' at end of Geometry::drawImplementation().
[01:02:00.350 W] Warning: detected OpenGL error 'invalid operation' at end of Geometry::drawImplementation().
[01:02:00.350 W] Warning: detected OpenGL error 'invalid operation' at end of Geometry::drawImplementation().
[01:02:00.350 W] Warning: detected OpenGL error 'invalid operation' at end of Geometry::drawImplementation().
[01:02:00.350 W] Warning: detected OpenGL error 'invalid operation' at end of Geometry::drawImplementation().
[01:02:00.350 W] Warning: detected OpenGL error 'invalid operation' at end of Geometry::drawImplementation().
[01:02:00.350 W] Warning: detected OpenGL error 'invalid operation' at end of Geometry::drawImplementation().
[01:02:00.350 W] Warning: detected OpenGL error 'invalid operation' at end of Geometry::drawImplementation().
[01:02:00.350 W] Warning: detected OpenGL error 'invalid operation' at end of Geometry::drawImplementation().
[01:02:00.350 W] Warning: detected OpenGL error 'invalid operation' at end of Geometry::drawImplementation().
[01:02:00.350 W] Warning: detected OpenGL error 'invalid operation' at end of Geometry::drawImplementation().
[01:02:00.350 W] Warning: detected OpenGL error 'invalid operation' at end of Geometry::drawImplementation().
[01:02:00.350 W] Warning: detected OpenGL error 'invalid operation' at end of Geometry::drawImplementation().
[01:02:00.350 W] Warning: detected OpenGL error 'invalid operation' at end of Geometry::drawImplementation().
[01:02:00.350 W] Warning: detected OpenGL error 'invalid operation' at end of Geometry::drawImplementation().
[01:02:00.350 W] Warning: detected OpenGL error 'invalid operation' at end of Geometry::drawImplementation().
[01:02:00.350 W] Warning: detected OpenGL error 'invalid operation' at end of Geometry::drawImplementation().
[01:02:00.350 W] Warning: detected OpenGL error 'invalid operation' at end of Geometry::drawImplementation().
[01:02:00.350 W] Warning: detected OpenGL error 'invalid operation' at end of Geometry::drawImplementation().
[01:02:00.350 W] Warning: detected OpenGL error 'invalid operation' at end of Geometry::drawImplementation().
[01:02:00.350 W] Warning: detected OpenGL error 'invalid operation' at end of Geometry::drawImplementation().
[01:02:00.350 W] Warning: detected OpenGL error 'invalid operation' at end of Geometry::drawImplementation().
[01:02:00.350 W] Warning: detected OpenGL error 'invalid operation' at end of Geometry::drawImplementation().
[01:02:00.350 W] Warning: detected OpenGL error 'invalid operation' at end of Geometry::drawImplementation().
[01:02:00.350 W] Warning: detected OpenGL error 'invalid operation' at end of Geometry::drawImplementation().
[01:02:00.350 W] Warning: detected OpenGL error 'invalid operation' at end of Geometry::drawImplementation().
[01:02:00.350 W] Warning: detected OpenGL error 'invalid operation' at end of Geometry::drawImplementation().
[01:02:00.350 W] Warning: detected OpenGL error 'invalid operation' at end of Geometry::drawImplementation().
[01:02:00.350 W] Warning: detected OpenGL error 'invalid operation' at end of Geometry::drawImplementation().
[01:02:00.350 W] Warning: detected OpenGL error 'invalid operation' at end of Geometry::drawImplementation().
[01:02:00.350 W] Warning: detected OpenGL error 'invalid operation' at end of Geometry::drawImplementation().
[01:02:00.350 W] Warning: detected OpenGL error 'invalid operation' at end of Geometry::drawImplementation().
[01:02:00.350 W] Warning: detected OpenGL error 'invalid operation' at end of Geometry::drawImplementation().
[01:02:00.350 W] Warning: detected OpenGL error 'invalid operation' at end of Geometry::drawImplementation().
[01:02:00.350 W] Warning: detected OpenGL error 'invalid operation' at end of Geometry::drawImplementation().
[01:02:00.350 W] Warning: detected OpenGL error 'invalid operation' at end of Geometry::drawImplementation().
[01:02:00.350 W] Warning: detected OpenGL error 'invalid operation' at end of Geometry::drawImplementation().
[01:02:00.350 W] Warning: detected OpenGL error 'invalid operation' at end of Geometry::drawImplementation().
[01:02:00.350 W] Warning: detected OpenGL error 'invalid operation' at end of Geometry::drawImplementation().
[01:02:00.350 W] Warning: detected OpenGL error 'invalid operation' at end of Geometry::drawImplementation().
[01:02:00.350 W] Warning: detected OpenGL error 'invalid operation' at end of Geometry::drawImplementation().
[01:02:00.350 W] Warning: detected OpenGL error 'invalid operation' at end of Geometry::drawImplementation().
[01:02:00.350 W] Warning: detected OpenGL error 'invalid operation' at end of Geometry::drawImplementation().
[01:02:00.350 W] Warning: detected OpenGL error 'invalid operation' at end of Geometry::drawImplementation().
[01:02:00.350 W] Warning: detected OpenGL error 'invalid operation' at end of Geometry::drawImplementation().
[01:02:00.350 W] Warning: detected OpenGL error 'invalid operation' at end of Geometry::drawImplementation().
[01:02:00.350 W] Warning: detected OpenGL error 'invalid operation' at end of Geometry::drawImplementation().
[01:02:00.350 W] Warning: detected OpenGL error 'invalid operation' at end of Geometry::drawImplementation().
[01:02:00.350 W] Warning: detected OpenGL error 'invalid operation' at end of Geometry::drawImplementation().
[01:02:00.350 W] Warning: detected OpenGL error 'invalid operation' at end of Geometry::drawImplementation().
[01:02:00.350 W] Warning: detected OpenGL error 'invalid operation' at end of Geometry::drawImplementation().
[01:02:00.350 W] Warning: detected OpenGL error 'invalid operation' at end of Geometry::drawImplementation().
[01:02:00.350 W] Warning: detected OpenGL error 'invalid operation' at end of Geometry::drawImplementation().
[01:02:00.350 W] Warning: detected OpenGL error 'invalid operation' at end of Geometry::drawImplementation().
[01:02:00.350 W] Warning: detected OpenGL error 'invalid operation' at end of Geometry::drawImplementation().
[01:02:00.350 W] Warning: detected OpenGL error 'invalid operation' at end of Geometry::drawImplementation().
[01:02:00.350 W] Warning: detected OpenGL error 'invalid operation' at end of Geometry::drawImplementation().
[01:02:00.350 W] Warning: detected OpenGL error 'invalid operation' at end of Geometry::drawImplementation().
[01:02:00.350 W] Warning: detected OpenGL error 'invalid operation' at end of Geometry::drawImplementation().
[01:02:00.350 W] Warning: detected OpenGL error 'invalid operation' at end of Geometry::drawImplementation().
[01:02:00.350 W] Warning: detected OpenGL error 'invalid operation' at end of Geometry::drawImplementation().
[01:02:00.350 W] Warning: detected OpenGL error 'invalid operation' at end of Geometry::drawImplementation().
[01:02:00.350 W] Warning: detected OpenGL error 'invalid operation' at end of Geometry::drawImplementation().
[01:02:00.350 W] Warning: detected OpenGL error 'invalid operation' at end of Geometry::drawImplementation().
[01:02:00.350 W] Warning: detected OpenGL error 'invalid operation' at end of Geometry::drawImplementation().
[01:02:00.350 W] Warning: detected OpenGL error 'invalid operation' at end of Geometry::drawImplementation().
[01:02:00.350 W] Warning: detected OpenGL error 'invalid operation' at end of Geometry::drawImplementation().
[01:02:00.350 W] Warning: detected OpenGL error 'invalid operation' at end of Geometry::drawImplementation().
[01:02:00.350 W] Warning: detected OpenGL error 'invalid operation' at end of Geometry::drawImplementation().
[01:02:00.350 W] Warning: detected OpenGL error 'invalid operation' at end of Geometry::drawImplementation().
[01:02:00.350 W] Warning: detected OpenGL error 'invalid operation' at end of Geometry::drawImplementation().
[01:02:00.350 W] Warning: detected OpenGL error 'invalid operation' at end of Geometry::drawImplementation().
[01:02:00.350 W] Warning: detected OpenGL error 'invalid operation' at end of Geometry::drawImplementation().
[01:02:00.350 W] Warning: detected OpenGL error 'invalid operation' at end of Geometry::drawImplementation().
[01:02:00.350 W] Warning: detected OpenGL error 'invalid operation' at end of Geometry::drawImplementation().
[01:02:00.350 W] Warning: detected OpenGL error 'invalid operation' at end of Geometry::drawImplementation().
[01:02:00.350 W] Warning: detected OpenGL error 'invalid operation' at end of Geometry::drawImplementation().
[01:02:00.350 W] Warning: detected OpenGL error 'invalid operation' at end of Geometry::drawImplementation().
[01:02:00.350 W] Warning: detected OpenGL error 'invalid operation' at end of Geometry::drawImplementation().
[01:02:00.350 W] Warning: detected OpenGL error 'invalid operation' at end of Geometry::drawImplementation().
[01:02:00.350 W] Warning: detected OpenGL error 'invalid operation' at end of Geometry::drawImplementation().
[01:02:00.350 W] Warning: detected OpenGL error 'invalid operation' at end of Geometry::drawImplementation().
[01:02:00.350 W] Warning: detected OpenGL error 'invalid operation' at end of Geometry::drawImplementation().
[01:02:00.350 W] Warning: detected OpenGL error 'invalid operation' at end of Geometry::drawImplementation().
[01:02:00.350 W] Warning: detected OpenGL error 'invalid operation' at end of Geometry::drawImplementation().
[01:02:00.350 W] Warning: detected OpenGL error 'invalid operation' at end of Geometry::drawImplementation().
[01:02:00.350 W] Warning: detected OpenGL error 'invalid operation' at end of Geometry::drawImplementation().
[01:02:00.350 W] Warning: detected OpenGL error 'invalid operation' at end of Geometry::drawImplementation().
[01:02:00.350 W] Warning: detected OpenGL error 'invalid operation' at end of Geometry::drawImplementation().
[01:02:00.350 W] Warning: detected OpenGL error 'invalid operation' at end of Geometry::drawImplementation().
[01:02:00.350 W] Warning: detected OpenGL error 'invalid operation' at end of Geometry::drawImplementation().
[01:02:00.350 W] Warning: detected OpenGL error 'invalid operation' at end of Geometry::drawImplementation().
[01:02:00.350 W] Warning: detected OpenGL error 'invalid operation' at end of Geometry::drawImplementation().
[01:02:00.351 W] Warning: detected OpenGL error 'invalid operation' at end of Geometry::drawImplementation().
[01:02:00.351 W] Warning: detected OpenGL error 'invalid operation' at end of Geometry::drawImplementation().
[01:02:00.351 W] Warning: detected OpenGL error 'invalid operation' at end of Geometry::drawImplementation().
[01:02:00.351 W] Warning: detected OpenGL error 'invalid operation' at end of Geometry::drawImplementation().
[01:02:00.351 W] Warning: detected OpenGL error 'invalid operation' at end of Geometry::drawImplementation().
[01:02:00.351 W] Warning: detected OpenGL error 'invalid operation' at end of Geometry::drawImplementation().
[01:02:00.351 W] Warning: detected OpenGL error 'invalid operation' at end of Geometry::drawImplementation().
[01:02:00.351 W] Warning: detected OpenGL error 'invalid operation' at end of Geometry::drawImplementation().
[01:02:00.351 W] Warning: detected OpenGL error 'invalid operation' at end of Geometry::drawImplementation().
[01:02:00.351 W] Warning: detected OpenGL error 'invalid operation' at end of Geometry::drawImplementation().
[01:02:00.351 W] Warning: detected OpenGL error 'invalid operation' at end of Geometry::drawImplementation().
[01:02:00.351 W] Warning: detected OpenGL error 'invalid operation' at end of Geometry::drawImplementation().
[01:02:00.351 W] Warning: detected OpenGL error 'invalid operation' at end of Geometry::drawImplementation().
[01:02:00.351 W] Warning: detected OpenGL error 'invalid operation' at end of Geometry::drawImplementation().
[01:02:00.351 W] Warning: detected OpenGL error 'invalid operation' at end of Geometry::drawImplementation().
[01:02:00.351 W] Warning: detected OpenGL error 'invalid operation' at end of Geometry::drawImplementation().
[01:02:00.351 W] Warning: detected OpenGL error 'invalid operation' at end of Geometry::drawImplementation().
[01:02:00.351 W] Warning: detected OpenGL error 'invalid operation' at end of Geometry::drawImplementation().
[01:02:00.351 W] Warning: detected OpenGL error 'invalid operation' at end of Geometry::drawImplementation().
[01:02:00.351 W] Warning: detected OpenGL error 'invalid operation' at end of Geometry::drawImplementation().
[01:02:00.351 W] Warning: detected OpenGL error 'invalid operation' at end of Geometry::drawImplementation().
[01:02:00.351 W] Warning: detected OpenGL error 'invalid operation' at end of Geometry::drawImplementation().
[01:02:00.351 W] Warning: detected OpenGL error 'invalid operation' at end of Geometry::drawImplementation().
[01:02:00.351 W] Warning: detected OpenGL error 'invalid operation' at end of Geometry::drawImplementation().
[01:02:00.351 W] Warning: detected OpenGL error 'invalid operation' at end of Geometry::drawImplementation().
[01:02:00.351 W] Warning: detected OpenGL error 'invalid operation' at end of Geometry::drawImplementation().
[01:02:00.351 W] Warning: detected OpenGL error 'invalid operation' at end of Geometry::drawImplementation().
[01:02:00.351 W] Warning: detected OpenGL error 'invalid operation' at end of Geometry::drawImplementation().
[01:02:00.351 W] Warning: detected OpenGL error 'invalid operation' at end of Geometry::drawImplementation().
[01:02:00.351 W] Warning: detected OpenGL error 'invalid operation' at end of Geometry::drawImplementation().
[01:02:00.351 W] Warning: detected OpenGL error 'invalid operation' at end of Geometry::drawImplementation().
[01:02:00.351 W] Warning: detected OpenGL error 'invalid operation' at end of Geometry::drawImplementation().
[01:02:00.351 W] Warning: detected OpenGL error 'invalid operation' at end of Geometry::drawImplementation().
[01:02:00.351 W] Warning: detected OpenGL error 'invalid operation' at end of Geometry::drawImplementation().
[01:02:00.351 W] Warning: detected OpenGL error 'invalid operation' at end of Geometry::drawImplementation().
[01:02:00.351 W] Warning: detected OpenGL error 'invalid operation' at end of Geometry::drawImplementation().
[01:02:00.351 W] Warning: detected OpenGL error 'invalid operation' at end of Geometry::drawImplementation().
[01:02:00.351 W] Warning: detected OpenGL error 'invalid operation' at end of Geometry::drawImplementation().
[01:02:00.351 W] Warning: detected OpenGL error 'invalid operation' at end of Geometry::drawImplementation().
[01:02:00.351 W] Warning: detected OpenGL error 'invalid operation' at end of Geometry::drawImplementation().
[01:02:00.351 W] Warning: detected OpenGL error 'invalid operation' at end of Geometry::drawImplementation().
[01:02:00.351 W] Warning: detected OpenGL error 'invalid operation' at end of Geometry::drawImplementation().
[01:02:00.351 W] Warning: detected OpenGL error 'invalid operation' at end of Geometry::drawImplementation().
[01:02:00.351 W] Warning: detected OpenGL error 'invalid operation' at end of Geometry::drawImplementation().
[01:02:00.351 W] Warning: detected OpenGL error 'invalid operation' at end of Geometry::drawImplementation().
[01:02:00.351 W] Warning: detected OpenGL error 'invalid operation' at end of Geometry::drawImplementation().
[01:02:00.351 W] Warning: detected OpenGL error 'invalid operation' at end of Geometry::drawImplementation().
[01:02:00.351 W] Warning: detected OpenGL error 'invalid operation' at end of Geometry::drawImplementation().
[01:02:00.351 W] Warning: detected OpenGL error 'invalid operation' at end of Geometry::drawImplementation().
[01:02:00.351 W] Warning: detected OpenGL error 'invalid operation' at end of Geometry::drawImplementation().
[01:02:00.351 W] Warning: detected OpenGL error 'invalid operation' at end of Geometry::drawImplementation().
[01:02:00.351 W] Warning: detected OpenGL error 'invalid operation' at end of Geometry::drawImplementation().
[01:02:00.351 W] Warning: detected OpenGL error 'invalid operation' at end of Geometry::drawImplementation().
[01:02:00.351 W] Warning: detected OpenGL error 'invalid operation' at end of Geometry::drawImplementation().
[01:02:00.351 W] Warning: detected OpenGL error 'invalid operation' at end of Geometry::drawImplementation().
[01:02:00.351 W] Warning: detected OpenGL error 'invalid operation' at end of Geometry::drawImplementation().
[01:02:00.351 W] Warning: detected OpenGL error 'invalid operation' at end of Geometry::drawImplementation().
[01:02:00.351 W] Warning: detected OpenGL error 'invalid operation' at end of Geometry::drawImplementation().
[01:02:00.351 W] Warning: detected OpenGL error 'invalid operation' at end of Geometry::drawImplementation().
[01:02:00.351 W] Warning: detected OpenGL error 'invalid operation' at end of Geometry::drawImplementation().
[01:02:00.351 W] Warning: detected OpenGL error 'invalid operation' at end of Geometry::drawImplementation().
[01:02:00.351 W] Warning: detected OpenGL error 'invalid operation' at end of Geometry::drawImplementation().
[01:02:00.351 W] Warning: detected OpenGL error 'invalid operation' at end of Geometry::drawImplementation().
[01:02:00.351 W] Warning: detected OpenGL error 'invalid operation' at end of Geometry::drawImplementation().
[01:02:00.351 W] Warning: detected OpenGL error 'invalid operation' at end of Geometry::drawImplementation().
[01:02:00.351 W] Warning: detected OpenGL error 'invalid operation' at end of Geometry::drawImplementation().
[01:02:00.351 W] Warning: detected OpenGL error 'invalid operation' at end of Geometry::drawImplementation().
[01:02:00.351 W] Warning: detected OpenGL error 'invalid operation' at end of Geometry::drawImplementation().
[01:02:00.351 W] Warning: detected OpenGL error 'invalid operation' at end of Geometry::drawImplementation().
[01:02:00.351 W] Warning: detected OpenGL error 'invalid operation' at end of Geometry::drawImplementation().
[01:02:00.351 W] Warning: detected OpenGL error 'invalid operation' at end of Geometry::drawImplementation().
[01:02:00.351 W] Warning: detected OpenGL error 'invalid operation' at end of Geometry::drawImplementation().
[01:02:00.351 W] Warning: detected OpenGL error 'invalid operation' at end of Geometry::drawImplementation().
[01:02:00.351 W] Warning: detected OpenGL error 'invalid operation' at end of Geometry::drawImplementation().
[01:02:00.351 W] Warning: detected OpenGL error 'invalid operation' at end of Geometry::drawImplementation().
[01:02:00.351 W] Warning: detected OpenGL error 'invalid operation' at end of Geometry::drawImplementation().
[01:02:00.351 W] Warning: detected OpenGL error 'invalid operation' at end of Geometry::drawImplementation().
[01:02:00.351 W] Warning: detected OpenGL error 'invalid operation' at end of Geometry::drawImplementation().
[01:02:00.351 W] Warning: detected OpenGL error 'invalid operation' at end of Geometry::drawImplementation().
[01:02:00.351 W] Warning: detected OpenGL error 'invalid operation' at end of Geometry::drawImplementation().
[01:02:00.351 W] Warning: detected OpenGL error 'invalid operation' at end of Geometry::drawImplementation().
[01:02:00.351 W] Warning: detected OpenGL error 'invalid operation' at end of Geometry::drawImplementation().
[01:02:00.351 W] Warning: detected OpenGL error 'invalid operation' at end of Geometry::drawImplementation().
[01:02:00.351 W] Warning: detected OpenGL error 'invalid operation' at end of Geometry::drawImplementation().
[01:02:00.351 W] Warning: detected OpenGL error 'invalid operation' at end of Geometry::drawImplementation().
[01:02:00.351 W] Warning: detected OpenGL error 'invalid operation' at end of Geometry::drawImplementation().
[01:02:00.351 W] Warning: detected OpenGL error 'invalid operation' at end of Geometry::drawImplementation().
[01:02:00.351 W] Warning: detected OpenGL error 'invalid operation' at end of Geometry::drawImplementation().
[01:02:00.351 W] Warning: detected OpenGL error 'invalid operation' at end of Geometry::drawImplementation().
[01:02:00.351 W] Warning: detected OpenGL error 'invalid operation' at end of Geometry::drawImplementation().
[01:02:00.351 W] Warning: detected OpenGL error 'invalid operation' at end of Geometry::drawImplementation().
[01:02:00.351 W] Warning: detected OpenGL error 'invalid operation' at end of Geometry::drawImplementation().
[01:02:00.351 W] Warning: detected OpenGL error 'invalid operation' at end of Geometry::drawImplementation().
[01:02:00.351 W] Warning: detected OpenGL error 'invalid operation' at end of Geometry::drawImplementation().
[01:02:00.351 W] Warning: detected OpenGL error 'invalid operation' at end of Geometry::drawImplementation().
[01:02:00.351 W] Warning: detected OpenGL error 'invalid operation' at end of Geometry::drawImplementation().
[01:02:00.351 W] Warning: detected OpenGL error 'invalid operation' at end of Geometry::drawImplementation().
[01:02:00.351 W] Warning: detected OpenGL error 'invalid operation' at end of Geometry::drawImplementation().
[01:02:00.351 W] Warning: detected OpenGL error 'invalid operation' at end of Geometry::drawImplementation().
[01:02:00.351 W] Warning: detected OpenGL error 'invalid operation' at end of Geometry::drawImplementation().
[01:02:00.351 W] Warning: detected OpenGL error 'invalid operation' at end of Geometry::drawImplementation().
[01:02:00.352 W] glLinkProgram 0xb905d3600"" FAILED
[01:02:00.352 W] Program "" infolog:
[01:02:00.352 W] ERROR: duplicate definition of function 'applyClipPlanes'
[01:02:00.352 W] 
[01:02:00.352 W] Warning: detected OpenGL error 'invalid operation' at end of Geometry::drawImplementation().
[01:02:00.355 W] Warning: detected OpenGL error 'invalid operation' at end of Geometry::drawImplementation().
[01:02:00.355 W] Warning: detected OpenGL error 'invalid operation' at end of Geometry::drawImplementation().
[01:02:00.355 W] Warning: detected OpenGL error 'invalid operation' at end of Geometry::drawImplementation().
[01:02:00.355 W] Warning: detected OpenGL error 'invalid operation' at end of Geometry::drawImplementation().
[01:02:00.355 W] Warning: detected OpenGL error 'invalid operation' at end of Geometry::drawImplementation().
[01:02:00.355 W] Warning: detected OpenGL error 'invalid operation' at end of Geometry::drawImplementation().
[01:02:00.355 W] Warning: detected OpenGL error 'invalid operation' at end of Geometry::drawImplementation().
[01:02:00.355 W] Warning: detected OpenGL error 'invalid operation' at end of Geometry::drawImplementation().
[01:02:00.355 W] Warning: detected OpenGL error 'invalid operation' at end of Geometry::drawImplementation().
[01:02:00.355 W] Warning: detected OpenGL error 'invalid operation' at end of Geometry::drawImplementation().
[01:02:00.355 W] Warning: detected OpenGL error 'invalid operation' at end of Geometry::drawImplementation().
[01:02:00.355 W] Warning: detected OpenGL error 'invalid operation' at end of Geometry::drawImplementation().
[01:02:00.355 W] Warning: detected OpenGL error 'invalid operation' at end of Geometry::drawImplementation().
[01:02:00.355 W] Warning: detected OpenGL error 'invalid operation' at end of Geometry::drawImplementation().
[01:02:00.355 W] Warning: detected OpenGL error 'invalid operation' at end of Geometry::drawImplementation().
[01:02:00.355 W] Warning: detected OpenGL error 'invalid operation' at end of Geometry::drawImplementation().
[01:02:00.355 W] Warning: detected OpenGL error 'invalid operation' at end of Geometry::drawImplementation().
[01:02:00.355 W] Warning: detected OpenGL error 'invalid operation' at end of Geometry::drawImplementation().
[01:02:00.355 W] Warning: detected OpenGL error 'invalid operation' at end of Geometry::drawImplementation().
[01:02:00.355 W] Warning: detected OpenGL error 'invalid operation' at end of Geometry::drawImplementation().
[01:02:00.355 W] Warning: detected OpenGL error 'invalid operation' at end of Geometry::drawImplementation().
[01:02:00.355 W] Warning: detected OpenGL error 'invalid operation' at end of Geometry::drawImplementation().
[01:02:00.355 W] Warning: detected OpenGL error 'invalid operation' at end of Geometry::drawImplementation().
[01:02:00.355 W] Warning: detected OpenGL error 'invalid operation' at end of Geometry::drawImplementation().
[01:02:00.355 W] Warning: detected OpenGL error 'invalid operation' at end of Geometry::drawImplementation().
[01:02:00.355 W] Warning: detected OpenGL error 'invalid operation' at end of Geometry::drawImplementation().
[01:02:00.355 W] Warning: detected OpenGL error 'invalid operation' at end of Geometry::drawImplementation().
[01:02:00.355 W] Warning: detected OpenGL error 'invalid operation' at end of Geometry::drawImplementation().
[01:02:00.355 W] Warning: detected OpenGL error 'invalid operation' at end of Geometry::drawImplementation().
[01:02:00.355 W] Warning: detected OpenGL error 'invalid operation' at end of Geometry::drawImplementation().
[01:02:00.355 W] Warning: detected OpenGL error 'invalid operation' at end of Geometry::drawImplementation().
[01:02:00.355 W] Warning: detected OpenGL error 'invalid operation' at end of Geometry::drawImplementation().
[01:02:00.355 W] Warning: detected OpenGL error 'invalid operation' at end of Geometry::drawImplementation().
[01:02:00.355 W] Warning: detected OpenGL error 'invalid operation' at end of Geometry::drawImplementation().
[01:02:00.355 W] Warning: detected OpenGL error 'invalid operation' at end of Geometry::drawImplementation().
[01:02:00.355 W] Warning: detected OpenGL error 'invalid operation' at end of Geometry::drawImplementation().
[01:02:00.355 W] Warning: detected OpenGL error 'invalid operation' at end of Geometry::drawImplementation().
[01:02:00.355 W] Warning: detected OpenGL error 'invalid operation' at end of Geometry::drawImplementation().
[01:02:00.355 W] Warning: detected OpenGL error 'invalid operation' at end of Geometry::drawImplementation().
[01:02:00.355 W] Warning: detected OpenGL error 'invalid operation' at end of Geometry::drawImplementation().
[01:02:00.355 W] Warning: detected OpenGL error 'invalid operation' at end of Geometry::drawImplementation().
[01:02:00.355 W] Warning: detected OpenGL error 'invalid operation' at end of Geometry::drawImplementation().
[01:02:00.355 W] Warning: detected OpenGL error 'invalid operation' at end of Geometry::drawImplementation().
[01:02:00.355 W] Warning: detected OpenGL error 'invalid operation' at end of Geometry::drawImplementation().
[01:02:00.355 W] Warning: detected OpenGL error 'invalid operation' at end of Geometry::drawImplementation().
[01:02:00.356 W] Warning: detected OpenGL error 'invalid operation' at end of Geometry::drawImplementation().
[01:02:00.356 W] Warning: detected OpenGL error 'invalid operation' at end of Geometry::drawImplementation().
[01:02:00.356 W] Warning: detected OpenGL error 'invalid operation' at end of Geometry::drawImplementation().
[01:02:00.356 W] Warning: detected OpenGL error 'invalid operation' at end of Geometry::drawImplementation().
[01:02:00.356 W] Warning: detected OpenGL error 'invalid operation' at end of Geometry::drawImplementation().
[01:02:00.356 W] Warning: detected OpenGL error 'invalid operation' at end of Geometry::drawImplementation().
[01:02:00.356 W] Warning: detected OpenGL error 'invalid operation' at end of Geometry::drawImplementation().
[01:02:00.356 W] Warning: detected OpenGL error 'invalid operation' at end of Geometry::drawImplementation().
[01:02:00.356 W] Warning: detected OpenGL error 'invalid operation' at end of Geometry::drawImplementation().
[01:02:00.356 W] Warning: detected OpenGL error 'invalid operation' at end of Geometry::drawImplementation().
[01:02:00.356 W] Warning: detected OpenGL error 'invalid operation' at end of Geometry::drawImplementation().
[01:02:00.356 W] Warning: detected OpenGL error 'invalid operation' at end of Geometry::drawImplementation().
[01:02:00.356 W] Warning: detected OpenGL error 'invalid operation' at end of Geometry::drawImplementation().
[01:02:00.356 W] Warning: detected OpenGL error 'invalid operation' at end of Geometry::drawImplementation().
[01:02:00.356 W] Warning: detected OpenGL error 'invalid operation' at end of Geometry::drawImplementation().
[01:02:00.356 W] Warning: detected OpenGL error 'invalid operation' at end of Geometry::drawImplementation().
[01:02:00.356 W] Warning: detected OpenGL error 'invalid operation' at end of Geometry::drawImplementation().
[01:02:00.356 W] Warning: detected OpenGL error 'invalid operation' at end of Geometry::drawImplementation().
[01:02:00.356 W] Warning: detected OpenGL error 'invalid operation' at end of Geometry::drawImplementation().
[01:02:00.356 W] Warning: detected OpenGL error 'invalid operation' at end of Geometry::drawImplementation().
[01:02:00.356 W] Warning: detected OpenGL error 'invalid operation' at end of Geometry::drawImplementation().
[01:02:00.356 W] Warning: detected OpenGL error 'invalid operation' at end of Geometry::drawImplementation().
[01:02:00.356 W] Warning: detected OpenGL error 'invalid operation' at end of Geometry::drawImplementation().
[01:02:00.356 W] Warning: detected OpenGL error 'invalid operation' at end of Geometry::drawImplementation().
[01:02:00.356 W] Warning: detected OpenGL error 'invalid operation' at end of Geometry::drawImplementation().
[01:02:00.356 W] Warning: detected OpenGL error 'invalid operation' at end of Geometry::drawImplementation().
[01:02:00.356 W] Warning: detected OpenGL error 'invalid operation' at end of Geometry::drawImplementation().
[01:02:00.356 W] Warning: detected OpenGL error 'invalid operation' at end of Geometry::drawImplementation().
[01:02:00.356 W] Warning: detected OpenGL error 'invalid operation' at end of Geometry::drawImplementation().
[01:02:00.356 W] Warning: detected OpenGL error 'invalid operation' at end of Geometry::drawImplementation().
[01:02:00.356 W] Warning: detected OpenGL error 'invalid operation' at end of Geometry::drawImplementation().
[01:02:00.356 W] Warning: detected OpenGL error 'invalid operation' at end of Geometry::drawImplementation().
[01:02:00.356 W] Warning: detected OpenGL error 'invalid operation' at end of Geometry::drawImplementation().
[01:02:00.356 W] Warning: detected OpenGL error 'invalid operation' at end of Geometry::drawImplementation().
[01:02:00.356 W] Warning: detected OpenGL error 'invalid operation' at end of Geometry::drawImplementation().
[01:02:00.356 W] Warning: detected OpenGL error 'invalid operation' at end of Geometry::drawImplementation().
[01:02:00.356 W] Warning: detected OpenGL error 'invalid operation' at end of Geometry::drawImplementation().
[01:02:00.357 W] Warning: detected OpenGL error 'invalid operation' at end of Geometry::drawImplementation().
[01:02:00.357 W] Warning: detected OpenGL error 'invalid operation' at end of Geometry::drawImplementation().
[01:02:00.357 W] Warning: detected OpenGL error 'invalid operation' at end of Geometry::drawImplementation().
[01:02:00.357 W] Warning: detected OpenGL error 'invalid operation' at end of Geometry::drawImplementation().
[01:02:00.357 W] Warning: detected OpenGL error 'invalid operation' at end of Geometry::drawImplementation().
[01:02:00.357 W] Warning: detected OpenGL error 'invalid operation' at end of Geometry::drawImplementation().
[01:02:00.357 W] Warning: detected OpenGL error 'invalid operation' at end of Geometry::drawImplementation().
[01:02:00.357 W] Warning: detected OpenGL error 'invalid operation' at end of Geometry::drawImplementation().
[01:02:00.357 W] Warning: detected OpenGL error 'invalid operation' at end of Geometry::drawImplementation().
[01:02:00.357 W] Warning: detected OpenGL error 'invalid operation' at end of Geometry::drawImplementation().
[01:02:00.357 W] Warning: detected OpenGL error 'invalid operation' at end of Geometry::drawImplementation().
[01:02:00.357 W] Warning: detected OpenGL error 'invalid operation' at end of Geometry::drawImplementation().
[01:02:00.357 W] Warning: detected OpenGL error 'invalid operation' at end of Geometry::drawImplementation().
[01:02:00.357 W] Warning: detected OpenGL error 'invalid operation' at end of Geometry::drawImplementation().
[01:02:00.357 W] Warning: detected OpenGL error 'invalid operation' at end of Geometry::drawImplementation().
[01:02:00.357 W] Warning: detected OpenGL error 'invalid operation' at end of Geometry::drawImplementation().
[01:02:00.357 W] Warning: detected OpenGL error 'invalid operation' at end of Geometry::drawImplementation().
[01:02:00.357 W] Warning: detected OpenGL error 'invalid operation' at end of Geometry::drawImplementation().
[01:02:00.357 W] Warning: detected OpenGL error 'invalid operation' at end of Geometry::drawImplementation().
[01:02:00.357 W] Warning: detected OpenGL error 'invalid operation' at end of Geometry::drawImplementation().
[01:02:00.357 W] Warning: detected OpenGL error 'invalid operation' at end of Geometry::drawImplementation().
[01:02:00.357 W] Warning: detected OpenGL error 'invalid operation' at end of Geometry::drawImplementation().
[01:02:00.357 W] Warning: detected OpenGL error 'invalid operation' at end of Geometry::drawImplementation().
[01:02:00.357 W] Warning: detected OpenGL error 'invalid operation' at end of Geometry::drawImplementation().
[01:02:00.357 W] Warning: detected OpenGL error 'invalid operation' at end of Geometry::drawImplementation().
[01:02:00.357 W] Warning: detected OpenGL error 'invalid operation' at end of Geometry::drawImplementation().
[01:02:00.357 W] Warning: detected OpenGL error 'invalid operation' at end of Geometry::drawImplementation().
[01:02:00.357 W] Warning: detected OpenGL error 'invalid operation' at end of Geometry::drawImplementation().
[01:02:00.357 W] Warning: detected OpenGL error 'invalid operation' at end of Geometry::drawImplementation().
[01:02:00.357 W] Warning: detected OpenGL error 'invalid operation' at end of Geometry::drawImplementation().
[01:02:00.357 W] Warning: detected OpenGL error 'invalid operation' at end of Geometry::drawImplementation().
[01:02:00.357 W] Warning: detected OpenGL error 'invalid operation' at end of Geometry::drawImplementation().
[01:02:00.357 W] Warning: detected OpenGL error 'invalid operation' at end of Geometry::drawImplementation().
[01:02:00.357 W] Warning: detected OpenGL error 'invalid operation' at end of Geometry::drawImplementation().
[01:02:00.357 W] Warning: detected OpenGL error 'invalid operation' at end of Geometry::drawImplementation().
[01:02:00.357 W] Warning: detected OpenGL error 'invalid operation' at end of Geometry::drawImplementation().
[01:02:00.357 W] Warning: detected OpenGL error 'invalid operation' at end of Geometry::drawImplementation().
[01:02:00.357 W] Warning: detected OpenGL error 'invalid operation' at end of Geometry::drawImplementation().
[01:02:00.357 W] Warning: detected OpenGL error 'invalid operation' at end of Geometry::drawImplementation().
[01:02:00.357 W] Warning: detected OpenGL error 'invalid operation' at end of Geometry::drawImplementation().
[01:02:00.357 W] Warning: detected OpenGL error 'invalid operation' at end of Geometry::drawImplementation().
[01:02:00.357 W] Warning: detected OpenGL error 'invalid operation' at end of Geometry::drawImplementation().
[01:02:00.357 W] Warning: detected OpenGL error 'invalid operation' at end of Geometry::drawImplementation().
[01:02:00.357 W] Warning: detected OpenGL error 'invalid operation' at end of Geometry::drawImplementation().
[01:02:00.357 W] Warning: detected OpenGL error 'invalid operation' at end of Geometry::drawImplementation().
[01:02:00.357 W] Warning: detected OpenGL error 'invalid operation' at end of Geometry::drawImplementation().
[01:02:00.357 W] Warning: detected OpenGL error 'invalid operation' at end of Geometry::drawImplementation().
[01:02:00.357 W] Warning: detected OpenGL error 'invalid operation' at end of Geometry::drawImplementation().
[01:02:00.357 W] Warning: detected OpenGL error 'invalid operation' at end of Geometry::drawImplementation().
[01:02:00.357 W] Warning: detected OpenGL error 'invalid operation' at end of Geometry::drawImplementation().
[01:02:00.357 W] Warning: detected OpenGL error 'invalid operation' at end of Geometry::drawImplementation().
[01:02:00.357 W] Warning: detected OpenGL error 'invalid operation' at end of Geometry::drawImplementation().
[01:02:00.357 W] Warning: detected OpenGL error 'invalid operation' at end of Geometry::drawImplementation().
[01:02:00.357 W] Warning: detected OpenGL error 'invalid operation' at end of Geometry::drawImplementation().
[01:02:00.357 W] Warning: detected OpenGL error 'invalid operation' at end of Geometry::drawImplementation().
[01:02:00.357 W] Warning: detected OpenGL error 'invalid operation' at end of Geometry::drawImplementation().
[01:02:00.357 W] Warning: detected OpenGL error 'invalid operation' at end of Geometry::drawImplementation().
[01:02:00.357 W] Warning: detected OpenGL error 'invalid operation' at end of Geometry::drawImplementation().
[01:02:00.357 W] Warning: detected OpenGL error 'invalid operation' at end of Geometry::drawImplementation().
[01:02:00.357 W] Warning: detected OpenGL error 'invalid operation' at end of Geometry::drawImplementation().
[01:02:00.357 W] Warning: detected OpenGL error 'invalid operation' at end of Geometry::drawImplementation().
[01:02:00.357 W] Warning: detected OpenGL error 'invalid operation' at end of Geometry::drawImplementation().
[01:02:00.357 W] Warning: detected OpenGL error 'invalid operation' at end of Geometry::drawImplementation().
[01:02:00.357 W] Warning: detected OpenGL error 'invalid operation' at end of Geometry::drawImplementation().
[01:02:00.357 W] Warning: detected OpenGL error 'invalid operation' at end of Geometry::drawImplementation().
[01:02:00.357 W] Warning: detected OpenGL error 'invalid operation' at end of Geometry::drawImplementation().
[01:02:00.357 W] Warning: detected OpenGL error 'invalid operation' at end of Geometry::drawImplementation().
[01:02:00.357 W] Warning: detected OpenGL error 'invalid operation' at end of Geometry::drawImplementation().
[01:02:00.357 W] Warning: detected OpenGL error 'invalid operation' at end of Geometry::drawImplementation().
[01:02:00.357 W] Warning: detected OpenGL error 'invalid operation' at end of Geometry::drawImplementation().
[01:02:00.357 W] Warning: detected OpenGL error 'invalid operation' at end of Geometry::drawImplementation().
[01:02:00.357 W] Warning: detected OpenGL error 'invalid operation' at end of Geometry::drawImplementation().
[01:02:00.357 W] Warning: detected OpenGL error 'invalid operation' at end of Geometry::drawImplementation().
[01:02:00.357 W] Warning: detected OpenGL error 'invalid operation' at end of Geometry::drawImplementation().
[01:02:00.357 W] Warning: detected OpenGL error 'invalid operation' at end of Geometry::drawImplementation().
[01:02:00.357 W] Warning: detected OpenGL error 'invalid operation' at end of Geometry::drawImplementation().
[01:02:00.357 W] Warning: detected OpenGL error 'invalid operation' at end of Geometry::drawImplementation().
[01:02:00.357 W] Warning: detected OpenGL error 'invalid operation' at end of Geometry::drawImplementation().
[01:02:00.357 W] Warning: detected OpenGL error 'invalid operation' at end of Geometry::drawImplementation().
[01:02:00.357 W] Warning: detected OpenGL error 'invalid operation' at end of Geometry::drawImplementation().
[01:02:00.357 W] Warning: detected OpenGL error 'invalid operation' at end of Geometry::drawImplementation().
[01:02:00.357 W] Warning: detected OpenGL error 'invalid operation' at end of Geometry::drawImplementation().
[01:02:00.357 W] Warning: detected OpenGL error 'invalid operation' at end of Geometry::drawImplementation().
[01:02:00.357 W] Warning: detected OpenGL error 'invalid operation' at end of Geometry::drawImplementation().
[01:02:00.357 W] Warning: detected OpenGL error 'invalid operation' at end of Geometry::drawImplementation().
[01:02:00.357 W] Warning: detected OpenGL error 'invalid operation' at end of Geometry::drawImplementation().
[01:02:00.357 W] Warning: detected OpenGL error 'invalid operation' at end of Geometry::drawImplementation().
[01:02:00.357 W] Warning: detected OpenGL error 'invalid operation' at end of Geometry::drawImplementation().
[01:02:00.357 W] Warning: detected OpenGL error 'invalid operation' at end of Geometry::drawImplementation().
[01:02:00.357 W] Warning: detected OpenGL error 'invalid operation' at end of Geometry::drawImplementation().
[01:02:00.357 W] Warning: detected OpenGL error 'invalid operation' at end of Geometry::drawImplementation().
[01:02:00.357 W] Warning: detected OpenGL error 'invalid operation' at end of Geometry::drawImplementation().
[01:02:00.357 W] Warning: detected OpenGL error 'invalid operation' at end of Geometry::drawImplementation().
[01:02:00.357 W] Warning: detected OpenGL error 'invalid operation' at end of Geometry::drawImplementation().
[01:02:00.357 W] Warning: detected OpenGL error 'invalid operation' at end of Geometry::drawImplementation().
[01:02:00.357 W] Warning: detected OpenGL error 'invalid operation' at end of Geometry::drawImplementation().
[01:02:00.357 W] Warning: detected OpenGL error 'invalid operation' at end of Geometry::drawImplementation().
[01:02:00.357 W] Warning: detected OpenGL error 'invalid operation' at end of Geometry::drawImplementation().
[01:02:00.357 W] Warning: detected OpenGL error 'invalid operation' at end of Geometry::drawImplementation().
[01:02:00.357 W] Warning: detected OpenGL error 'invalid operation' at end of Geometry::drawImplementation().
[01:02:00.357 W] Warning: detected OpenGL error 'invalid operation' at end of Geometry::drawImplementation().
[01:02:00.358 W] Warning: detected OpenGL error 'invalid operation' at end of Geometry::drawImplementation().
[01:02:00.358 W] Warning: detected OpenGL error 'invalid operation' at end of Geometry::drawImplementation().
[01:02:00.358 W] Warning: detected OpenGL error 'invalid operation' at end of Geometry::drawImplementation().
[01:02:00.358 W] Warning: detected OpenGL error 'invalid operation' at end of Geometry::drawImplementation().
[01:02:00.358 W] Warning: detected OpenGL error 'invalid operation' at end of Geometry::drawImplementation().
[01:02:00.358 W] Warning: detected OpenGL error 'invalid operation' at end of Geometry::drawImplementation().
[01:02:00.358 W] Warning: detected OpenGL error 'invalid operation' at end of Geometry::drawImplementation().
[01:02:00.358 W] Warning: detected OpenGL error 'invalid operation' at end of Geometry::drawImplementation().
[01:02:00.358 W] Warning: detected OpenGL error 'invalid operation' at end of Geometry::drawImplementation().
[01:02:00.358 W] Warning: detected OpenGL error 'invalid operation' at end of Geometry::drawImplementation().
[01:02:00.358 W] Warning: detected OpenGL error 'invalid operation' at end of Geometry::drawImplementation().
[01:02:00.358 W] Warning: detected OpenGL error 'invalid operation' at end of Geometry::drawImplementation().
[01:02:00.358 W] Warning: detected OpenGL error 'invalid operation' at end of Geometry::drawImplementation().
[01:02:00.358 W] Warning: detected OpenGL error 'invalid operation' at end of Geometry::drawImplementation().
[01:02:00.358 W] Warning: detected OpenGL error 'invalid operation' at end of Geometry::drawImplementation().
[01:02:00.358 W] Warning: detected OpenGL error 'invalid operation' at end of Geometry::drawImplementation().
[01:02:00.358 W] Warning: detected OpenGL error 'invalid operation' at end of Geometry::drawImplementation().
[01:02:00.358 W] Warning: detected OpenGL error 'invalid operation' at end of Geometry::drawImplementation().
[01:02:00.358 W] Warning: detected OpenGL error 'invalid operation' at end of Geometry::drawImplementation().
[01:02:00.358 W] Warning: detected OpenGL error 'invalid operation' at end of Geometry::drawImplementation().
[01:02:00.358 W] Warning: detected OpenGL error 'invalid operation' at end of Geometry::drawImplementation().
[01:02:00.358 W] Warning: detected OpenGL error 'invalid operation' at end of Geometry::drawImplementation().
[01:02:00.358 W] Warning: detected OpenGL error 'invalid operation' at end of Geometry::drawImplementation().
[01:02:00.358 W] Warning: detected OpenGL error 'invalid operation' at end of Geometry::drawImplementation().
[01:02:00.358 W] Warning: detected OpenGL error 'invalid operation' at end of Geometry::drawImplementation().
[01:02:00.358 W] Warning: detected OpenGL error 'invalid operation' at end of Geometry::drawImplementation().
[01:02:00.358 W] Warning: detected OpenGL error 'invalid operation' at end of Geometry::drawImplementation().
[01:02:00.358 W] Warning: detected OpenGL error 'invalid operation' at end of Geometry::drawImplementation().
[01:02:00.358 W] Warning: detected OpenGL error 'invalid operation' at end of Geometry::drawImplementation().
[01:02:00.358 W] Warning: detected OpenGL error 'invalid operation' at end of Geometry::drawImplementation().
[01:02:00.358 W] Warning: detected OpenGL error 'invalid operation' at end of Geometry::drawImplementation().
[01:02:00.358 W] Warning: detected OpenGL error 'invalid operation' at end of Geometry::drawImplementation().
[01:02:00.358 W] Warning: detected OpenGL error 'invalid operation' at end of Geometry::drawImplementation().
[01:02:00.358 W] Warning: detected OpenGL error 'invalid operation' at end of Geometry::drawImplementation().
[01:02:00.358 W] Warning: detected OpenGL error 'invalid operation' at end of Geometry::drawImplementation().
[01:02:00.358 W] Warning: detected OpenGL error 'invalid operation' at end of Geometry::drawImplementation().
[01:02:00.358 W] Warning: detected OpenGL error 'invalid operation' at end of Geometry::drawImplementation().
[01:02:00.358 W] Warning: detected OpenGL error 'invalid operation' at end of Geometry::drawImplementation().
[01:02:00.358 W] Warning: detected OpenGL error 'invalid operation' at end of Geometry::drawImplementation().
[01:02:00.358 W] Warning: detected OpenGL error 'invalid operation' at end of Geometry::drawImplementation().
[01:02:00.358 W] Warning: detected OpenGL error 'invalid operation' at end of Geometry::drawImplementation().
[01:02:00.358 W] Warning: detected OpenGL error 'invalid operation' at end of Geometry::drawImplementation().
[01:02:00.358 W] Warning: detected OpenGL error 'invalid operation' at end of Geometry::drawImplementation().
[01:02:00.358 W] Warning: detected OpenGL error 'invalid operation' at end of Geometry::drawImplementation().
[01:02:00.358 W] Warning: detected OpenGL error 'invalid operation' at end of Geometry::drawImplementation().
[01:02:00.358 W] Warning: detected OpenGL error 'invalid operation' at end of Geometry::drawImplementation().
[01:02:00.358 W] Warning: detected OpenGL error 'invalid operation' at end of Geometry::drawImplementation().
[01:02:00.358 W] Warning: detected OpenGL error 'invalid operation' at end of Geometry::drawImplementation().
[01:02:00.358 W] Warning: detected OpenGL error 'invalid operation' at end of Geometry::drawImplementation().
[01:02:00.358 W] Warning: detected OpenGL error 'invalid operation' at end of Geometry::drawImplementation().
[01:02:00.358 W] Warning: detected OpenGL error 'invalid operation' at end of Geometry::drawImplementation().
[01:02:00.358 W] Warning: detected OpenGL error 'invalid operation' at end of Geometry::drawImplementation().
[01:02:00.358 W] Warning: detected OpenGL error 'invalid operation' at end of Geometry::drawImplementation().
[01:02:00.358 W] Warning: detected OpenGL error 'invalid operation' at end of Geometry::drawImplementation().
[01:02:00.358 W] Warning: detected OpenGL error 'invalid operation' at end of Geometry::drawImplementation().
[01:02:00.358 W] Warning: detected OpenGL error 'invalid operation' at end of Geometry::drawImplementation().
[01:02:00.358 W] Warning: detected OpenGL error 'invalid operation' at end of Geometry::drawImplementation().
[01:02:00.358 W] Warning: detected OpenGL error 'invalid operation' at end of Geometry::drawImplementation().
[01:02:00.358 W] Warning: detected OpenGL error 'invalid operation' at end of Geometry::drawImplementation().
[01:02:00.358 W] Warning: detected OpenGL error 'invalid operation' at end of Geometry::drawImplementation().
[01:02:00.358 W] Warning: detected OpenGL error 'invalid operation' at end of Geometry::drawImplementation().
[01:02:00.358 W] Warning: detected OpenGL error 'invalid operation' at end of Geometry::drawImplementation().
[01:02:00.358 W] Warning: detected OpenGL error 'invalid operation' at end of Geometry::drawImplementation().
[01:02:00.358 W] Warning: detected OpenGL error 'invalid operation' at end of Geometry::drawImplementation().
[01:02:00.358 W] Warning: detected OpenGL error 'invalid operation' at end of Geometry::drawImplementation().
[01:02:00.358 W] Warning: detected OpenGL error 'invalid operation' at end of Geometry::drawImplementation().
[01:02:00.358 W] Warning: detected OpenGL error 'invalid operation' at end of Geometry::drawImplementation().
[01:02:00.358 W] Warning: detected OpenGL error 'invalid operation' at end of Geometry::drawImplementation().
[01:02:00.358 W] Warning: detected OpenGL error 'invalid operation' at end of Geometry::drawImplementation().
[01:02:00.358 W] Warning: detected OpenGL error 'invalid operation' at end of Geometry::drawImplementation().
[01:02:00.358 W] Warning: detected OpenGL error 'invalid operation' at end of Geometry::drawImplementation().
[01:02:00.358 W] Warning: detected OpenGL error 'invalid operation' at end of Geometry::drawImplementation().
[01:02:00.358 W] Warning: detected OpenGL error 'invalid operation' at end of Geometry::drawImplementation().
[01:02:00.358 W] Warning: detected OpenGL error 'invalid operation' at end of Geometry::drawImplementation().
[01:02:00.358 W] Warning: detected OpenGL error 'invalid operation' at end of Geometry::drawImplementation().
[01:02:00.358 W] Warning: detected OpenGL error 'invalid operation' at end of Geometry::drawImplementation().
[01:02:00.358 W] Warning: detected OpenGL error 'invalid operation' at end of Geometry::drawImplementation().
[01:02:00.358 W] Warning: detected OpenGL error 'invalid operation' at end of Geometry::drawImplementation().
[01:02:00.358 W] Warning: detected OpenGL error 'invalid operation' at end of Geometry::drawImplementation().
[01:02:00.358 W] Warning: detected OpenGL error 'invalid operation' at end of Geometry::drawImplementation().
[01:02:00.358 W] Warning: detected OpenGL error 'invalid operation' at end of Geometry::drawImplementation().
[01:02:00.358 W] Warning: detected OpenGL error 'invalid operation' at end of Geometry::drawImplementation().
[01:02:00.358 W] Warning: detected OpenGL error 'invalid operation' at end of Geometry::drawImplementation().
[01:02:00.358 W] Warning: detected OpenGL error 'invalid operation' at end of Geometry::drawImplementation().
[01:02:00.358 W] Warning: detected OpenGL error 'invalid operation' at end of Geometry::drawImplementation().
[01:02:00.358 W] Warning: detected OpenGL error 'invalid operation' at end of Geometry::drawImplementation().
[01:02:00.358 W] Warning: detected OpenGL error 'invalid operation' at end of Geometry::drawImplementation().
[01:02:00.358 W] Warning: detected OpenGL error 'invalid operation' at end of Geometry::drawImplementation().
[01:02:00.358 W] Warning: detected OpenGL error 'invalid operation' at end of Geometry::drawImplementation().
[01:02:00.358 W] Warning: detected OpenGL error 'invalid operation' at end of Geometry::drawImplementation().
[01:02:00.358 W] Warning: detected OpenGL error 'invalid operation' at end of Geometry::drawImplementation().
[01:02:00.358 W] Warning: detected OpenGL error 'invalid operation' at end of Geometry::drawImplementation().
[01:02:00.358 W] Warning: detected OpenGL error 'invalid operation' at end of Geometry::drawImplementation().
[01:02:00.358 W] Warning: detected OpenGL error 'invalid operation' at end of Geometry::drawImplementation().
[01:02:00.358 W] Warning: detected OpenGL error 'invalid operation' at end of Geometry::drawImplementation().
[01:02:00.358 W] Warning: detected OpenGL error 'invalid operation' at end of Geometry::drawImplementation().
[01:02:00.358 W] Warning: detected OpenGL error 'invalid operation' at end of Geometry::drawImplementation().
[01:02:00.358 W] Warning: detected OpenGL error 'invalid operation' at end of Geometry::drawImplementation().
[01:02:00.358 W] Warning: detected OpenGL error 'invalid operation' at end of Geometry::drawImplementation().
[01:02:00.358 W] Warning: detected OpenGL error 'invalid operation' at end of Geometry::drawImplementation().
[01:02:00.358 W] Warning: detected OpenGL error 'invalid operation' at end of Geometry::drawImplementation().
[01:02:00.358 W] Warning: detected OpenGL error 'invalid operation' at end of Geometry::drawImplementation().
[01:02:00.358 W] Warning: detected OpenGL error 'invalid operation' at end of Geometry::drawImplementation().
[01:02:00.358 W] Warning: detected OpenGL error 'invalid operation' at end of Geometry::drawImplementation().
[01:02:00.358 W] Warning: detected OpenGL error 'invalid operation' at end of Geometry::drawImplementation().
[01:02:00.358 W] Warning: detected OpenGL error 'invalid operation' at end of Geometry::drawImplementation().
[01:02:00.358 W] Warning: detected OpenGL error 'invalid operation' at end of Geometry::drawImplementation().
[01:02:00.358 W] Warning: detected OpenGL error 'invalid operation' at end of Geometry::drawImplementation().
[01:02:00.358 W] Warning: detected OpenGL error 'invalid operation' at end of Geometry::drawImplementation().
[01:02:00.358 W] Warning: detected OpenGL error 'invalid operation' at end of Geometry::drawImplementation().
[01:02:00.358 W] Warning: detected OpenGL error 'invalid operation' at end of Geometry::drawImplementation().
[01:02:00.358 W] Warning: detected OpenGL error 'invalid operation' at end of Geometry::drawImplementation().
[01:02:00.358 W] Warning: detected OpenGL error 'invalid operation' at end of Geometry::drawImplementation().
[01:02:00.358 W] Warning: detected OpenGL error 'invalid operation' at end of Geometry::drawImplementation().
[01:02:00.358 W] Warning: detected OpenGL error 'invalid operation' at end of Geometry::drawImplementation().
[01:02:00.358 W] Warning: detected OpenGL error 'invalid operation' at end of Geometry::drawImplementation().
[01:02:00.358 W] Warning: detected OpenGL error 'invalid operation' at end of Geometry::drawImplementation().
[01:02:00.358 W] Warning: detected OpenGL error 'invalid operation' at end of Geometry::drawImplementation().
[01:02:00.358 W] Warning: detected OpenGL error 'invalid operation' at end of Geometry::drawImplementation().
[01:02:00.358 W] Warning: detected OpenGL error 'invalid operation' at end of Geometry::drawImplementation().
[01:02:00.358 W] Warning: detected OpenGL error 'invalid operation' at end of Geometry::drawImplementation().
[01:02:00.358 W] Warning: detected OpenGL error 'invalid operation' at end of Geometry::drawImplementation().
[01:02:00.358 W] Warning: detected OpenGL error 'invalid operation' at end of Geometry::drawImplementation().
[01:02:00.358 W] Warning: detected OpenGL error 'invalid operation' at end of Geometry::drawImplementation().
[01:02:00.358 W] Warning: detected OpenGL error 'invalid operation' at end of Geometry::drawImplementation().
[01:02:00.358 W] Warning: detected OpenGL error 'invalid operation' at end of Geometry::drawImplementation().
[01:02:00.358 W] Warning: detected OpenGL error 'invalid operation' at end of Geometry::drawImplementation().
[01:02:00.358 W] Warning: detected OpenGL error 'invalid operation' at end of Geometry::drawImplementation().
[01:02:00.358 W] Warning: detected OpenGL error 'invalid operation' at end of Geometry::drawImplementation().
[01:02:00.358 W] Warning: detected OpenGL error 'invalid operation' at end of Geometry::drawImplementation().
[01:02:00.358 W] Warning: detected OpenGL error 'invalid operation' at end of Geometry::drawImplementation().
[01:02:00.358 W] Warning: detected OpenGL error 'invalid operation' at end of Geometry::drawImplementation().
[01:02:00.358 W] Warning: detected OpenGL error 'invalid operation' at end of Geometry::drawImplementation().
[01:02:00.358 W] Warning: detected OpenGL error 'invalid operation' at end of Geometry::drawImplementation().
[01:02:00.358 W] Warning: detected OpenGL error 'invalid operation' at end of Geometry::drawImplementation().
[01:02:00.358 W] Warning: detected OpenGL error 'invalid operation' at end of Geometry::drawImplementation().
[01:02:00.358 W] Warning: detected OpenGL error 'invalid operation' at end of Geometry::drawImplementation().
[01:02:00.358 W] Warning: detected OpenGL error 'invalid operation' at end of Geometry::drawImplementation().
[01:02:00.358 W] Warning: detected OpenGL error 'invalid operation' at end of Geometry::drawImplementation().
[01:02:00.358 W] Warning: detected OpenGL error 'invalid operation' at end of Geometry::drawImplementation().
[01:02:00.358 W] Warning: detected OpenGL error 'invalid operation' at end of Geometry::drawImplementation().
[01:02:00.358 W] Warning: detected OpenGL error 'invalid operation' at end of Geometry::drawImplementation().
[01:02:00.358 W] Warning: detected OpenGL error 'invalid operation' at end of Geometry::drawImplementation().
[01:02:00.358 W] Warning: detected OpenGL error 'invalid operation' at end of Geometry::drawImplementation().
[01:02:00.358 W] Warning: detected OpenGL error 'invalid operation' at end of Geometry::drawImplementation().
[01:02:00.358 W] Warning: detected OpenGL error 'invalid operation' at end of Geometry::drawImplementation().
[01:02:00.358 W] Warning: detected OpenGL error 'invalid operation' at end of Geometry::drawImplementation().
[01:02:00.358 W] Warning: detected OpenGL error 'invalid operation' at end of Geometry::drawImplementation().
[01:02:00.358 W] Warning: detected OpenGL error 'invalid operation' at end of Geometry::drawImplementation().
[01:02:00.358 W] Warning: detected OpenGL error 'invalid operation' at end of Geometry::drawImplementation().
[01:02:00.358 W] Warning: detected OpenGL error 'invalid operation' at end of Geometry::drawImplementation().
[01:02:00.358 W] Warning: detected OpenGL error 'invalid operation' at end of Geometry::drawImplementation().
[01:02:00.358 W] Warning: detected OpenGL error 'invalid operation' at end of Geometry::drawImplementation().
[01:02:00.359 W] Warning: detected OpenGL error 'invalid operation' at end of Geometry::drawImplementation().
[01:02:00.359 W] Warning: detected OpenGL error 'invalid operation' at end of Geometry::drawImplementation().
[01:02:00.359 W] Warning: detected OpenGL error 'invalid operation' at end of Geometry::drawImplementation().
[01:02:00.359 W] Warning: detected OpenGL error 'invalid operation' at end of Geometry::drawImplementation().
[01:02:00.359 W] Warning: detected OpenGL error 'invalid operation' at end of Geometry::drawImplementation().
[01:02:00.359 W] Warning: detected OpenGL error 'invalid operation' at end of Geometry::drawImplementation().
[01:02:00.359 W] Warning: detected OpenGL error 'invalid operation' at end of Geometry::drawImplementation().
[01:02:00.359 W] Warning: detected OpenGL error 'invalid operation' at end of Geometry::drawImplementation().
[01:02:00.359 W] Warning: detected OpenGL error 'invalid operation' at end of Geometry::drawImplementation().
[01:02:00.359 W] Warning: detected OpenGL error 'invalid operation' at end of Geometry::drawImplementation().
[01:02:00.359 W] Warning: detected OpenGL error 'invalid operation' at end of Geometry::drawImplementation().
[01:02:00.359 W] Warning: detected OpenGL error 'invalid operation' at end of Geometry::drawImplementation().
[01:02:00.359 W] Warning: detected OpenGL error 'invalid operation' at end of Geometry::drawImplementation().
[01:02:00.359 W] Warning: detected OpenGL error 'invalid operation' at end of Geometry::drawImplementation().
[01:02:00.359 W] Warning: detected OpenGL error 'invalid operation' at end of Geometry::drawImplementation().
[01:02:00.359 W] Warning: detected OpenGL error 'invalid operation' at end of Geometry::drawImplementation().
[01:02:00.359 W] Warning: detected OpenGL error 'invalid operation' at end of Geometry::drawImplementation().
[01:02:00.359 W] Warning: detected OpenGL error 'invalid operation' at end of Geometry::drawImplementation().
[01:02:00.359 W] Warning: detected OpenGL error 'invalid operation' at end of Geometry::drawImplementation().
[01:02:00.359 W] Warning: detected OpenGL error 'invalid operation' at end of Geometry::drawImplementation().
[01:02:00.359 W] Warning: detected OpenGL error 'invalid operation' at end of Geometry::drawImplementation().
[01:02:00.359 W] Warning: detected OpenGL error 'invalid operation' at end of Geometry::drawImplementation().
[01:02:00.359 W] Warning: detected OpenGL error 'invalid operation' at end of Geometry::drawImplementation().
[01:02:00.359 W] Warning: detected OpenGL error 'invalid operation' at end of Geometry::drawImplementation().
[01:02:00.359 W] Warning: detected OpenGL error 'invalid operation' at end of Geometry::drawImplementation().
[01:02:00.359 W] Warning: detected OpenGL error 'invalid operation' at end of Geometry::drawImplementation().
[01:02:00.359 W] Warning: detected OpenGL error 'invalid operation' at end of Geometry::drawImplementation().
[01:02:00.359 W] Warning: detected OpenGL error 'invalid operation' at end of Geometry::drawImplementation().
[01:02:00.359 W] Warning: detected OpenGL error 'invalid operation' at end of Geometry::drawImplementation().
[01:02:00.359 W] Warning: detected OpenGL error 'invalid operation' at end of Geometry::drawImplementation().
[01:02:00.359 W] Warning: detected OpenGL error 'invalid operation' at end of Geometry::drawImplementation().
[01:02:00.359 W] Warning: detected OpenGL error 'invalid operation' at end of Geometry::drawImplementation().
[01:02:00.359 W] Warning: detected OpenGL error 'invalid operation' at end of Geometry::drawImplementation().
[01:02:00.359 W] Warning: detected OpenGL error 'invalid operation' at end of Geometry::drawImplementation().
[01:02:00.359 W] Warning: detected OpenGL error 'invalid operation' at end of Geometry::drawImplementation().
[01:02:00.359 W] Warning: detected OpenGL error 'invalid operation' at end of Geometry::drawImplementation().
[01:02:00.359 W] Warning: detected OpenGL error 'invalid operation' at end of Geometry::drawImplementation().
[01:02:00.359 W] Warning: detected OpenGL error 'invalid operation' at end of Geometry::drawImplementation().
[01:02:00.359 W] Warning: detected OpenGL error 'invalid operation' at end of Geometry::drawImplementation().
[01:02:00.359 W] Warning: detected OpenGL error 'invalid operation' at end of Geometry::drawImplementation().
[01:02:00.359 W] Warning: detected OpenGL error 'invalid operation' at end of Geometry::drawImplementation().
[01:02:00.359 W] Warning: detected OpenGL error 'invalid operation' at end of Geometry::drawImplementation().
[01:02:00.359 W] Warning: detected OpenGL error 'invalid operation' at end of Geometry::drawImplementation().
[01:02:00.359 W] Warning: detected OpenGL error 'invalid operation' at end of Geometry::drawImplementation().
[01:02:00.359 W] Warning: detected OpenGL error 'invalid operation' at end of Geometry::drawImplementation().
[01:02:00.359 W] Warning: detected OpenGL error 'invalid operation' at end of Geometry::drawImplementation().
[01:02:00.359 W] Warning: detected OpenGL error 'invalid operation' at end of Geometry::drawImplementation().
[01:02:00.359 W] Warning: detected OpenGL error 'invalid operation' at end of Geometry::drawImplementation().
[01:02:00.359 W] Warning: detected OpenGL error 'invalid operation' at end of Geometry::drawImplementation().
[01:02:00.359 W] Warning: detected OpenGL error 'invalid operation' at end of Geometry::drawImplementation().
[01:02:00.359 W] Warning: detected OpenGL error 'invalid operation' at end of Geometry::drawImplementation().
[01:02:00.359 W] Warning: detected OpenGL error 'invalid operation' at end of Geometry::drawImplementation().
[01:02:00.359 W] Warning: detected OpenGL error 'invalid operation' at end of Geometry::drawImplementation().
[01:02:00.359 W] Warning: detected OpenGL error 'invalid operation' at end of Geometry::drawImplementation().
[01:02:00.359 W] Warning: detected OpenGL error 'invalid operation' at end of Geometry::drawImplementation().
[01:02:00.359 W] Warning: detected OpenGL error 'invalid operation' at end of Geometry::drawImplementation().
[01:02:00.359 W] Warning: detected OpenGL error 'invalid operation' at end of Geometry::drawImplementation().
[01:02:00.359 W] Warning: detected OpenGL error 'invalid operation' at end of Geometry::drawImplementation().
[01:02:00.359 W] Warning: detected OpenGL error 'invalid operation' at end of Geometry::drawImplementation().
[01:02:00.359 W] Warning: detected OpenGL error 'invalid operation' at end of Geometry::drawImplementation().
[01:02:00.359 W] Warning: detected OpenGL error 'invalid operation' at end of Geometry::drawImplementation().
[01:02:00.359 W] Warning: detected OpenGL error 'invalid operation' at end of Geometry::drawImplementation().
[01:02:00.359 W] Warning: detected OpenGL error 'invalid operation' at end of Geometry::drawImplementation().
[01:02:00.359 W] Warning: detected OpenGL error 'invalid operation' at end of Geometry::drawImplementation().
[01:02:00.359 W] Warning: detected OpenGL error 'invalid operation' at end of Geometry::drawImplementation().
[01:02:00.359 W] Warning: detected OpenGL error 'invalid operation' at end of Geometry::drawImplementation().
[01:02:00.359 W] Warning: detected OpenGL error 'invalid operation' at end of Geometry::drawImplementation().
[01:02:00.359 W] Warning: detected OpenGL error 'invalid operation' at end of Geometry::drawImplementation().
[01:02:00.359 W] Warning: detected OpenGL error 'invalid operation' at end of Geometry::drawImplementation().
[01:02:00.359 W] Warning: detected OpenGL error 'invalid operation' at end of Geometry::drawImplementation().
[01:02:00.359 W] Warning: detected OpenGL error 'invalid operation' at end of Geometry::drawImplementation().
[01:02:00.359 W] Warning: detected OpenGL error 'invalid operation' at end of Geometry::drawImplementation().
[01:02:00.359 W] Warning: detected OpenGL error 'invalid operation' at end of Geometry::drawImplementation().
[01:02:00.359 W] Warning: detected OpenGL error 'invalid operation' at end of Geometry::drawImplementation().
[01:02:00.359 W] Warning: detected OpenGL error 'invalid operation' at end of Geometry::drawImplementation().
[01:02:00.359 W] Warning: detected OpenGL error 'invalid operation' at end of Geometry::drawImplementation().
[01:02:00.359 W] Warning: detected OpenGL error 'invalid operation' at end of Geometry::drawImplementation().
[01:02:00.359 W] Warning: detected OpenGL error 'invalid operation' at end of Geometry::drawImplementation().
[01:02:00.359 W] Warning: detected OpenGL error 'invalid operation' at end of Geometry::drawImplementation().
[01:02:00.359 W] Warning: detected OpenGL error 'invalid operation' at end of Geometry::drawImplementation().
[01:02:00.359 W] Warning: detected OpenGL error 'invalid operation' at end of Geometry::drawImplementation().
[01:02:00.359 W] Warning: detected OpenGL error 'invalid operation' at end of Geometry::drawImplementation().
[01:02:00.359 W] Warning: detected OpenGL error 'invalid operation' at end of Geometry::drawImplementation().
[01:02:00.359 W] Warning: detected OpenGL error 'invalid operation' at end of Geometry::drawImplementation().
[01:02:00.359 W] Warning: detected OpenGL error 'invalid operation' at end of Geometry::drawImplementation().
[01:02:00.359 W] Warning: detected OpenGL error 'invalid operation' at end of Geometry::drawImplementation().
[01:02:00.359 W] Warning: detected OpenGL error 'invalid operation' at end of Geometry::drawImplementation().
[01:02:00.359 W] Warning: detected OpenGL error 'invalid operation' at end of Geometry::drawImplementation().
[01:02:00.359 W] Warning: detected OpenGL error 'invalid operation' at end of Geometry::drawImplementation().
[01:02:00.359 W] Warning: detected OpenGL error 'invalid operation' at end of Geometry::drawImplementation().
[01:02:00.359 W] Warning: detected OpenGL error 'invalid operation' at end of Geometry::drawImplementation().
[01:02:00.359 W] Warning: detected OpenGL error 'invalid operation' at end of Geometry::drawImplementation().
[01:02:00.359 W] Warning: detected OpenGL error 'invalid operation' at end of Geometry::drawImplementation().
[01:02:00.359 W] Warning: detected OpenGL error 'invalid operation' at end of Geometry::drawImplementation().
[01:02:00.359 W] Warning: detected OpenGL error 'invalid operation' at end of Geometry::drawImplementation().
[01:02:00.359 W] Warning: detected OpenGL error 'invalid operation' at end of Geometry::drawImplementation().
[01:02:00.359 W] Warning: detected OpenGL error 'invalid operation' at end of Geometry::drawImplementation().
[01:02:00.359 W] Warning: detected OpenGL error 'invalid operation' at end of Geometry::drawImplementation().
[01:02:00.359 W] Warning: detected OpenGL error 'invalid operation' at end of Geometry::drawImplementation().
[01:02:00.359 W] Warning: detected OpenGL error 'invalid operation' at end of Geometry::drawImplementation().
[01:02:00.359 W] Warning: detected OpenGL error 'invalid operation' at end of Geometry::drawImplementation().
[01:02:00.359 W] Warning: detected OpenGL error 'invalid operation' at end of Geometry::drawImplementation().
[01:02:00.359 W] Warning: detected OpenGL error 'invalid operation' at end of Geometry::drawImplementation().
[01:02:00.359 W] Warning: detected OpenGL error 'invalid operation' at end of Geometry::drawImplementation().
[01:02:00.359 W] Warning: detected OpenGL error 'invalid operation' at end of Geometry::drawImplementation().
[01:02:00.359 W] Warning: detected OpenGL error 'invalid operation' at end of Geometry::drawImplementation().
[01:02:00.359 W] Warning: detected OpenGL error 'invalid operation' at end of Geometry::drawImplementation().
[01:02:00.359 W] Warning: detected OpenGL error 'invalid operation' at end of Geometry::drawImplementation().
[01:02:00.359 W] Warning: detected OpenGL error 'invalid operation' at end of Geometry::drawImplementation().
[01:02:00.359 W] Warning: detected OpenGL error 'invalid operation' at end of Geometry::drawImplementation().
[01:02:00.359 W] Warning: detected OpenGL error 'invalid operation' at end of Geometry::drawImplementation().
[01:02:00.359 W] Warning: detected OpenGL error 'invalid operation' at end of Geometry::drawImplementation().
[01:02:00.359 W] Warning: detected OpenGL error 'invalid operation' at end of Geometry::drawImplementation().
[01:02:00.359 W] Warning: detected OpenGL error 'invalid operation' at end of Geometry::drawImplementation().
[01:02:00.359 W] Warning: detected OpenGL error 'invalid operation' at end of Geometry::drawImplementation().
[01:02:00.359 W] Warning: detected OpenGL error 'invalid operation' at end of Geometry::drawImplementation().
[01:02:00.359 W] Warning: detected OpenGL error 'invalid operation' at end of Geometry::drawImplementation().
[01:02:00.360 W] Warning: detected OpenGL error 'invalid operation' at end of Geometry::drawImplementation().
[01:02:00.360 W] Warning: detected OpenGL error 'invalid operation' at end of Geometry::drawImplementation().
[01:02:00.360 W] Warning: detected OpenGL error 'invalid operation' at end of Geometry::drawImplementation().
[01:02:00.360 W] Warning: detected OpenGL error 'invalid operation' at end of Geometry::drawImplementation().
[01:02:00.360 W] Warning: detected OpenGL error 'invalid operation' at end of Geometry::drawImplementation().
[01:02:00.360 W] Warning: detected OpenGL error 'invalid operation' at end of Geometry::drawImplementation().
[01:02:00.360 W] Warning: detected OpenGL error 'invalid operation' at end of Geometry::drawImplementation().
[01:02:00.360 W] Warning: detected OpenGL error 'invalid operation' at end of Geometry::drawImplementation().
[01:02:00.360 W] Warning: detected OpenGL error 'invalid operation' at end of Geometry::drawImplementation().
[01:02:00.360 W] Warning: detected OpenGL error 'invalid operation' at end of Geometry::drawImplementation().
[01:02:00.360 W] Warning: detected OpenGL error 'invalid operation' at end of Geometry::drawImplementation().
[01:02:00.360 W] Warning: detected OpenGL error 'invalid operation' at end of Geometry::drawImplementation().
[01:02:00.360 W] Warning: detected OpenGL error 'invalid operation' at end of Geometry::drawImplementation().
[01:02:00.360 W] Warning: detected OpenGL error 'invalid operation' at end of Geometry::drawImplementation().
[01:02:00.360 W] Warning: detected OpenGL error 'invalid operation' at end of Geometry::drawImplementation().
[01:02:00.360 W] Warning: detected OpenGL error 'invalid operation' at end of Geometry::drawImplementation().
[01:02:00.360 W] Warning: detected OpenGL error 'invalid operation' at end of Geometry::drawImplementation().
[01:02:00.360 W] Warning: detected OpenGL error 'invalid operation' at end of Geometry::drawImplementation().
[01:02:00.360 W] Warning: detected OpenGL error 'invalid operation' at end of Geometry::drawImplementation().
[01:02:00.360 W] Warning: detected OpenGL error 'invalid operation' at end of Geometry::drawImplementation().
[01:02:00.360 W] Warning: detected OpenGL error 'invalid operation' at end of Geometry::drawImplementation().
[01:02:00.360 W] Warning: detected OpenGL error 'invalid operation' at end of Geometry::drawImplementation().
[01:02:00.360 W] Warning: detected OpenGL error 'invalid operation' at end of Geometry::drawImplementation().
[01:02:00.360 W] Warning: detected OpenGL error 'invalid operation' at end of Geometry::drawImplementation().
[01:02:00.360 W] Warning: detected OpenGL error 'invalid operation' at end of Geometry::drawImplementation().
[01:02:00.360 W] Warning: detected OpenGL error 'invalid operation' at end of Geometry::drawImplementation().
[01:02:00.360 W] Warning: detected OpenGL error 'invalid operation' at end of Geometry::drawImplementation().
[01:02:00.360 W] Warning: detected OpenGL error 'invalid operation' at end of Geometry::drawImplementation().
[01:02:00.360 W] Warning: detected OpenGL error 'invalid operation' at end of Geometry::drawImplementation().
[01:02:00.360 W] Warning: detected OpenGL error 'invalid operation' at end of Geometry::drawImplementation().
[01:02:00.360 W] Warning: detected OpenGL error 'invalid operation' at end of Geometry::drawImplementation().
[01:02:00.360 W] Warning: detected OpenGL error 'invalid operation' at end of Geometry::drawImplementation().
[01:02:00.360 W] Warning: detected OpenGL error 'invalid operation' at end of Geometry::drawImplementation().
[01:02:00.360 W] Warning: detected OpenGL error 'invalid operation' at end of Geometry::drawImplementation().
[01:02:00.360 W] Warning: detected OpenGL error 'invalid operation' at end of Geometry::drawImplementation().
[01:02:00.360 W] Warning: detected OpenGL error 'invalid operation' at end of Geometry::drawImplementation().
[01:02:00.360 W] Warning: detected OpenGL error 'invalid operation' at end of Geometry::drawImplementation().
[01:02:00.360 W] Warning: detected OpenGL error 'invalid operation' at end of Geometry::drawImplementation().
[01:02:00.360 W] Warning: detected OpenGL error 'invalid operation' at end of Geometry::drawImplementation().
[01:02:00.360 W] Warning: detected OpenGL error 'invalid operation' at end of Geometry::drawImplementation().
[01:02:00.360 W] Warning: detected OpenGL error 'invalid operation' at end of Geometry::drawImplementation().
[01:02:00.360 W] Warning: detected OpenGL error 'invalid operation' at end of Geometry::drawImplementation().
[01:02:00.360 W] Warning: detected OpenGL error 'invalid operation' at end of Geometry::drawImplementation().
[01:02:00.360 W] Warning: detected OpenGL error 'invalid operation' at end of Geometry::drawImplementation().
[01:02:00.360 W] Warning: detected OpenGL error 'invalid operation' at end of Geometry::drawImplementation().
[01:02:00.360 W] Warning: detected OpenGL error 'invalid operation' at end of Geometry::drawImplementation().
[01:02:00.360 W] Warning: detected OpenGL error 'invalid operation' at end of Geometry::drawImplementation().
[01:02:00.360 W] Warning: detected OpenGL error 'invalid operation' at end of Geometry::drawImplementation().
[01:02:00.360 W] Warning: detected OpenGL error 'invalid operation' at end of Geometry::drawImplementation().
[01:02:00.360 W] Warning: detected OpenGL error 'invalid operation' at end of Geometry::drawImplementation().
[01:02:00.360 W] Warning: detected OpenGL error 'invalid operation' at end of Geometry::drawImplementation().
[01:02:00.360 W] Warning: detected OpenGL error 'invalid operation' at end of Geometry::drawImplementation().
[01:02:00.360 W] Warning: detected OpenGL error 'invalid operation' at end of Geometry::drawImplementation().
[01:02:00.360 W] Warning: detected OpenGL error 'invalid operation' at end of Geometry::drawImplementation().
[01:02:00.360 W] Warning: detected OpenGL error 'invalid operation' at end of Geometry::drawImplementation().
[01:02:00.360 W] Warning: detected OpenGL error 'invalid operation' at end of Geometry::drawImplementation().
[01:02:00.360 W] Warning: detected OpenGL error 'invalid operation' at end of Geometry::drawImplementation().
[01:02:00.360 W] Warning: detected OpenGL error 'invalid operation' at end of Geometry::drawImplementation().
[01:02:00.360 W] Warning: detected OpenGL error 'invalid operation' at end of Geometry::drawImplementation().
[01:02:00.360 W] Warning: detected OpenGL error 'invalid operation' at end of Geometry::drawImplementation().
[01:02:00.360 W] Warning: detected OpenGL error 'invalid operation' at end of Geometry::drawImplementation().
[01:02:00.360 W] Warning: detected OpenGL error 'invalid operation' at end of Geometry::drawImplementation().
[01:02:00.360 W] Warning: detected OpenGL error 'invalid operation' at end of Geometry::drawImplementation().
[01:02:00.360 W] Warning: detected OpenGL error 'invalid operation' at end of Geometry::drawImplementation().
[01:02:00.360 W] Warning: detected OpenGL error 'invalid operation' at end of Geometry::drawImplementation().
[01:02:00.360 W] Warning: detected OpenGL error 'invalid operation' at end of Geometry::drawImplementation().
[01:02:00.360 W] Warning: detected OpenGL error 'invalid operation' at end of Geometry::drawImplementation().
[01:02:00.360 W] Warning: detected OpenGL error 'invalid operation' at end of Geometry::drawImplementation().
[01:02:00.360 W] Warning: detected OpenGL error 'invalid operation' at end of Geometry::drawImplementation().
[01:02:00.360 W] Warning: detected OpenGL error 'invalid operation' at end of Geometry::drawImplementation().
[01:02:00.360 W] Warning: detected OpenGL error 'invalid operation' at end of Geometry::drawImplementation().
[01:02:00.360 W] Warning: detected OpenGL error 'invalid operation' at end of Geometry::drawImplementation().
[01:02:00.360 W] Warning: detected OpenGL error 'invalid operation' at end of Geometry::drawImplementation().
[01:02:00.360 W] Warning: detected OpenGL error 'invalid operation' at end of Geometry::drawImplementation().
[01:02:00.360 W] Warning: detected OpenGL error 'invalid operation' at end of Geometry::drawImplementation().
[01:02:00.360 W] Warning: detected OpenGL error 'invalid operation' at end of Geometry::drawImplementation().
[01:02:00.360 W] Warning: detected OpenGL error 'invalid operation' at end of Geometry::drawImplementation().
[01:02:00.360 W] Warning: detected OpenGL error 'invalid operation' at end of Geometry::drawImplementation().
[01:02:00.360 W] Warning: detected OpenGL error 'invalid operation' at end of Geometry::drawImplementation().
[01:02:00.360 W] Warning: detected OpenGL error 'invalid operation' at end of Geometry::drawImplementation().
[01:02:00.360 W] Warning: detected OpenGL error 'invalid operation' at end of Geometry::drawImplementation().
[01:02:00.360 W] Warning: detected OpenGL error 'invalid operation' at end of Geometry::drawImplementation().
[01:02:00.360 W] Warning: detected OpenGL error 'invalid operation' at end of Geometry::drawImplementation().
[01:02:00.360 W] Warning: detected OpenGL error 'invalid operation' at end of Geometry::drawImplementation().
[01:02:00.360 W] Warning: detected OpenGL error 'invalid operation' at end of Geometry::drawImplementation().
[01:02:00.360 W] Warning: detected OpenGL error 'invalid operation' at end of Geometry::drawImplementation().
[01:02:00.360 W] Warning: detected OpenGL error 'invalid operation' at end of Geometry::drawImplementation().
[01:02:00.360 W] Warning: detected OpenGL error 'invalid operation' at end of Geometry::drawImplementation().
[01:02:00.360 W] Warning: detected OpenGL error 'invalid operation' at end of Geometry::drawImplementation().
[01:02:00.360 W] Warning: detected OpenGL error 'invalid operation' at end of Geometry::drawImplementation().
[01:02:00.360 W] Warning: detected OpenGL error 'invalid operation' at end of Geometry::drawImplementation().
[01:02:00.360 W] Warning: detected OpenGL error 'invalid operation' at end of Geometry::drawImplementation().
[01:02:00.360 W] Warning: detected OpenGL error 'invalid operation' at end of Geometry::drawImplementation().
[01:02:00.360 W] Warning: detected OpenGL error 'invalid operation' at end of Geometry::drawImplementation().
[01:02:00.360 W] Warning: detected OpenGL error 'invalid operation' at end of Geometry::drawImplementation().
[01:02:00.360 W] Warning: detected OpenGL error 'invalid operation' at end of Geometry::drawImplementation().
[01:02:00.360 W] Warning: detected OpenGL error 'invalid operation' at end of Geometry::drawImplementation().
[01:02:00.360 W] Warning: detected OpenGL error 'invalid operation' at end of Geometry::drawImplementation().
[01:02:00.360 W] Warning: detected OpenGL error 'invalid operation' at end of Geometry::drawImplementation().
[01:02:00.360 W] Warning: detected OpenGL error 'invalid operation' at end of Geometry::drawImplementation().
[01:02:00.360 W] Warning: detected OpenGL error 'invalid operation' at end of Geometry::drawImplementation().
[01:02:00.360 W] Warning: detected OpenGL error 'invalid operation' at end of Geometry::drawImplementation().
[01:02:00.360 W] Warning: detected OpenGL error 'invalid operation' at end of Geometry::drawImplementation().
[01:02:00.360 W] Warning: detected OpenGL error 'invalid operation' at end of Geometry::drawImplementation().
[01:02:00.360 W] Warning: detected OpenGL error 'invalid operation' at end of Geometry::drawImplementation().
[01:02:00.360 W] Warning: detected OpenGL error 'invalid operation' at end of Geometry::drawImplementation().
[01:02:00.360 W] Warning: detected OpenGL error 'invalid operation' at end of Geometry::drawImplementation().
[01:02:00.360 W] Warning: detected OpenGL error 'invalid operation' at end of Geometry::drawImplementation().
[01:02:00.360 W] Warning: detected OpenGL error 'invalid operation' at end of Geometry::drawImplementation().
[01:02:00.360 W] Warning: detected OpenGL error 'invalid operation' at end of Geometry::drawImplementation().
[01:02:00.360 W] Warning: detected OpenGL error 'invalid operation' at end of Geometry::drawImplementation().
[01:02:00.360 W] Warning: detected OpenGL error 'invalid operation' at end of Geometry::drawImplementation().
[01:02:00.360 W] Warning: detected OpenGL error 'invalid operation' at end of Geometry::drawImplementation().
[01:02:00.360 W] Warning: detected OpenGL error 'invalid operation' at end of Geometry::drawImplementation().
[01:02:00.360 W] Warning: detected OpenGL error 'invalid operation' at end of Geometry::drawImplementation().
[01:02:00.360 W] Warning: detected OpenGL error 'invalid operation' at end of Geometry::drawImplementation().
[01:02:00.360 W] Warning: detected OpenGL error 'invalid operation' at end of Geometry::drawImplementation().
[01:02:00.360 W] Warning: detected OpenGL error 'invalid operation' at end of Geometry::drawImplementation().
[01:02:00.360 W] Warning: detected OpenGL error 'invalid operation' at end of Geometry::drawImplementation().
[01:02:00.360 W] Warning: detected OpenGL error 'invalid operation' at end of Geometry::drawImplementation().
[01:02:00.360 W] Warning: detected OpenGL error 'invalid operation' at end of Geometry::drawImplementation().
[01:02:00.360 W] Warning: detected OpenGL error 'invalid operation' at end of Geometry::drawImplementation().
[01:02:00.360 W] Warning: detected OpenGL error 'invalid operation' at end of Geometry::drawImplementation().
[01:02:00.360 W] Warning: detected OpenGL error 'invalid operation' at end of Geometry::drawImplementation().
[01:02:00.360 W] Warning: detected OpenGL error 'invalid operation' at end of Geometry::drawImplementation().
[01:02:00.360 W] Warning: detected OpenGL error 'invalid operation' at end of Geometry::drawImplementation().
[01:02:00.360 W] Warning: detected OpenGL error 'invalid operation' at end of Geometry::drawImplementation().
[01:02:00.360 W] Warning: detected OpenGL error 'invalid operation' at end of Geometry::drawImplementation().
[01:02:00.360 W] Warning: detected OpenGL error 'invalid operation' at end of Geometry::drawImplementation().
[01:02:00.360 W] Warning: detected OpenGL error 'invalid operation' at end of Geometry::drawImplementation().
[01:02:00.360 W] Warning: detected OpenGL error 'invalid operation' at end of Geometry::drawImplementation().
[01:02:00.360 W] Warning: detected OpenGL error 'invalid operation' at end of Geometry::drawImplementation().
[01:02:00.360 W] Warning: detected OpenGL error 'invalid operation' at end of Geometry::drawImplementation().
[01:02:00.360 W] Warning: detected OpenGL error 'invalid operation' at end of Geometry::drawImplementation().
[01:02:00.360 W] Warning: detected OpenGL error 'invalid operation' at end of Geometry::drawImplementation().
[01:02:00.360 W] Warning: detected OpenGL error 'invalid operation' at end of Geometry::drawImplementation().
[01:02:00.360 W] Warning: detected OpenGL error 'invalid operation' at end of Geometry::drawImplementation().
[01:02:00.360 W] Warning: detected OpenGL error 'invalid operation' at end of Geometry::drawImplementation().
[01:02:00.361 W] Warning: detected OpenGL error 'invalid operation' at end of Geometry::drawImplementation().
[01:02:00.361 W] Warning: detected OpenGL error 'invalid operation' at end of Geometry::drawImplementation().
[01:02:00.361 W] Warning: detected OpenGL error 'invalid operation' at end of Geometry::drawImplementation().
[01:02:00.361 W] Warning: detected OpenGL error 'invalid operation' at end of Geometry::drawImplementation().
[01:02:00.361 W] Warning: detected OpenGL error 'invalid operation' at end of Geometry::drawImplementation().
[01:02:00.361 W] Warning: detected OpenGL error 'invalid operation' at end of Geometry::drawImplementation().
[01:02:00.361 W] Warning: detected OpenGL error 'invalid operation' at end of Geometry::drawImplementation().
[01:02:00.361 W] Warning: detected OpenGL error 'invalid operation' at end of Geometry::drawImplementation().
[01:02:00.361 W] Warning: detected OpenGL error 'invalid operation' at end of Geometry::drawImplementation().
[01:02:00.361 W] Warning: detected OpenGL error 'invalid operation' at end of Geometry::drawImplementation().
[01:02:00.361 W] Warning: detected OpenGL error 'invalid operation' at end of Geometry::drawImplementation().
[01:02:00.361 W] Warning: detected OpenGL error 'invalid operation' at end of Geometry::drawImplementation().
[01:02:00.361 W] Warning: detected OpenGL error 'invalid operation' at end of Geometry::drawImplementation().
[01:02:00.361 W] Warning: detected OpenGL error 'invalid operation' at end of Geometry::drawImplementation().
[01:02:00.361 W] Warning: detected OpenGL error 'invalid operation' at end of Geometry::drawImplementation().
[01:02:00.361 W] Warning: detected OpenGL error 'invalid operation' at end of Geometry::drawImplementation().
[01:02:00.361 W] Warning: detected OpenGL error 'invalid operation' at end of Geometry::drawImplementation().
[01:02:00.361 W] Warning: detected OpenGL error 'invalid operation' at end of Geometry::drawImplementation().
[01:02:00.361 W] Warning: detected OpenGL error 'invalid operation' at end of Geometry::drawImplementation().
[01:02:00.361 W] Warning: detected OpenGL error 'invalid operation' at end of Geometry::drawImplementation().
[01:02:00.361 W] Warning: detected OpenGL error 'invalid operation' at end of Geometry::drawImplementation().
[01:02:00.361 W] Warning: detected OpenGL error 'invalid operation' at end of Geometry::drawImplementation().
[01:02:00.361 W] Warning: detected OpenGL error 'invalid operation' at end of Geometry::drawImplementation().
[01:02:00.361 W] Warning: detected OpenGL error 'invalid operation' at end of Geometry::drawImplementation().
[01:02:00.361 W] Warning: detected OpenGL error 'invalid operation' at end of Geometry::drawImplementation().
[01:02:00.361 W] Warning: detected OpenGL error 'invalid operation' at end of Geometry::drawImplementation().
[01:02:00.361 W] Warning: detected OpenGL error 'invalid operation' at end of Geometry::drawImplementation().
[01:02:00.361 W] Warning: detected OpenGL error 'invalid operation' at end of Geometry::drawImplementation().
[01:02:00.361 W] Warning: detected OpenGL error 'invalid operation' at end of Geometry::drawImplementation().
[01:02:00.361 W] Warning: detected OpenGL error 'invalid operation' at end of Geometry::drawImplementation().
[01:02:00.361 W] Warning: detected OpenGL error 'invalid operation' at end of Geometry::drawImplementation().
[01:02:00.361 W] Warning: detected OpenGL error 'invalid operation' at end of Geometry::drawImplementation().
[01:02:00.361 W] Warning: detected OpenGL error 'invalid operation' at end of Geometry::drawImplementation().
[01:02:00.361 W] Warning: detected OpenGL error 'invalid operation' at end of Geometry::drawImplementation().
[01:02:00.361 W] Warning: detected OpenGL error 'invalid operation' at end of Geometry::drawImplementation().
[01:02:00.361 W] Warning: detected OpenGL error 'invalid operation' at end of Geometry::drawImplementation().
[01:02:00.361 W] Warning: detected OpenGL error 'invalid operation' at end of Geometry::drawImplementation().
[01:02:00.361 W] Warning: detected OpenGL error 'invalid operation' at end of Geometry::drawImplementation().
[01:02:00.361 W] Warning: detected OpenGL error 'invalid operation' at end of Geometry::drawImplementation().
[01:02:00.361 W] Warning: detected OpenGL error 'invalid operation' at end of Geometry::drawImplementation().
[01:02:00.361 W] Warning: detected OpenGL error 'invalid operation' at end of Geometry::drawImplementation().
[01:02:00.361 W] Warning: detected OpenGL error 'invalid operation' at end of Geometry::drawImplementation().
[01:02:00.361 W] Warning: detected OpenGL error 'invalid operation' at end of Geometry::drawImplementation().
[01:02:00.361 W] Warning: detected OpenGL error 'invalid operation' at end of Geometry::drawImplementation().
[01:02:00.361 W] Warning: detected OpenGL error 'invalid operation' at end of Geometry::drawImplementation().
[01:02:00.361 W] Warning: detected OpenGL error 'invalid operation' at end of Geometry::drawImplementation().
[01:02:00.361 W] Warning: detected OpenGL error 'invalid operation' at end of Geometry::drawImplementation().
[01:02:00.361 W] Warning: detected OpenGL error 'invalid operation' at end of Geometry::drawImplementation().
[01:02:00.361 W] Warning: detected OpenGL error 'invalid operation' at end of Geometry::drawImplementation().
[01:02:00.361 W] Warning: detected OpenGL error 'invalid operation' at end of Geometry::drawImplementation().
[01:02:00.361 W] Warning: detected OpenGL error 'invalid operation' at end of Geometry::drawImplementation().
[01:02:00.361 W] Warning: detected OpenGL error 'invalid operation' at end of Geometry::drawImplementation().
[01:02:00.361 W] Warning: detected OpenGL error 'invalid operation' at end of Geometry::drawImplementation().
[01:02:00.361 W] Warning: detected OpenGL error 'invalid operation' at end of Geometry::drawImplementation().
[01:02:00.361 W] Warning: detected OpenGL error 'invalid operation' at end of Geometry::drawImplementation().
[01:02:00.361 W] Warning: detected OpenGL error 'invalid operation' at end of Geometry::drawImplementation().
[01:02:00.361 W] Warning: detected OpenGL error 'invalid operation' at end of Geometry::drawImplementation().
[01:02:00.361 W] Warning: detected OpenGL error 'invalid operation' at end of Geometry::drawImplementation().
[01:02:00.361 W] Warning: detected OpenGL error 'invalid operation' at end of Geometry::drawImplementation().
[01:02:00.361 W] Warning: detected OpenGL error 'invalid operation' at end of Geometry::drawImplementation().
[01:02:00.361 W] Warning: detected OpenGL error 'invalid operation' at end of Geometry::drawImplementation().
[01:02:00.361 W] Warning: detected OpenGL error 'invalid operation' at end of Geometry::drawImplementation().
[01:02:00.361 W] Warning: detected OpenGL error 'invalid operation' at end of Geometry::drawImplementation().
[01:02:00.361 W] Warning: detected OpenGL error 'invalid operation' at end of Geometry::drawImplementation().
[01:02:00.361 W] Warning: detected OpenGL error 'invalid operation' at end of Geometry::drawImplementation().
[01:02:00.361 W] Warning: detected OpenGL error 'invalid operation' at end of Geometry::drawImplementation().
[01:02:00.361 W] Warning: detected OpenGL error 'invalid operation' at end of Geometry::drawImplementation().
[01:02:00.361 W] Warning: detected OpenGL error 'invalid operation' at end of Geometry::drawImplementation().
[01:02:00.361 W] Warning: detected OpenGL error 'invalid operation' at end of Geometry::drawImplementation().
[01:02:00.361 W] Warning: detected OpenGL error 'invalid operation' at end of Geometry::drawImplementation().
[01:02:00.361 W] Warning: detected OpenGL error 'invalid operation' at end of Geometry::drawImplementation().
[01:02:00.361 W] Warning: detected OpenGL error 'invalid operation' at end of Geometry::drawImplementation().
[01:02:00.361 W] Warning: detected OpenGL error 'invalid operation' at end of Geometry::drawImplementation().
[01:02:00.361 W] Warning: detected OpenGL error 'invalid operation' at end of Geometry::drawImplementation().
[01:02:00.361 W] Warning: detected OpenGL error 'invalid operation' at end of Geometry::drawImplementation().
[01:02:00.361 W] Warning: detected OpenGL error 'invalid operation' at end of Geometry::drawImplementation().
[01:02:00.361 W] Warning: detected OpenGL error 'invalid operation' at end of Geometry::drawImplementation().
[01:02:00.361 W] Warning: detected OpenGL error 'invalid operation' at end of Geometry::drawImplementation().
[01:02:00.361 W] Warning: detected OpenGL error 'invalid operation' at end of Geometry::drawImplementation().
[01:02:00.361 W] Warning: detected OpenGL error 'invalid operation' at end of Geometry::drawImplementation().
[01:02:00.361 W] Warning: detected OpenGL error 'invalid operation' at end of Geometry::drawImplementation().
[01:02:00.361 W] Warning: detected OpenGL error 'invalid operation' at end of Geometry::drawImplementation().
[01:02:00.361 W] Warning: detected OpenGL error 'invalid operation' at end of Geometry::drawImplementation().
[01:02:00.361 W] Warning: detected OpenGL error 'invalid operation' at end of Geometry::drawImplementation().
[01:02:00.361 W] Warning: detected OpenGL error 'invalid operation' at end of Geometry::drawImplementation().
[01:02:00.361 W] Warning: detected OpenGL error 'invalid operation' at end of Geometry::drawImplementation().
[01:02:00.361 W] Warning: detected OpenGL error 'invalid operation' at end of Geometry::drawImplementation().
[01:02:00.361 W] Warning: detected OpenGL error 'invalid operation' at end of Geometry::drawImplementation().
[01:02:00.361 W] Warning: detected OpenGL error 'invalid operation' at end of Geometry::drawImplementation().
[01:02:00.361 W] Warning: detected OpenGL error 'invalid operation' at end of Geometry::drawImplementation().
[01:02:00.361 W] Warning: detected OpenGL error 'invalid operation' at end of Geometry::drawImplementation().
[01:02:00.361 W] Warning: detected OpenGL error 'invalid operation' at end of Geometry::drawImplementation().
[01:02:00.361 W] Warning: detected OpenGL error 'invalid operation' at end of Geometry::drawImplementation().
[01:02:00.361 W] Warning: detected OpenGL error 'invalid operation' at end of Geometry::drawImplementation().
[01:02:00.361 W] Warning: detected OpenGL error 'invalid operation' at end of Geometry::drawImplementation().
[01:02:00.361 W] Warning: detected OpenGL error 'invalid operation' at end of Geometry::drawImplementation().
[01:02:00.361 W] Warning: detected OpenGL error 'invalid operation' at end of Geometry::drawImplementation().
[01:02:00.361 W] Warning: detected OpenGL error 'invalid operation' at end of Geometry::drawImplementation().
[01:02:00.361 W] Warning: detected OpenGL error 'invalid operation' at end of Geometry::drawImplementation().
[01:02:00.361 W] Warning: detected OpenGL error 'invalid operation' at end of Geometry::drawImplementation().
[01:02:00.361 W] Warning: detected OpenGL error 'invalid operation' at end of Geometry::drawImplementation().
[01:02:00.361 W] Warning: detected OpenGL error 'invalid operation' at end of Geometry::drawImplementation().
[01:02:00.361 W] Warning: detected OpenGL error 'invalid operation' at end of Geometry::drawImplementation().
[01:02:00.361 W] Warning: detected OpenGL error 'invalid operation' at end of Geometry::drawImplementation().
[01:02:00.361 W] Warning: detected OpenGL error 'invalid operation' at end of Geometry::drawImplementation().
[01:02:00.361 W] Warning: detected OpenGL error 'invalid operation' at end of Geometry::drawImplementation().
[01:02:00.361 W] Warning: detected OpenGL error 'invalid operation' at end of Geometry::drawImplementation().
[01:02:00.361 W] Warning: detected OpenGL error 'invalid operation' at end of Geometry::drawImplementation().
[01:02:00.361 W] Warning: detected OpenGL error 'invalid operation' at end of Geometry::drawImplementation().
[01:02:00.361 W] Warning: detected OpenGL error 'invalid operation' at end of Geometry::drawImplementation().
[01:02:00.361 W] Warning: detected OpenGL error 'invalid operation' at end of Geometry::drawImplementation().
[01:02:00.361 W] Warning: detected OpenGL error 'invalid operation' at end of Geometry::drawImplementation().
[01:02:00.361 W] Warning: detected OpenGL error 'invalid operation' at end of Geometry::drawImplementation().
[01:02:00.361 W] Warning: detected OpenGL error 'invalid operation' at end of Geometry::drawImplementation().
[01:02:00.361 W] Warning: detected OpenGL error 'invalid operation' at end of Geometry::drawImplementation().
[01:02:00.361 W] Warning: detected OpenGL error 'invalid operation' at end of Geometry::drawImplementation().
[01:02:00.361 W] Warning: detected OpenGL error 'invalid operation' at end of Geometry::drawImplementation().
[01:02:00.361 W] Warning: detected OpenGL error 'invalid operation' at end of Geometry::drawImplementation().
[01:02:00.361 W] Warning: detected OpenGL error 'invalid operation' at end of Geometry::drawImplementation().
[01:02:00.361 W] Warning: detected OpenGL error 'invalid operation' at end of Geometry::drawImplementation().
[01:02:00.361 W] Warning: detected OpenGL error 'invalid operation' at end of Geometry::drawImplementation().
[01:02:00.361 W] Warning: detected OpenGL error 'invalid operation' at end of Geometry::drawImplementation().
[01:02:00.361 W] Warning: detected OpenGL error 'invalid operation' at end of Geometry::drawImplementation().
[01:02:00.361 W] Warning: detected OpenGL error 'invalid operation' at end of Geometry::drawImplementation().
[01:02:00.361 W] Warning: detected OpenGL error 'invalid operation' at end of Geometry::drawImplementation().
[01:02:00.361 W] Warning: detected OpenGL error 'invalid operation' at end of Geometry::drawImplementation().
[01:02:00.361 W] Warning: detected OpenGL error 'invalid operation' at end of Geometry::drawImplementation().
[01:02:00.361 W] Warning: detected OpenGL error 'invalid operation' at end of Geometry::drawImplementation().
[01:02:00.361 W] Warning: detected OpenGL error 'invalid operation' at end of Geometry::drawImplementation().
[01:02:00.361 W] Warning: detected OpenGL error 'invalid operation' at end of Geometry::drawImplementation().
[01:02:00.361 W] Warning: detected OpenGL error 'invalid operation' at end of Geometry::drawImplementation().
[01:02:00.361 W] Warning: detected OpenGL error 'invalid operation' at end of Geometry::drawImplementation().
[01:02:00.361 W] Warning: detected OpenGL error 'invalid operation' at end of Geometry::drawImplementation().
[01:02:00.361 W] Warning: detected OpenGL error 'invalid operation' at end of Geometry::drawImplementation().
[01:02:00.361 W] Warning: detected OpenGL error 'invalid operation' at end of Geometry::drawImplementation().
[01:02:00.361 W] Warning: detected OpenGL error 'invalid operation' at end of Geometry::drawImplementation().
[01:02:00.361 W] Warning: detected OpenGL error 'invalid operation' at end of Geometry::drawImplementation().
[01:02:00.361 W] Warning: detected OpenGL error 'invalid operation' at end of Geometry::drawImplementation().
[01:02:00.361 W] Warning: detected OpenGL error 'invalid operation' at end of Geometry::drawImplementation().
[01:02:00.361 W] Warning: detected OpenGL error 'invalid operation' at end of Geometry::drawImplementation().
[01:02:00.361 W] Warning: detected OpenGL error 'invalid operation' at end of Geometry::drawImplementation().
[01:02:00.361 W] Warning: detected OpenGL error 'invalid operation' at end of Geometry::drawImplementation().
[01:02:00.361 W] Warning: detected OpenGL error 'invalid operation' at end of Geometry::drawImplementation().
[01:02:00.361 W] Warning: detected OpenGL error 'invalid operation' at end of Geometry::drawImplementation().
[01:02:00.361 W] Warning: detected OpenGL error 'invalid operation' at end of Geometry::drawImplementation().
[01:02:00.361 W] Warning: detected OpenGL error 'invalid operation' at end of Geometry::drawImplementation().
[01:02:00.361 W] Warning: detected OpenGL error 'invalid operation' at end of Geometry::drawImplementation().
[01:02:00.361 W] Warning: detected OpenGL error 'invalid operation' at end of Geometry::drawImplementation().
[01:02:00.361 W] Warning: detected OpenGL error 'invalid operation' at end of Geometry::drawImplementation().
[01:02:00.361 W] Warning: detected OpenGL error 'invalid operation' at end of Geometry::drawImplementation().
[01:02:00.361 W] Warning: detected OpenGL error 'invalid operation' at end of Geometry::drawImplementation().
[01:02:00.361 W] Warning: detected OpenGL error 'invalid operation' at end of Geometry::drawImplementation().
[01:02:00.361 W] Warning: detected OpenGL error 'invalid operation' at end of Geometry::drawImplementation().
[01:02:00.361 W] Warning: detected OpenGL error 'invalid operation' at end of Geometry::drawImplementation().
[01:02:00.361 W] Warning: detected OpenGL error 'invalid operation' at end of Geometry::drawImplementation().
[01:02:00.361 W] Warning: detected OpenGL error 'invalid operation' at end of Geometry::drawImplementation().
[01:02:00.361 W] Warning: detected OpenGL error 'invalid operation' at end of Geometry::drawImplementation().
[01:02:00.361 W] Warning: detected OpenGL error 'invalid operation' at end of Geometry::drawImplementation().
[01:02:00.361 W] Warning: detected OpenGL error 'invalid operation' at end of Geometry::drawImplementation().
[01:02:00.361 W] Warning: detected OpenGL error 'invalid operation' at end of Geometry::drawImplementation().
[01:02:00.361 W] Warning: detected OpenGL error 'invalid operation' at end of Geometry::drawImplementation().
[01:02:00.361 W] Warning: detected OpenGL error 'invalid operation' at end of Geometry::drawImplementation().
[01:02:00.361 W] Warning: detected OpenGL error 'invalid operation' at end of Geometry::drawImplementation().
[01:02:00.361 W] Warning: detected OpenGL error 'invalid operation' at end of Geometry::drawImplementation().
[01:02:00.361 W] Warning: detected OpenGL error 'invalid operation' at end of Geometry::drawImplementation().
[01:02:00.361 W] Warning: detected OpenGL error 'invalid operation' at end of Geometry::drawImplementation().
[01:02:00.361 W] Warning: detected OpenGL error 'invalid operation' at end of Geometry::drawImplementation().
[01:02:00.361 W] Warning: detected OpenGL error 'invalid operation' at end of Geometry::drawImplementation().
[01:02:00.361 W] Warning: detected OpenGL error 'invalid operation' at end of Geometry::drawImplementation().
[01:02:00.361 W] Warning: detected OpenGL error 'invalid operation' at end of Geometry::drawImplementation().
[01:02:00.361 W] Warning: detected OpenGL error 'invalid operation' at end of Geometry::drawImplementation().
[01:02:00.361 W] Warning: detected OpenGL error 'invalid operation' at end of Geometry::drawImplementation().
[01:02:00.361 W] Warning: detected OpenGL error 'invalid operation' at end of Geometry::drawImplementation().
[01:02:00.361 W] Warning: detected OpenGL error 'invalid operation' at end of Geometry::drawImplementation().
[01:02:00.361 W] Warning: detected OpenGL error 'invalid operation' at end of Geometry::drawImplementation().
[01:02:00.361 W] Warning: detected OpenGL error 'invalid operation' at end of Geometry::drawImplementation().
[01:02:00.361 W] Warning: detected OpenGL error 'invalid operation' at end of Geometry::drawImplementation().
[01:02:00.362 W] Warning: detected OpenGL error 'invalid operation' at end of Geometry::drawImplementation().
[01:02:00.362 W] Warning: detected OpenGL error 'invalid operation' at end of Geometry::drawImplementation().
[01:02:00.362 W] Warning: detected OpenGL error 'invalid operation' at end of Geometry::drawImplementation().
[01:02:00.362 W] Warning: detected OpenGL error 'invalid operation' at end of Geometry::drawImplementation().
[01:02:00.362 W] Warning: detected OpenGL error 'invalid operation' at end of Geometry::drawImplementation().
[01:02:00.362 W] Warning: detected OpenGL error 'invalid operation' at end of Geometry::drawImplementation().
[01:02:00.362 W] Warning: detected OpenGL error 'invalid operation' at end of Geometry::drawImplementation().
[01:02:00.362 W] Warning: detected OpenGL error 'invalid operation' at end of Geometry::drawImplementation().
[01:02:00.362 W] Warning: detected OpenGL error 'invalid operation' at end of Geometry::drawImplementation().
[01:02:00.362 W] Warning: detected OpenGL error 'invalid operation' at end of Geometry::drawImplementation().
[01:02:00.362 W] Warning: detected OpenGL error 'invalid operation' at end of Geometry::drawImplementation().
[01:02:00.362 W] Warning: detected OpenGL error 'invalid operation' at end of Geometry::drawImplementation().
[01:02:00.362 W] Warning: detected OpenGL error 'invalid operation' at end of Geometry::drawImplementation().
[01:02:00.362 W] Warning: detected OpenGL error 'invalid operation' at end of Geometry::drawImplementation().
[01:02:00.362 W] Warning: detected OpenGL error 'invalid operation' at end of Geometry::drawImplementation().
[01:02:00.362 W] Warning: detected OpenGL error 'invalid operation' at end of Geometry::drawImplementation().
[01:02:00.362 W] Warning: detected OpenGL error 'invalid operation' at end of Geometry::drawImplementation().
[01:02:00.362 W] Warning: detected OpenGL error 'invalid operation' at end of Geometry::drawImplementation().
[01:02:00.362 W] Warning: detected OpenGL error 'invalid operation' at end of Geometry::drawImplementation().
[01:02:00.362 W] Warning: detected OpenGL error 'invalid operation' at end of Geometry::drawImplementation().
[01:02:00.362 W] Warning: detected OpenGL error 'invalid operation' at end of Geometry::drawImplementation().
[01:02:00.362 W] Warning: detected OpenGL error 'invalid operation' at end of Geometry::drawImplementation().
[01:02:00.362 W] Warning: detected OpenGL error 'invalid operation' at end of Geometry::drawImplementation().
[01:02:00.362 W] Warning: detected OpenGL error 'invalid operation' at end of Geometry::drawImplementation().
[01:02:00.362 W] Warning: detected OpenGL error 'invalid operation' at end of Geometry::drawImplementation().
[01:02:00.362 W] Warning: detected OpenGL error 'invalid operation' at end of Geometry::drawImplementation().
[01:02:00.362 W] Warning: detected OpenGL error 'invalid operation' at end of Geometry::drawImplementation().
[01:02:00.362 W] Warning: detected OpenGL error 'invalid operation' at end of Geometry::drawImplementation().
[01:02:00.362 W] Warning: detected OpenGL error 'invalid operation' at end of Geometry::drawImplementation().
[01:02:00.362 W] Warning: detected OpenGL error 'invalid operation' at end of Geometry::drawImplementation().
[01:02:00.362 W] Warning: detected OpenGL error 'invalid operation' at end of Geometry::drawImplementation().
[01:02:00.362 W] Warning: detected OpenGL error 'invalid operation' at end of Geometry::drawImplementation().
[01:02:00.362 W] Warning: detected OpenGL error 'invalid operation' at end of Geometry::drawImplementation().
[01:02:00.362 W] Warning: detected OpenGL error 'invalid operation' at end of Geometry::drawImplementation().
[01:02:00.362 W] Warning: detected OpenGL error 'invalid operation' at end of Geometry::drawImplementation().
[01:02:00.362 W] Warning: detected OpenGL error 'invalid operation' at end of Geometry::drawImplementation().
[01:02:00.362 W] Warning: detected OpenGL error 'invalid operation' at end of Geometry::drawImplementation().
[01:02:00.362 W] Warning: detected OpenGL error 'invalid operation' at end of Geometry::drawImplementation().
[01:02:00.362 W] Warning: detected OpenGL error 'invalid operation' at end of Geometry::drawImplementation().
[01:02:00.362 W] Warning: detected OpenGL error 'invalid operation' at end of Geometry::drawImplementation().
[01:02:00.362 W] Warning: detected OpenGL error 'invalid operation' at end of Geometry::drawImplementation().
[01:02:00.362 W] Warning: detected OpenGL error 'invalid operation' at end of Geometry::drawImplementation().
[01:02:00.362 W] Warning: detected OpenGL error 'invalid operation' at end of Geometry::drawImplementation().
[01:02:00.362 W] Warning: detected OpenGL error 'invalid operation' at end of Geometry::drawImplementation().
[01:02:00.362 W] Warning: detected OpenGL error 'invalid operation' at end of Geometry::drawImplementation().
[01:02:00.362 W] Warning: detected OpenGL error 'invalid operation' at end of Geometry::drawImplementation().
[01:02:00.362 W] Warning: detected OpenGL error 'invalid operation' at end of Geometry::drawImplementation().
[01:02:00.362 W] Warning: detected OpenGL error 'invalid operation' at end of Geometry::drawImplementation().
[01:02:00.362 W] Warning: detected OpenGL error 'invalid operation' at end of Geometry::drawImplementation().
[01:02:00.362 W] Warning: detected OpenGL error 'invalid operation' at end of Geometry::drawImplementation().
[01:02:00.362 W] Warning: detected OpenGL error 'invalid operation' at end of Geometry::drawImplementation().
[01:02:00.362 W] Warning: detected OpenGL error 'invalid operation' at end of Geometry::drawImplementation().
[01:02:00.362 W] Warning: detected OpenGL error 'invalid operation' at end of Geometry::drawImplementation().
[01:02:00.362 W] Warning: detected OpenGL error 'invalid operation' at end of Geometry::drawImplementation().
[01:02:00.362 W] Warning: detected OpenGL error 'invalid operation' at end of Geometry::drawImplementation().
[01:02:00.362 W] Warning: detected OpenGL error 'invalid operation' at end of Geometry::drawImplementation().
[01:02:00.362 W] Warning: detected OpenGL error 'invalid operation' at end of Geometry::drawImplementation().
[01:02:00.362 W] Warning: detected OpenGL error 'invalid operation' at end of Geometry::drawImplementation().
[01:02:00.362 W] Warning: detected OpenGL error 'invalid operation' at end of Geometry::drawImplementation().
[01:02:00.362 W] Warning: detected OpenGL error 'invalid operation' at end of Geometry::drawImplementation().
[01:02:00.362 W] Warning: detected OpenGL error 'invalid operation' at end of Geometry::drawImplementation().
[01:02:00.362 W] Warning: detected OpenGL error 'invalid operation' at end of Geometry::drawImplementation().
[01:02:00.362 W] Warning: detected OpenGL error 'invalid operation' at end of Geometry::drawImplementation().
[01:02:00.362 W] Warning: detected OpenGL error 'invalid operation' at end of Geometry::drawImplementation().
[01:02:00.362 W] Warning: detected OpenGL error 'invalid operation' at end of Geometry::drawImplementation().
[01:02:00.362 W] Warning: detected OpenGL error 'invalid operation' at end of Geometry::drawImplementation().
[01:02:00.362 W] Warning: detected OpenGL error 'invalid operation' at end of Geometry::drawImplementation().
[01:02:00.362 W] Warning: detected OpenGL error 'invalid operation' at end of Geometry::drawImplementation().
[01:02:00.362 W] Warning: detected OpenGL error 'invalid operation' at end of Geometry::drawImplementation().
[01:02:00.362 W] Warning: detected OpenGL error 'invalid operation' at end of Geometry::drawImplementation().
[01:02:00.362 W] Warning: detected OpenGL error 'invalid operation' at end of Geometry::drawImplementation().
[01:02:00.362 W] Warning: detected OpenGL error 'invalid operation' at end of Geometry::drawImplementation().
[01:02:00.362 W] Warning: detected OpenGL error 'invalid operation' at end of Geometry::drawImplementation().
[01:02:00.362 W] Warning: detected OpenGL error 'invalid operation' at end of Geometry::drawImplementation().
[01:02:00.362 W] Warning: detected OpenGL error 'invalid operation' at end of Geometry::drawImplementation().
[01:02:00.362 W] Warning: detected OpenGL error 'invalid operation' at end of Geometry::drawImplementation().
[01:02:00.362 W] Warning: detected OpenGL error 'invalid operation' at end of Geometry::drawImplementation().
[01:02:00.362 W] Warning: detected OpenGL error 'invalid operation' at end of Geometry::drawImplementation().
[01:02:00.362 W] Warning: detected OpenGL error 'invalid operation' at end of Geometry::drawImplementation().
[01:02:00.362 W] Warning: detected OpenGL error 'invalid operation' at end of Geometry::drawImplementation().
[01:02:00.362 W] Warning: detected OpenGL error 'invalid operation' at end of Geometry::drawImplementation().
[01:02:00.362 W] Warning: detected OpenGL error 'invalid operation' at end of Geometry::drawImplementation().
[01:02:00.362 W] Warning: detected OpenGL error 'invalid operation' at end of Geometry::drawImplementation().
[01:02:00.362 W] Warning: detected OpenGL error 'invalid operation' at end of Geometry::drawImplementation().
[01:02:00.362 W] Warning: detected OpenGL error 'invalid operation' at end of Geometry::drawImplementation().
[01:02:00.362 W] Warning: detected OpenGL error 'invalid operation' at end of Geometry::drawImplementation().
[01:02:00.362 W] Warning: detected OpenGL error 'invalid operation' at end of Geometry::drawImplementation().
[01:02:00.362 W] Warning: detected OpenGL error 'invalid operation' at end of Geometry::drawImplementation().
[01:02:00.362 W] Warning: detected OpenGL error 'invalid operation' at end of Geometry::drawImplementation().
[01:02:00.362 W] Warning: detected OpenGL error 'invalid operation' at end of Geometry::drawImplementation().
[01:02:00.362 W] Warning: detected OpenGL error 'invalid operation' at end of Geometry::drawImplementation().
[01:02:00.362 W] Warning: detected OpenGL error 'invalid operation' at end of Geometry::drawImplementation().
[01:02:00.362 W] Warning: detected OpenGL error 'invalid operation' at end of Geometry::drawImplementation().
[01:02:00.362 W] Warning: detected OpenGL error 'invalid operation' at end of Geometry::drawImplementation().
[01:02:00.362 W] Warning: detected OpenGL error 'invalid operation' at end of Geometry::drawImplementation().
[01:02:00.362 W] Warning: detected OpenGL error 'invalid operation' at end of Geometry::drawImplementation().
[01:02:00.362 W] Warning: detected OpenGL error 'invalid operation' at end of Geometry::drawImplementation().
[01:02:00.362 W] Warning: detected OpenGL error 'invalid operation' at end of Geometry::drawImplementation().
[01:02:00.362 W] Warning: detected OpenGL error 'invalid operation' at end of Geometry::drawImplementation().
[01:02:00.362 W] Warning: detected OpenGL error 'invalid operation' at end of Geometry::drawImplementation().
[01:02:00.362 W] Warning: detected OpenGL error 'invalid operation' at end of Geometry::drawImplementation().
[01:02:00.362 W] Warning: detected OpenGL error 'invalid operation' at end of Geometry::drawImplementation().
[01:02:00.362 W] Warning: detected OpenGL error 'invalid operation' at end of Geometry::drawImplementation().
[01:02:00.362 W] Warning: detected OpenGL error 'invalid operation' at end of Geometry::drawImplementation().
[01:02:00.362 W] Warning: detected OpenGL error 'invalid operation' at end of Geometry::drawImplementation().
[01:02:00.362 W] Warning: detected OpenGL error 'invalid operation' at end of Geometry::drawImplementation().
[01:02:00.362 W] Warning: detected OpenGL error 'invalid operation' at end of Geometry::drawImplementation().
[01:02:00.362 W] Warning: detected OpenGL error 'invalid operation' at end of Geometry::drawImplementation().
[01:02:00.362 W] Warning: detected OpenGL error 'invalid operation' at end of Geometry::drawImplementation().
[01:02:00.362 W] Warning: detected OpenGL error 'invalid operation' at end of Geometry::drawImplementation().
[01:02:00.362 W] Warning: detected OpenGL error 'invalid operation' at end of Geometry::drawImplementation().
[01:02:00.362 W] Warning: detected OpenGL error 'invalid operation' at end of Geometry::drawImplementation().
[01:02:00.362 W] Warning: detected OpenGL error 'invalid operation' at end of Geometry::drawImplementation().
[01:02:00.362 W] Warning: detected OpenGL error 'invalid operation' at end of Geometry::drawImplementation().
[01:02:00.362 W] Warning: detected OpenGL error 'invalid operation' at end of Geometry::drawImplementation().
[01:02:00.362 W] Warning: detected OpenGL error 'invalid operation' at end of Geometry::drawImplementation().
[01:02:00.362 W] Warning: detected OpenGL error 'invalid operation' at end of Geometry::drawImplementation().
[01:02:00.362 W] Warning: detected OpenGL error 'invalid operation' at end of Geometry::drawImplementation().
[01:02:00.362 W] Warning: detected OpenGL error 'invalid operation' at end of Geometry::drawImplementation().
[01:02:00.362 W] Warning: detected OpenGL error 'invalid operation' at end of Geometry::drawImplementation().
[01:02:00.362 W] Warning: detected OpenGL error 'invalid operation' at end of Geometry::drawImplementation().
[01:02:00.362 W] Warning: detected OpenGL error 'invalid operation' at end of Geometry::drawImplementation().
[01:02:00.362 W] Warning: detected OpenGL error 'invalid operation' at end of Geometry::drawImplementation().
[01:02:00.362 W] Warning: detected OpenGL error 'invalid operation' at end of Geometry::drawImplementation().
[01:02:00.362 W] Warning: detected OpenGL error 'invalid operation' at end of Geometry::drawImplementation().
[01:02:00.362 W] Warning: detected OpenGL error 'invalid operation' at end of Geometry::drawImplementation().
[01:02:00.362 W] Warning: detected OpenGL error 'invalid operation' at end of Geometry::drawImplementation().
[01:02:00.362 W] Warning: detected OpenGL error 'invalid operation' at end of Geometry::drawImplementation().
[01:02:00.362 W] Warning: detected OpenGL error 'invalid operation' at end of Geometry::drawImplementation().
[01:02:00.362 W] Warning: detected OpenGL error 'invalid operation' at end of Geometry::drawImplementation().
[01:02:00.362 W] Warning: detected OpenGL error 'invalid operation' at end of Geometry::drawImplementation().
[01:02:00.362 W] Warning: detected OpenGL error 'invalid operation' at end of Geometry::drawImplementation().
[01:02:00.362 W] Warning: detected OpenGL error 'invalid operation' at end of Geometry::drawImplementation().
[01:02:00.362 W] Warning: detected OpenGL error 'invalid operation' at end of Geometry::drawImplementation().
[01:02:00.362 W] Warning: detected OpenGL error 'invalid operation' at end of Geometry::drawImplementation().
[01:02:00.362 W] Warning: detected OpenGL error 'invalid operation' at end of Geometry::drawImplementation().
[01:02:00.362 W] Warning: detected OpenGL error 'invalid operation' at end of Geometry::drawImplementation().
[01:02:00.362 W] Warning: detected OpenGL error 'invalid operation' at end of Geometry::drawImplementation().
[01:02:00.362 W] Warning: detected OpenGL error 'invalid operation' at end of Geometry::drawImplementation().
[01:02:00.362 W] Warning: detected OpenGL error 'invalid operation' at end of Geometry::drawImplementation().
[01:02:00.362 W] Warning: detected OpenGL error 'invalid operation' at end of Geometry::drawImplementation().
[01:02:00.362 W] Warning: detected OpenGL error 'invalid operation' at end of Geometry::drawImplementation().
[01:02:00.362 W] Warning: detected OpenGL error 'invalid operation' at end of Geometry::drawImplementation().
[01:02:00.362 W] Warning: detected OpenGL error 'invalid operation' at end of Geometry::drawImplementation().
[01:02:00.362 W] Warning: detected OpenGL error 'invalid operation' at end of Geometry::drawImplementation().
[01:02:00.362 W] Warning: detected OpenGL error 'invalid operation' at end of Geometry::drawImplementation().
[01:02:00.362 W] Warning: detected OpenGL error 'invalid operation' at end of Geometry::drawImplementation().
[01:02:00.362 W] Warning: detected OpenGL error 'invalid operation' at end of Geometry::drawImplementation().
[01:02:00.362 W] Warning: detected OpenGL error 'invalid operation' at end of Geometry::drawImplementation().
[01:02:00.362 W] Warning: detected OpenGL error 'invalid operation' at end of Geometry::drawImplementation().
[01:02:00.362 W] Warning: detected OpenGL error 'invalid operation' at end of Geometry::drawImplementation().
[01:02:00.362 W] Warning: detected OpenGL error 'invalid operation' at end of Geometry::drawImplementation().
[01:02:00.362 W] Warning: detected OpenGL error 'invalid operation' at end of Geometry::drawImplementation().
[01:02:00.362 W] Warning: detected OpenGL error 'invalid operation' at end of Geometry::drawImplementation().
[01:02:00.362 W] Warning: detected OpenGL error 'invalid operation' at end of Geometry::drawImplementation().
[01:02:00.362 W] Warning: detected OpenGL error 'invalid operation' at end of Geometry::drawImplementation().
[01:02:00.362 W] Warning: detected OpenGL error 'invalid operation' at end of Geometry::drawImplementation().
[01:02:00.362 W] Warning: detected OpenGL error 'invalid operation' at end of Geometry::drawImplementation().
[01:02:00.362 W] Warning: detected OpenGL error 'invalid operation' at end of Geometry::drawImplementation().
[01:02:00.362 W] Warning: detected OpenGL error 'invalid operation' at end of Geometry::drawImplementation().
[01:02:00.362 W] Warning: detected OpenGL error 'invalid operation' at end of Geometry::drawImplementation().
[01:02:00.362 W] Warning: detected OpenGL error 'invalid operation' at end of Geometry::drawImplementation().
[01:02:00.362 W] Warning: detected OpenGL error 'invalid operation' at end of Geometry::drawImplementation().
[01:02:00.362 W] Warning: detected OpenGL error 'invalid operation' at end of Geometry::drawImplementation().
[01:02:00.362 W] Warning: detected OpenGL error 'invalid operation' at end of Geometry::drawImplementation().
[01:02:00.362 W] Warning: detected OpenGL error 'invalid operation' at end of Geometry::drawImplementation().
[01:02:00.362 W] Warning: detected OpenGL error 'invalid operation' at end of Geometry::drawImplementation().
[01:02:00.362 W] Warning: detected OpenGL error 'invalid operation' at end of Geometry::drawImplementation().
[01:02:00.362 W] Warning: detected OpenGL error 'invalid operation' at end of Geometry::drawImplementation().
[01:02:00.362 W] Warning: detected OpenGL error 'invalid operation' at end of Geometry::drawImplementation().
[01:02:00.362 W] Warning: detected OpenGL error 'invalid operation' at end of Geometry::drawImplementation().
[01:02:00.362 W] Warning: detected OpenGL error 'invalid operation' at end of Geometry::drawImplementation().
[01:02:00.362 W] Warning: detected OpenGL error 'invalid operation' at end of Geometry::drawImplementation().
[01:02:00.362 W] Warning: detected OpenGL error 'invalid operation' at end of Geometry::drawImplementation().
[01:02:00.362 W] Warning: detected OpenGL error 'invalid operation' at end of Geometry::drawImplementation().
[01:02:00.362 W] Warning: detected OpenGL error 'invalid operation' at end of Geometry::drawImplementation().
[01:02:00.362 W] Warning: detected OpenGL error 'invalid operation' at end of Geometry::drawImplementation().
[01:02:00.362 W] Warning: detected OpenGL error 'invalid operation' at end of Geometry::drawImplementation().
[01:02:00.362 W] Warning: detected OpenGL error 'invalid operation' at end of Geometry::drawImplementation().
[01:02:00.362 W] Warning: detected OpenGL error 'invalid operation' at end of Geometry::drawImplementation().
[01:02:00.362 W] Warning: detected OpenGL error 'invalid operation' at end of Geometry::drawImplementation().
[01:02:00.363 W] Warning: detected OpenGL error 'invalid operation' at end of Geometry::drawImplementation().
[01:02:00.363 W] Warning: detected OpenGL error 'invalid operation' at end of Geometry::drawImplementation().
[01:02:00.363 W] Warning: detected OpenGL error 'invalid operation' at end of Geometry::drawImplementation().
[01:02:00.363 W] Warning: detected OpenGL error 'invalid operation' at end of Geometry::drawImplementation().
[01:02:00.363 W] Warning: detected OpenGL error 'invalid operation' at end of Geometry::drawImplementation().
[01:02:00.363 W] Warning: detected OpenGL error 'invalid operation' at end of Geometry::drawImplementation().
[01:02:00.363 W] Warning: detected OpenGL error 'invalid operation' at end of Geometry::drawImplementation().
[01:02:00.363 W] Warning: detected OpenGL error 'invalid operation' at end of Geometry::drawImplementation().
[01:02:00.363 W] Warning: detected OpenGL error 'invalid operation' at end of Geometry::drawImplementation().
[01:02:00.363 W] Warning: detected OpenGL error 'invalid operation' at end of Geometry::drawImplementation().
[01:02:00.363 W] Warning: detected OpenGL error 'invalid operation' at end of Geometry::drawImplementation().
[01:02:00.363 W] Warning: detected OpenGL error 'invalid operation' at end of Geometry::drawImplementation().
[01:02:00.363 W] Warning: detected OpenGL error 'invalid operation' at end of Geometry::drawImplementation().
[01:02:00.363 W] Warning: detected OpenGL error 'invalid operation' at end of Geometry::drawImplementation().
[01:02:00.363 W] Warning: detected OpenGL error 'invalid operation' at end of Geometry::drawImplementation().
[01:02:00.363 W] Warning: detected OpenGL error 'invalid operation' at end of Geometry::drawImplementation().
[01:02:00.363 W] Warning: detected OpenGL error 'invalid operation' at end of Geometry::drawImplementation().
[01:02:00.363 W] Warning: detected OpenGL error 'invalid operation' at end of Geometry::drawImplementation().
[01:02:00.363 W] Warning: detected OpenGL error 'invalid operation' at end of Geometry::drawImplementation().
[01:02:00.363 W] Warning: detected OpenGL error 'invalid operation' at end of Geometry::drawImplementation().
[01:02:00.363 W] Warning: detected OpenGL error 'invalid operation' at end of Geometry::drawImplementation().
[01:02:00.363 W] Warning: detected OpenGL error 'invalid operation' at end of Geometry::drawImplementation().
[01:02:00.363 W] Warning: detected OpenGL error 'invalid operation' at end of Geometry::drawImplementation().
[01:02:00.363 W] Warning: detected OpenGL error 'invalid operation' at end of Geometry::drawImplementation().
[01:02:00.363 W] Warning: detected OpenGL error 'invalid operation' at end of Geometry::drawImplementation().
[01:02:00.363 W] Warning: detected OpenGL error 'invalid operation' at end of Geometry::drawImplementation().
[01:02:00.363 W] Warning: detected OpenGL error 'invalid operation' at end of Geometry::drawImplementation().
[01:02:00.363 W] Warning: detected OpenGL error 'invalid operation' at end of Geometry::drawImplementation().
[01:02:00.363 W] Warning: detected OpenGL error 'invalid operation' at end of Geometry::drawImplementation().
[01:02:00.363 W] Warning: detected OpenGL error 'invalid operation' at end of Geometry::drawImplementation().
[01:02:00.363 W] Warning: detected OpenGL error 'invalid operation' at end of Geometry::drawImplementation().
[01:02:00.363 W] Warning: detected OpenGL error 'invalid operation' at end of Geometry::drawImplementation().
[01:02:00.363 W] Warning: detected OpenGL error 'invalid operation' at end of Geometry::drawImplementation().
[01:02:00.363 W] Warning: detected OpenGL error 'invalid operation' at end of Geometry::drawImplementation().
[01:02:00.363 W] Warning: detected OpenGL error 'invalid operation' at end of Geometry::drawImplementation().
[01:02:00.363 W] Warning: detected OpenGL error 'invalid operation' at end of Geometry::drawImplementation().
[01:02:00.363 W] Warning: detected OpenGL error 'invalid operation' at end of Geometry::drawImplementation().
[01:02:00.363 W] Warning: detected OpenGL error 'invalid operation' at end of Geometry::drawImplementation().
[01:02:00.363 W] Warning: detected OpenGL error 'invalid operation' at end of Geometry::drawImplementation().
[01:02:00.363 W] Warning: detected OpenGL error 'invalid operation' at end of Geometry::drawImplementation().
[01:02:00.363 W] Warning: detected OpenGL error 'invalid operation' at end of Geometry::drawImplementation().
[01:02:00.363 W] Warning: detected OpenGL error 'invalid operation' at end of Geometry::drawImplementation().
[01:02:00.363 W] Warning: detected OpenGL error 'invalid operation' at end of Geometry::drawImplementation().
[01:02:00.363 W] Warning: detected OpenGL error 'invalid operation' at end of Geometry::drawImplementation().
[01:02:00.363 W] Warning: detected OpenGL error 'invalid operation' at end of Geometry::drawImplementation().
[01:02:00.363 W] Warning: detected OpenGL error 'invalid operation' at end of Geometry::drawImplementation().
[01:02:00.363 W] Warning: detected OpenGL error 'invalid operation' at end of Geometry::drawImplementation().
[01:02:00.363 W] Warning: detected OpenGL error 'invalid operation' at end of Geometry::drawImplementation().
[01:02:00.363 W] Warning: detected OpenGL error 'invalid operation' at end of Geometry::drawImplementation().
[01:02:00.363 W] Warning: detected OpenGL error 'invalid operation' at end of Geometry::drawImplementation().
[01:02:00.363 W] Warning: detected OpenGL error 'invalid operation' at end of Geometry::drawImplementation().
[01:02:00.363 W] Warning: detected OpenGL error 'invalid operation' at end of Geometry::drawImplementation().
[01:02:00.363 W] Warning: detected OpenGL error 'invalid operation' at end of Geometry::drawImplementation().
[01:02:00.363 W] Warning: detected OpenGL error 'invalid operation' at end of Geometry::drawImplementation().
[01:02:00.363 W] Warning: detected OpenGL error 'invalid operation' at end of Geometry::drawImplementation().
[01:02:00.363 W] Warning: detected OpenGL error 'invalid operation' at end of Geometry::drawImplementation().
[01:02:00.363 W] Warning: detected OpenGL error 'invalid operation' at end of Geometry::drawImplementation().
[01:02:00.363 W] Warning: detected OpenGL error 'invalid operation' at end of Geometry::drawImplementation().
[01:02:00.366 W] Warning: detected OpenGL error 'invalid operation' at end of Geometry::drawImplementation().
[01:02:00.366 W] Warning: detected OpenGL error 'invalid operation' at end of Geometry::drawImplementation().
[01:02:00.366 W] Warning: detected OpenGL error 'invalid operation' at end of Geometry::drawImplementation().
[01:02:00.366 W] Warning: detected OpenGL error 'invalid operation' at end of Geometry::drawImplementation().
[01:02:00.366 W] Warning: detected OpenGL error 'invalid operation' at end of Geometry::drawImplementation().
[01:02:00.366 W] Warning: detected OpenGL error 'invalid operation' at end of Geometry::drawImplementation().
[01:02:00.366 W] Warning: detected OpenGL error 'invalid operation' at end of Geometry::drawImplementation().
[01:02:00.366 W] Warning: detected OpenGL error 'invalid operation' at end of Geometry::drawImplementation().
[01:02:00.366 W] Warning: detected OpenGL error 'invalid operation' at end of Geometry::drawImplementation().
[01:02:00.366 W] Warning: detected OpenGL error 'invalid operation' at end of Geometry::drawImplementation().
[01:02:00.366 W] Warning: detected OpenGL error 'invalid operation' at end of Geometry::drawImplementation().
[01:02:00.366 W] Warning: detected OpenGL error 'invalid operation' at end of Geometry::drawImplementation().
[01:02:00.366 W] Warning: detected OpenGL error 'invalid operation' at end of Geometry::drawImplementation().
[01:02:00.366 W] Warning: detected OpenGL error 'invalid operation' at end of Geometry::drawImplementation().
[01:02:00.366 W] Warning: detected OpenGL error 'invalid operation' at end of Geometry::drawImplementation().
[01:02:00.366 W] Warning: detected OpenGL error 'invalid operation' at end of Geometry::drawImplementation().
[01:02:00.366 W] Warning: detected OpenGL error 'invalid operation' at end of Geometry::drawImplementation().
[01:02:00.366 W] Warning: detected OpenGL error 'invalid operation' at end of Geometry::drawImplementation().
[01:02:00.366 W] Warning: detected OpenGL error 'invalid operation' at end of Geometry::drawImplementation().
[01:02:00.366 W] Warning: detected OpenGL error 'invalid operation' at end of Geometry::drawImplementation().
[01:02:00.366 W] Warning: detected OpenGL error 'invalid operation' at end of Geometry::drawImplementation().
[01:02:00.366 W] Warning: detected OpenGL error 'invalid operation' at end of Geometry::drawImplementation().
[01:02:00.366 W] Warning: detected OpenGL error 'invalid operation' at end of Geometry::drawImplementation().
[01:02:00.366 W] Warning: detected OpenGL error 'invalid operation' at end of Geometry::drawImplementation().
[01:02:00.366 W] Warning: detected OpenGL error 'invalid operation' at end of Geometry::drawImplementation().
[01:02:00.366 W] Warning: detected OpenGL error 'invalid operation' at end of Geometry::drawImplementation().
[01:02:00.366 W] Warning: detected OpenGL error 'invalid operation' at end of Geometry::drawImplementation().
[01:02:00.366 W] Warning: detected OpenGL error 'invalid operation' at end of Geometry::drawImplementation().
[01:02:00.366 W] Warning: detected OpenGL error 'invalid operation' at end of Geometry::drawImplementation().
[01:02:00.366 W] Warning: detected OpenGL error 'invalid operation' at end of Geometry::drawImplementation().
[01:02:00.366 W] Warning: detected OpenGL error 'invalid operation' at end of Geometry::drawImplementation().
[01:02:00.366 W] Warning: detected OpenGL error 'invalid operation' at end of Geometry::drawImplementation().
[01:02:00.366 W] Warning: detected OpenGL error 'invalid operation' at end of Geometry::drawImplementation().
[01:02:00.366 W] Warning: detected OpenGL error 'invalid operation' at end of Geometry::drawImplementation().
[01:02:00.366 W] Warning: detected OpenGL error 'invalid operation' at end of Geometry::drawImplementation().
[01:02:00.366 W] Warning: detected OpenGL error 'invalid operation' at end of Geometry::drawImplementation().
[01:02:00.366 W] Warning: detected OpenGL error 'invalid operation' at end of Geometry::drawImplementation().
[01:02:00.366 W] Warning: detected OpenGL error 'invalid operation' at end of Geometry::drawImplementation().
[01:02:00.366 W] Warning: detected OpenGL error 'invalid operation' at end of Geometry::drawImplementation().
[01:02:00.366 W] Warning: detected OpenGL error 'invalid operation' at end of Geometry::drawImplementation().
[01:02:00.366 W] Warning: detected OpenGL error 'invalid operation' at end of Geometry::drawImplementation().
[01:02:00.366 W] Warning: detected OpenGL error 'invalid operation' at end of Geometry::drawImplementation().
[01:02:00.366 W] Warning: detected OpenGL error 'invalid operation' at end of Geometry::drawImplementation().
[01:02:00.366 W] Warning: detected OpenGL error 'invalid operation' at end of Geometry::drawImplementation().
[01:02:00.367 W] Warning: detected OpenGL error 'invalid operation' at end of Geometry::drawImplementation().
[01:02:00.367 W] Warning: detected OpenGL error 'invalid operation' at end of Geometry::drawImplementation().
[01:02:00.367 W] Warning: detected OpenGL error 'invalid operation' at end of Geometry::drawImplementation().
[01:02:00.367 W] Warning: detected OpenGL error 'invalid operation' at end of Geometry::drawImplementation().
[01:02:00.367 W] Warning: detected OpenGL error 'invalid operation' at end of Geometry::drawImplementation().
[01:02:00.367 W] Warning: detected OpenGL error 'invalid operation' at end of Geometry::drawImplementation().
[01:02:00.367 W] Warning: detected OpenGL error 'invalid operation' at end of Geometry::drawImplementation().
[01:02:00.367 W] Warning: detected OpenGL error 'invalid operation' at end of Geometry::drawImplementation().
[01:02:00.367 W] Warning: detected OpenGL error 'invalid operation' at end of Geometry::drawImplementation().
[01:02:00.367 W] Warning: detected OpenGL error 'invalid operation' at end of Geometry::drawImplementation().
[01:02:00.367 W] Warning: detected OpenGL error 'invalid operation' at end of Geometry::drawImplementation().
[01:02:00.367 W] Warning: detected OpenGL error 'invalid operation' at end of Geometry::drawImplementation().
[01:02:00.367 W] Warning: detected OpenGL error 'invalid operation' at end of Geometry::drawImplementation().
[01:02:00.367 W] Warning: detected OpenGL error 'invalid operation' at end of Geometry::drawImplementation().
[01:02:00.367 W] Warning: detected OpenGL error 'invalid operation' at end of Geometry::drawImplementation().
[01:02:00.367 W] Warning: detected OpenGL error 'invalid operation' at end of Geometry::drawImplementation().
[01:02:00.367 W] Warning: detected OpenGL error 'invalid operation' at end of Geometry::drawImplementation().
[01:02:00.367 W] Warning: detected OpenGL error 'invalid operation' at end of Geometry::drawImplementation().
[01:02:00.367 W] Warning: detected OpenGL error 'invalid operation' at end of Geometry::drawImplementation().
[01:02:00.367 W] Warning: detected OpenGL error 'invalid operation' at end of Geometry::drawImplementation().
[01:02:00.367 W] Warning: detected OpenGL error 'invalid operation' at end of Geometry::drawImplementation().
[01:02:00.367 W] Warning: detected OpenGL error 'invalid operation' at end of Geometry::drawImplementation().
[01:02:00.367 W] Warning: detected OpenGL error 'invalid operation' at end of Geometry::drawImplementation().
[01:02:00.367 W] Warning: detected OpenGL error 'invalid operation' at end of Geometry::drawImplementation().
[01:02:00.367 W] Warning: detected OpenGL error 'invalid operation' at end of Geometry::drawImplementation().
[01:02:00.367 W] Warning: detected OpenGL error 'invalid operation' at end of Geometry::drawImplementation().
[01:02:00.367 W] Warning: detected OpenGL error 'invalid operation' at end of Geometry::drawImplementation().
[01:02:00.367 W] Warning: detected OpenGL error 'invalid operation' at end of Geometry::drawImplementation().
[01:02:00.367 W] Warning: detected OpenGL error 'invalid operation' at end of Geometry::drawImplementation().
[01:02:00.367 W] Warning: detected OpenGL error 'invalid operation' at end of Geometry::drawImplementation().
[01:02:00.367 W] Warning: detected OpenGL error 'invalid operation' at end of Geometry::drawImplementation().
[01:02:00.367 W] Warning: detected OpenGL error 'invalid operation' at end of Geometry::drawImplementation().
[01:02:00.367 W] Warning: detected OpenGL error 'invalid operation' at end of Geometry::drawImplementation().
[01:02:00.367 W] Warning: detected OpenGL error 'invalid operation' at end of Geometry::drawImplementation().
[01:02:00.367 W] Warning: detected OpenGL error 'invalid operation' at end of Geometry::drawImplementation().
[01:02:00.367 W] Warning: detected OpenGL error 'invalid operation' at end of Geometry::drawImplementation().
[01:02:00.367 W] Warning: detected OpenGL error 'invalid operation' at end of Geometry::drawImplementation().
[01:02:00.367 W] Warning: detected OpenGL error 'invalid operation' at end of Geometry::drawImplementation().
[01:02:00.367 W] Warning: detected OpenGL error 'invalid operation' at end of Geometry::drawImplementation().
[01:02:00.367 W] Warning: detected OpenGL error 'invalid operation' at end of Geometry::drawImplementation().
[01:02:00.367 W] Warning: detected OpenGL error 'invalid operation' at end of Geometry::drawImplementation().
[01:02:00.367 W] Warning: detected OpenGL error 'invalid operation' at end of Geometry::drawImplementation().
[01:02:00.367 W] Warning: detected OpenGL error 'invalid operation' at end of Geometry::drawImplementation().
[01:02:00.367 W] Warning: detected OpenGL error 'invalid operation' at end of Geometry::drawImplementation().
[01:02:00.367 W] Warning: detected OpenGL error 'invalid operation' at end of Geometry::drawImplementation().
[01:02:00.367 W] Warning: detected OpenGL error 'invalid operation' at end of Geometry::drawImplementation().
[01:02:00.367 W] Warning: detected OpenGL error 'invalid operation' at end of Geometry::drawImplementation().
[01:02:00.367 W] Warning: detected OpenGL error 'invalid operation' at end of Geometry::drawImplementation().
[01:02:00.367 W] Warning: detected OpenGL error 'invalid operation' at end of Geometry::drawImplementation().
[01:02:00.367 W] Warning: detected OpenGL error 'invalid operation' at end of Geometry::drawImplementation().
[01:02:00.367 W] Warning: detected OpenGL error 'invalid operation' at end of Geometry::drawImplementation().
[01:02:00.367 W] Warning: detected OpenGL error 'invalid operation' at end of Geometry::drawImplementation().
[01:02:00.367 W] Warning: detected OpenGL error 'invalid operation' at end of Geometry::drawImplementation().
[01:02:00.367 W] Warning: detected OpenGL error 'invalid operation' at end of Geometry::drawImplementation().
[01:02:00.367 W] Warning: detected OpenGL error 'invalid operation' at end of Geometry::drawImplementation().
[01:02:00.367 W] Warning: detected OpenGL error 'invalid operation' at end of Geometry::drawImplementation().
[01:02:00.367 W] Warning: detected OpenGL error 'invalid operation' at end of Geometry::drawImplementation().
[01:02:00.367 W] Warning: detected OpenGL error 'invalid operation' at end of Geometry::drawImplementation().
[01:02:00.367 W] Warning: detected OpenGL error 'invalid operation' at end of Geometry::drawImplementation().
[01:02:00.367 W] Warning: detected OpenGL error 'invalid operation' at end of Geometry::drawImplementation().
[01:02:00.367 W] Warning: detected OpenGL error 'invalid operation' at end of Geometry::drawImplementation().
[01:02:00.367 W] Warning: detected OpenGL error 'invalid operation' at end of Geometry::drawImplementation().
[01:02:00.367 W] Warning: detected OpenGL error 'invalid operation' at end of Geometry::drawImplementation().
[01:02:00.367 W] Warning: detected OpenGL error 'invalid operation' at end of Geometry::drawImplementation().
[01:02:00.368 W] Warning: detected OpenGL error 'invalid operation' at end of Geometry::drawImplementation().
[01:02:00.368 W] Warning: detected OpenGL error 'invalid operation' at end of Geometry::drawImplementation().
[01:02:00.368 W] Warning: detected OpenGL error 'invalid operation' at end of Geometry::drawImplementation().
[01:02:00.368 W] Warning: detected OpenGL error 'invalid operation' at end of Geometry::drawImplementation().
[01:02:00.368 W] Warning: detected OpenGL error 'invalid operation' at end of Geometry::drawImplementation().
[01:02:00.368 W] Warning: detected OpenGL error 'invalid operation' at end of Geometry::drawImplementation().
[01:02:00.368 W] Warning: detected OpenGL error 'invalid operation' at end of Geometry::drawImplementation().
[01:02:00.368 W] Warning: detected OpenGL error 'invalid operation' at end of Geometry::drawImplementation().
[01:02:00.368 W] Warning: detected OpenGL error 'invalid operation' at end of Geometry::drawImplementation().
[01:02:00.368 W] Warning: detected OpenGL error 'invalid operation' at end of Geometry::drawImplementation().
[01:02:00.368 W] Warning: detected OpenGL error 'invalid operation' at end of Geometry::drawImplementation().
[01:02:00.368 W] Warning: detected OpenGL error 'invalid operation' at end of Geometry::drawImplementation().
[01:02:00.368 W] Warning: detected OpenGL error 'invalid operation' at end of Geometry::drawImplementation().
[01:02:00.368 W] Warning: detected OpenGL error 'invalid operation' at end of Geometry::drawImplementation().
[01:02:00.368 W] Warning: detected OpenGL error 'invalid operation' at end of Geometry::drawImplementation().
[01:02:00.368 W] Warning: detected OpenGL error 'invalid operation' at end of Geometry::drawImplementation().
[01:02:00.368 W] Warning: detected OpenGL error 'invalid operation' at end of Geometry::drawImplementation().
[01:02:00.368 W] Warning: detected OpenGL error 'invalid operation' at end of Geometry::drawImplementation().
[01:02:00.368 W] Warning: detected OpenGL error 'invalid operation' at end of Geometry::drawImplementation().
[01:02:00.368 W] Warning: detected OpenGL error 'invalid operation' at end of Geometry::drawImplementation().
[01:02:00.368 W] Warning: detected OpenGL error 'invalid operation' at end of Geometry::drawImplementation().
[01:02:00.368 W] Warning: detected OpenGL error 'invalid operation' at end of Geometry::drawImplementation().
[01:02:00.368 W] Warning: detected OpenGL error 'invalid operation' at end of Geometry::drawImplementation().
[01:02:00.368 W] Warning: detected OpenGL error 'invalid operation' at end of Geometry::drawImplementation().
[01:02:00.368 W] Warning: detected OpenGL error 'invalid operation' at end of Geometry::drawImplementation().
[01:02:00.368 W] Warning: detected OpenGL error 'invalid operation' at end of Geometry::drawImplementation().
[01:02:00.368 W] Warning: detected OpenGL error 'invalid operation' at end of Geometry::drawImplementation().
[01:02:00.368 W] Warning: detected OpenGL error 'invalid operation' at end of Geometry::drawImplementation().
[01:02:00.368 W] Warning: detected OpenGL error 'invalid operation' at end of Geometry::drawImplementation().
[01:02:00.368 W] Warning: detected OpenGL error 'invalid operation' at end of Geometry::drawImplementation().
[01:02:00.368 W] Warning: detected OpenGL error 'invalid operation' at end of Geometry::drawImplementation().
[01:02:00.368 W] Warning: detected OpenGL error 'invalid operation' at end of Geometry::drawImplementation().
[01:02:00.368 W] Warning: detected OpenGL error 'invalid operation' at end of Geometry::drawImplementation().
[01:02:00.368 W] Warning: detected OpenGL error 'invalid operation' at end of Geometry::drawImplementation().
[01:02:00.368 W] Warning: detected OpenGL error 'invalid operation' at end of Geometry::drawImplementation().
[01:02:00.368 W] Warning: detected OpenGL error 'invalid operation' at end of Geometry::drawImplementation().
[01:02:00.368 W] Warning: detected OpenGL error 'invalid operation' at end of Geometry::drawImplementation().
[01:02:00.368 W] Warning: detected OpenGL error 'invalid operation' at end of Geometry::drawImplementation().
[01:02:00.368 W] Warning: detected OpenGL error 'invalid operation' at end of Geometry::drawImplementation().
[01:02:00.368 W] Warning: detected OpenGL error 'invalid operation' at end of Geometry::drawImplementation().
[01:02:00.368 W] Warning: detected OpenGL error 'invalid operation' at end of Geometry::drawImplementation().
[01:02:00.368 W] Warning: detected OpenGL error 'invalid operation' at end of Geometry::drawImplementation().
[01:02:00.368 W] Warning: detected OpenGL error 'invalid operation' at end of Geometry::drawImplementation().
[01:02:00.368 W] Warning: detected OpenGL error 'invalid operation' at end of Geometry::drawImplementation().
[01:02:00.368 W] Warning: detected OpenGL error 'invalid operation' at end of Geometry::drawImplementation().
[01:02:00.368 W] Warning: detected OpenGL error 'invalid operation' at end of Geometry::drawImplementation().
[01:02:00.368 W] Warning: detected OpenGL error 'invalid operation' at end of Geometry::drawImplementation().
[01:02:00.368 W] Warning: detected OpenGL error 'invalid operation' at end of Geometry::drawImplementation().
[01:02:00.368 W] Warning: detected OpenGL error 'invalid operation' at end of Geometry::drawImplementation().
[01:02:00.368 W] Warning: detected OpenGL error 'invalid operation' at end of Geometry::drawImplementation().
[01:02:00.368 W] Warning: detected OpenGL error 'invalid operation' at end of Geometry::drawImplementation().
[01:02:00.368 W] Warning: detected OpenGL error 'invalid operation' at end of Geometry::drawImplementation().
[01:02:00.368 W] Warning: detected OpenGL error 'invalid operation' at end of Geometry::drawImplementation().
[01:02:00.368 W] Warning: detected OpenGL error 'invalid operation' at end of Geometry::drawImplementation().
[01:02:00.368 W] Warning: detected OpenGL error 'invalid operation' at end of Geometry::drawImplementation().
[01:02:00.368 W] Warning: detected OpenGL error 'invalid operation' at end of Geometry::drawImplementation().
[01:02:00.368 W] Warning: detected OpenGL error 'invalid operation' at end of Geometry::drawImplementation().
[01:02:00.368 W] Warning: detected OpenGL error 'invalid operation' at end of Geometry::drawImplementation().
[01:02:00.368 W] Warning: detected OpenGL error 'invalid operation' at end of Geometry::drawImplementation().
[01:02:00.368 W] Warning: detected OpenGL error 'invalid operation' at end of Geometry::drawImplementation().
[01:02:00.368 W] Warning: detected OpenGL error 'invalid operation' at end of Geometry::drawImplementation().
[01:02:00.368 W] Warning: detected OpenGL error 'invalid operation' at end of Geometry::drawImplementation().
[01:02:00.368 W] Warning: detected OpenGL error 'invalid operation' at end of Geometry::drawImplementation().
[01:02:00.368 W] Warning: detected OpenGL error 'invalid operation' at end of Geometry::drawImplementation().
[01:02:00.368 W] Warning: detected OpenGL error 'invalid operation' at end of Geometry::drawImplementation().
[01:02:00.368 W] Warning: detected OpenGL error 'invalid operation' at end of Geometry::drawImplementation().
[01:02:00.368 W] Warning: detected OpenGL error 'invalid operation' at end of Geometry::drawImplementation().
[01:02:00.368 W] Warning: detected OpenGL error 'invalid operation' at end of Geometry::drawImplementation().
[01:02:00.368 W] Warning: detected OpenGL error 'invalid operation' at end of Geometry::drawImplementation().
[01:02:00.368 W] Warning: detected OpenGL error 'invalid operation' at end of Geometry::drawImplementation().
[01:02:00.368 W] Warning: detected OpenGL error 'invalid operation' at end of Geometry::drawImplementation().
[01:02:00.368 W] Warning: detected OpenGL error 'invalid operation' at end of Geometry::drawImplementation().
[01:02:00.368 W] Warning: detected OpenGL error 'invalid operation' at end of Geometry::drawImplementation().
[01:02:00.368 W] Warning: detected OpenGL error 'invalid operation' at end of Geometry::drawImplementation().
[01:02:00.368 W] Warning: detected OpenGL error 'invalid operation' at end of Geometry::drawImplementation().
[01:02:00.368 W] Warning: detected OpenGL error 'invalid operation' at end of Geometry::drawImplementation().
[01:02:00.368 W] Warning: detected OpenGL error 'invalid operation' at end of Geometry::drawImplementation().
[01:02:00.368 W] Warning: detected OpenGL error 'invalid operation' at end of Geometry::drawImplementation().
[01:02:00.368 W] Warning: detected OpenGL error 'invalid operation' at end of Geometry::drawImplementation().
[01:02:00.368 W] Warning: detected OpenGL error 'invalid operation' at end of Geometry::drawImplementation().
[01:02:00.368 W] Warning: detected OpenGL error 'invalid operation' at end of Geometry::drawImplementation().
[01:02:00.368 W] Warning: detected OpenGL error 'invalid operation' at end of Geometry::drawImplementation().
[01:02:00.368 W] Warning: detected OpenGL error 'invalid operation' at end of Geometry::drawImplementation().
[01:02:00.368 W] Warning: detected OpenGL error 'invalid operation' at end of Geometry::drawImplementation().
[01:02:00.368 W] Warning: detected OpenGL error 'invalid operation' at end of Geometry::drawImplementation().
[01:02:00.368 W] Warning: detected OpenGL error 'invalid operation' at end of Geometry::drawImplementation().
[01:02:00.368 W] Warning: detected OpenGL error 'invalid operation' at end of Geometry::drawImplementation().
[01:02:00.368 W] Warning: detected OpenGL error 'invalid operation' at end of Geometry::drawImplementation().
[01:02:00.368 W] Warning: detected OpenGL error 'invalid operation' at end of Geometry::drawImplementation().
[01:02:00.368 W] Warning: detected OpenGL error 'invalid operation' at end of Geometry::drawImplementation().
[01:02:00.368 W] Warning: detected OpenGL error 'invalid operation' at end of Geometry::drawImplementation().
[01:02:00.368 W] Warning: detected OpenGL error 'invalid operation' at end of Geometry::drawImplementation().
[01:02:00.368 W] Warning: detected OpenGL error 'invalid operation' at end of Geometry::drawImplementation().
[01:02:00.368 W] Warning: detected OpenGL error 'invalid operation' at end of Geometry::drawImplementation().
[01:02:00.368 W] Warning: detected OpenGL error 'invalid operation' at end of Geometry::drawImplementation().
[01:02:00.368 W] Warning: detected OpenGL error 'invalid operation' at end of Geometry::drawImplementation().
[01:02:00.368 W] Warning: detected OpenGL error 'invalid operation' at end of Geometry::drawImplementation().
[01:02:00.368 W] Warning: detected OpenGL error 'invalid operation' at end of Geometry::drawImplementation().
[01:02:00.368 W] Warning: detected OpenGL error 'invalid operation' at end of Geometry::drawImplementation().
[01:02:00.368 W] Warning: detected OpenGL error 'invalid operation' at end of Geometry::drawImplementation().
[01:02:00.368 W] Warning: detected OpenGL error 'invalid operation' at end of Geometry::drawImplementation().
[01:02:00.368 W] Warning: detected OpenGL error 'invalid operation' at end of Geometry::drawImplementation().
[01:02:00.368 W] Warning: detected OpenGL error 'invalid operation' at end of Geometry::drawImplementation().
[01:02:00.368 W] Warning: detected OpenGL error 'invalid operation' at end of Geometry::drawImplementation().
[01:02:00.368 W] Warning: detected OpenGL error 'invalid operation' at end of Geometry::drawImplementation().
[01:02:00.368 W] Warning: detected OpenGL error 'invalid operation' at end of Geometry::drawImplementation().
[01:02:00.368 W] Warning: detected OpenGL error 'invalid operation' at end of Geometry::drawImplementation().
[01:02:00.368 W] Warning: detected OpenGL error 'invalid operation' at end of Geometry::drawImplementation().
[01:02:00.368 W] Warning: detected OpenGL error 'invalid operation' at end of Geometry::drawImplementation().
[01:02:00.368 W] Warning: detected OpenGL error 'invalid operation' at end of Geometry::drawImplementation().
[01:02:00.368 W] Warning: detected OpenGL error 'invalid operation' at end of Geometry::drawImplementation().
[01:02:00.368 W] Warning: detected OpenGL error 'invalid operation' at end of Geometry::drawImplementation().
[01:02:00.368 W] Warning: detected OpenGL error 'invalid operation' at end of Geometry::drawImplementation().
[01:02:00.368 W] Warning: detected OpenGL error 'invalid operation' at end of Geometry::drawImplementation().
[01:02:00.368 W] Warning: detected OpenGL error 'invalid operation' at end of Geometry::drawImplementation().
[01:02:00.368 W] Warning: detected OpenGL error 'invalid operation' at end of Geometry::drawImplementation().
[01:02:00.368 W] Warning: detected OpenGL error 'invalid operation' at end of Geometry::drawImplementation().
[01:02:00.368 W] Warning: detected OpenGL error 'invalid operation' at end of Geometry::drawImplementation().
[01:02:00.368 W] Warning: detected OpenGL error 'invalid operation' at end of Geometry::drawImplementation().
[01:02:00.368 W] Warning: detected OpenGL error 'invalid operation' at end of Geometry::drawImplementation().
[01:02:00.368 W] Warning: detected OpenGL error 'invalid operation' at end of Geometry::drawImplementation().
[01:02:00.368 W] Warning: detected OpenGL error 'invalid operation' at end of Geometry::drawImplementation().
[01:02:00.368 W] Warning: detected OpenGL error 'invalid operation' at end of Geometry::drawImplementation().
[01:02:00.368 W] Warning: detected OpenGL error 'invalid operation' at end of Geometry::drawImplementation().
[01:02:00.368 W] Warning: detected OpenGL error 'invalid operation' at end of Geometry::drawImplementation().
[01:02:00.368 W] Warning: detected OpenGL error 'invalid operation' at end of Geometry::drawImplementation().
[01:02:00.368 W] Warning: detected OpenGL error 'invalid operation' at end of Geometry::drawImplementation().
[01:02:00.368 W] Warning: detected OpenGL error 'invalid operation' at end of Geometry::drawImplementation().
[01:02:00.368 W] Warning: detected OpenGL error 'invalid operation' at end of Geometry::drawImplementation().
[01:02:00.368 W] Warning: detected OpenGL error 'invalid operation' at end of Geometry::drawImplementation().
[01:02:00.368 W] Warning: detected OpenGL error 'invalid operation' at end of Geometry::drawImplementation().
[01:02:00.368 W] Warning: detected OpenGL error 'invalid operation' at end of Geometry::drawImplementation().
[01:02:00.368 W] Warning: detected OpenGL error 'invalid operation' at end of Geometry::drawImplementation().
[01:02:00.368 W] Warning: detected OpenGL error 'invalid operation' at end of Geometry::drawImplementation().
[01:02:00.368 W] Warning: detected OpenGL error 'invalid operation' at end of Geometry::drawImplementation().
[01:02:00.368 W] Warning: detected OpenGL error 'invalid operation' at end of Geometry::drawImplementation().
[01:02:00.368 W] Warning: detected OpenGL error 'invalid operation' at end of Geometry::drawImplementation().
[01:02:00.368 W] Warning: detected OpenGL error 'invalid operation' at end of Geometry::drawImplementation().
[01:02:00.368 W] Warning: detected OpenGL error 'invalid operation' at end of Geometry::drawImplementation().
[01:02:00.368 W] Warning: detected OpenGL error 'invalid operation' at end of Geometry::drawImplementation().
[01:02:00.368 W] Warning: detected OpenGL error 'invalid operation' at end of Geometry::drawImplementation().
[01:02:00.368 W] Warning: detected OpenGL error 'invalid operation' at end of Geometry::drawImplementation().
[01:02:00.368 W] Warning: detected OpenGL error 'invalid operation' at end of Geometry::drawImplementation().
[01:02:00.368 W] Warning: detected OpenGL error 'invalid operation' at end of Geometry::drawImplementation().
[01:02:00.368 W] Warning: detected OpenGL error 'invalid operation' at end of Geometry::drawImplementation().
[01:02:00.368 W] Warning: detected OpenGL error 'invalid operation' at end of Geometry::drawImplementation().
[01:02:00.368 W] Warning: detected OpenGL error 'invalid operation' at end of Geometry::drawImplementation().
[01:02:00.368 W] Warning: detected OpenGL error 'invalid operation' at end of Geometry::drawImplementation().
[01:02:00.368 W] Warning: detected OpenGL error 'invalid operation' at end of Geometry::drawImplementation().
[01:02:00.368 W] Warning: detected OpenGL error 'invalid operation' at end of Geometry::drawImplementation().
[01:02:00.368 W] Warning: detected OpenGL error 'invalid operation' at end of Geometry::drawImplementation().
[01:02:00.368 W] Warning: detected OpenGL error 'invalid operation' at end of Geometry::drawImplementation().
[01:02:00.368 W] Warning: detected OpenGL error 'invalid operation' at end of Geometry::drawImplementation().
[01:02:00.368 W] Warning: detected OpenGL error 'invalid operation' at end of Geometry::drawImplementation().
[01:02:00.368 W] Warning: detected OpenGL error 'invalid operation' at end of Geometry::drawImplementation().
[01:02:00.368 W] Warning: detected OpenGL error 'invalid operation' at end of Geometry::drawImplementation().
[01:02:00.368 W] Warning: detected OpenGL error 'invalid operation' at end of Geometry::drawImplementation().
[01:02:00.368 W] Warning: detected OpenGL error 'invalid operation' at end of Geometry::drawImplementation().
[01:02:00.368 W] Warning: detected OpenGL error 'invalid operation' at end of Geometry::drawImplementation().
[01:02:00.368 W] Warning: detected OpenGL error 'invalid operation' at end of Geometry::drawImplementation().
[01:02:00.368 W] Warning: detected OpenGL error 'invalid operation' at end of Geometry::drawImplementation().
[01:02:00.368 W] Warning: detected OpenGL error 'invalid operation' at end of Geometry::drawImplementation().
[01:02:00.368 W] Warning: detected OpenGL error 'invalid operation' at end of Geometry::drawImplementation().
[01:02:00.368 W] Warning: detected OpenGL error 'invalid operation' at end of Geometry::drawImplementation().
[01:02:00.368 W] Warning: detected OpenGL error 'invalid operation' at end of Geometry::drawImplementation().
[01:02:00.368 W] Warning: detected OpenGL error 'invalid operation' at end of Geometry::drawImplementation().
[01:02:00.368 W] Warning: detected OpenGL error 'invalid operation' at end of Geometry::drawImplementation().
[01:02:00.368 W] Warning: detected OpenGL error 'invalid operation' at end of Geometry::drawImplementation().
[01:02:00.368 W] Warning: detected OpenGL error 'invalid operation' at end of Geometry::drawImplementation().
[01:02:00.368 W] Warning: detected OpenGL error 'invalid operation' at end of Geometry::drawImplementation().
[01:02:00.368 W] Warning: detected OpenGL error 'invalid operation' at end of Geometry::drawImplementation().
[01:02:00.368 W] Warning: detected OpenGL error 'invalid operation' at end of Geometry::drawImplementation().
[01:02:00.368 W] Warning: detected OpenGL error 'invalid operation' at end of Geometry::drawImplementation().
[01:02:00.369 W] Warning: detected OpenGL error 'invalid operation' at end of Geometry::drawImplementation().
[01:02:00.369 W] Warning: detected OpenGL error 'invalid operation' at end of Geometry::drawImplementation().
[01:02:00.369 W] Warning: detected OpenGL error 'invalid operation' at end of Geometry::drawImplementation().
[01:02:00.369 W] Warning: detected OpenGL error 'invalid operation' at end of Geometry::drawImplementation().
[01:02:00.369 W] Warning: detected OpenGL error 'invalid operation' at end of Geometry::drawImplementation().
[01:02:00.369 W] Warning: detected OpenGL error 'invalid operation' at end of Geometry::drawImplementation().
[01:02:00.369 W] Warning: detected OpenGL error 'invalid operation' at end of Geometry::drawImplementation().
[01:02:00.369 W] Warning: detected OpenGL error 'invalid operation' at end of Geometry::drawImplementation().
[01:02:00.369 W] Warning: detected OpenGL error 'invalid operation' at end of Geometry::drawImplementation().
[01:02:00.369 W] Warning: detected OpenGL error 'invalid operation' at end of Geometry::drawImplementation().
[01:02:00.369 W] Warning: detected OpenGL error 'invalid operation' at end of Geometry::drawImplementation().
[01:02:00.369 W] Warning: detected OpenGL error 'invalid operation' at end of Geometry::drawImplementation().
[01:02:00.369 W] Warning: detected OpenGL error 'invalid operation' at end of Geometry::drawImplementation().
[01:02:00.369 W] Warning: detected OpenGL error 'invalid operation' at end of Geometry::drawImplementation().
[01:02:00.369 W] Warning: detected OpenGL error 'invalid operation' at end of Geometry::drawImplementation().
[01:02:00.369 W] Warning: detected OpenGL error 'invalid operation' at end of Geometry::drawImplementation().
[01:02:00.369 W] Warning: detected OpenGL error 'invalid operation' at end of Geometry::drawImplementation().
[01:02:00.369 W] Warning: detected OpenGL error 'invalid operation' at end of Geometry::drawImplementation().
[01:02:00.369 W] Warning: detected OpenGL error 'invalid operation' at end of Geometry::drawImplementation().
[01:02:00.369 W] Warning: detected OpenGL error 'invalid operation' at end of Geometry::drawImplementation().
[01:02:00.369 W] Warning: detected OpenGL error 'invalid operation' at end of Geometry::drawImplementation().
[01:02:00.369 W] Warning: detected OpenGL error 'invalid operation' at end of Geometry::drawImplementation().
[01:02:00.369 W] Warning: detected OpenGL error 'invalid operation' at end of Geometry::drawImplementation().
[01:02:00.369 W] Warning: detected OpenGL error 'invalid operation' at end of Geometry::drawImplementation().
[01:02:00.369 W] Warning: detected OpenGL error 'invalid operation' at end of Geometry::drawImplementation().
[01:02:00.369 W] Warning: detected OpenGL error 'invalid operation' at end of Geometry::drawImplementation().
[01:02:00.369 W] Warning: detected OpenGL error 'invalid operation' at end of Geometry::drawImplementation().
[01:02:00.369 W] Warning: detected OpenGL error 'invalid operation' at end of Geometry::drawImplementation().
[01:02:00.369 W] Warning: detected OpenGL error 'invalid operation' at end of Geometry::drawImplementation().
[01:02:00.369 W] Warning: detected OpenGL error 'invalid operation' at end of Geometry::drawImplementation().
[01:02:00.369 W] Warning: detected OpenGL error 'invalid operation' at end of Geometry::drawImplementation().
[01:02:00.369 W] Warning: detected OpenGL error 'invalid operation' at end of Geometry::drawImplementation().
[01:02:00.369 W] Warning: detected OpenGL error 'invalid operation' at end of Geometry::drawImplementation().
[01:02:00.369 W] Warning: detected OpenGL error 'invalid operation' at end of Geometry::drawImplementation().
[01:02:00.369 W] Warning: detected OpenGL error 'invalid operation' at end of Geometry::drawImplementation().
[01:02:00.369 W] Warning: detected OpenGL error 'invalid operation' at end of Geometry::drawImplementation().
[01:02:00.369 W] Warning: detected OpenGL error 'invalid operation' at end of Geometry::drawImplementation().
[01:02:00.369 W] Warning: detected OpenGL error 'invalid operation' at end of Geometry::drawImplementation().
[01:02:00.369 W] Warning: detected OpenGL error 'invalid operation' at end of Geometry::drawImplementation().
[01:02:00.369 W] Warning: detected OpenGL error 'invalid operation' at end of Geometry::drawImplementation().
[01:02:00.369 W] Warning: detected OpenGL error 'invalid operation' at end of Geometry::drawImplementation().
[01:02:00.369 W] Warning: detected OpenGL error 'invalid operation' at end of Geometry::drawImplementation().
[01:02:00.369 W] Warning: detected OpenGL error 'invalid operation' at end of Geometry::drawImplementation().
[01:02:00.369 W] Warning: detected OpenGL error 'invalid operation' at end of Geometry::drawImplementation().
[01:02:00.369 W] Warning: detected OpenGL error 'invalid operation' at end of Geometry::drawImplementation().
[01:02:00.369 W] Warning: detected OpenGL error 'invalid operation' at end of Geometry::drawImplementation().
[01:02:00.369 W] Warning: detected OpenGL error 'invalid operation' at end of Geometry::drawImplementation().
[01:02:00.369 W] Warning: detected OpenGL error 'invalid operation' at end of Geometry::drawImplementation().
[01:02:00.369 W] Warning: detected OpenGL error 'invalid operation' at end of Geometry::drawImplementation().
[01:02:00.369 W] Warning: detected OpenGL error 'invalid operation' at end of Geometry::drawImplementation().
[01:02:00.369 W] Warning: detected OpenGL error 'invalid operation' at end of Geometry::drawImplementation().
[01:02:00.369 W] Warning: detected OpenGL error 'invalid operation' at end of Geometry::drawImplementation().
[01:02:00.369 W] Warning: detected OpenGL error 'invalid operation' at end of Geometry::drawImplementation().
[01:02:00.369 W] Warning: detected OpenGL error 'invalid operation' at end of Geometry::drawImplementation().
[01:02:00.369 W] Warning: detected OpenGL error 'invalid operation' at end of Geometry::drawImplementation().
[01:02:00.369 W] Warning: detected OpenGL error 'invalid operation' at end of Geometry::drawImplementation().
[01:02:00.369 W] Warning: detected OpenGL error 'invalid operation' at end of Geometry::drawImplementation().
[01:02:00.369 W] Warning: detected OpenGL error 'invalid operation' at end of Geometry::drawImplementation().
[01:02:00.369 W] Warning: detected OpenGL error 'invalid operation' at end of Geometry::drawImplementation().
[01:02:00.369 W] Warning: detected OpenGL error 'invalid operation' at end of Geometry::drawImplementation().
[01:02:00.369 W] Warning: detected OpenGL error 'invalid operation' at end of Geometry::drawImplementation().
[01:02:00.369 W] Warning: detected OpenGL error 'invalid operation' at end of Geometry::drawImplementation().
[01:02:00.369 W] Warning: detected OpenGL error 'invalid operation' at end of Geometry::drawImplementation().
[01:02:00.369 W] Warning: detected OpenGL error 'invalid operation' at end of Geometry::drawImplementation().
[01:02:00.369 W] Warning: detected OpenGL error 'invalid operation' at end of Geometry::drawImplementation().
[01:02:00.369 W] Warning: detected OpenGL error 'invalid operation' at end of Geometry::drawImplementation().
[01:02:00.369 W] Warning: detected OpenGL error 'invalid operation' at end of Geometry::drawImplementation().
[01:02:00.369 W] Warning: detected OpenGL error 'invalid operation' at end of Geometry::drawImplementation().
[01:02:00.369 W] Warning: detected OpenGL error 'invalid operation' at end of Geometry::drawImplementation().
[01:02:00.369 W] Warning: detected OpenGL error 'invalid operation' at end of Geometry::drawImplementation().
[01:02:00.369 W] Warning: detected OpenGL error 'invalid operation' at end of Geometry::drawImplementation().
[01:02:00.369 W] Warning: detected OpenGL error 'invalid operation' at end of Geometry::drawImplementation().
[01:02:00.369 W] Warning: detected OpenGL error 'invalid operation' at end of Geometry::drawImplementation().
[01:02:00.369 W] Warning: detected OpenGL error 'invalid operation' at end of Geometry::drawImplementation().
[01:02:00.369 W] Warning: detected OpenGL error 'invalid operation' at end of Geometry::drawImplementation().
[01:02:00.369 W] Warning: detected OpenGL error 'invalid operation' at end of Geometry::drawImplementation().
[01:02:00.369 W] Warning: detected OpenGL error 'invalid operation' at end of Geometry::drawImplementation().
[01:02:00.369 W] Warning: detected OpenGL error 'invalid operation' at end of Geometry::drawImplementation().
[01:02:00.369 W] Warning: detected OpenGL error 'invalid operation' at end of Geometry::drawImplementation().
[01:02:00.369 W] Warning: detected OpenGL error 'invalid operation' at end of Geometry::drawImplementation().
[01:02:00.369 W] Warning: detected OpenGL error 'invalid operation' at end of Geometry::drawImplementation().
[01:02:00.369 W] Warning: detected OpenGL error 'invalid operation' at end of Geometry::drawImplementation().
[01:02:00.369 W] Warning: detected OpenGL error 'invalid operation' at end of Geometry::drawImplementation().
[01:02:00.369 W] Warning: detected OpenGL error 'invalid operation' at end of Geometry::drawImplementation().
[01:02:00.369 W] Warning: detected OpenGL error 'invalid operation' at end of Geometry::drawImplementation().
[01:02:00.369 W] Warning: detected OpenGL error 'invalid operation' at end of Geometry::drawImplementation().
[01:02:00.369 W] Warning: detected OpenGL error 'invalid operation' at end of Geometry::drawImplementation().
[01:02:00.369 W] Warning: detected OpenGL error 'invalid operation' at end of Geometry::drawImplementation().
[01:02:00.369 W] Warning: detected OpenGL error 'invalid operation' at end of Geometry::drawImplementation().
[01:02:00.369 W] Warning: detected OpenGL error 'invalid operation' at end of Geometry::drawImplementation().
[01:02:00.369 W] Warning: detected OpenGL error 'invalid operation' at end of Geometry::drawImplementation().
[01:02:00.369 W] Warning: detected OpenGL error 'invalid operation' at end of Geometry::drawImplementation().
[01:02:00.369 W] Warning: detected OpenGL error 'invalid operation' at end of Geometry::drawImplementation().
[01:02:00.369 W] Warning: detected OpenGL error 'invalid operation' at end of Geometry::drawImplementation().
[01:02:00.369 W] Warning: detected OpenGL error 'invalid operation' at end of Geometry::drawImplementation().
[01:02:00.369 W] Warning: detected OpenGL error 'invalid operation' at end of Geometry::drawImplementation().
[01:02:00.369 W] Warning: detected OpenGL error 'invalid operation' at end of Geometry::drawImplementation().
[01:02:00.369 W] Warning: detected OpenGL error 'invalid operation' at end of Geometry::drawImplementation().
[01:02:00.369 W] Warning: detected OpenGL error 'invalid operation' at end of Geometry::drawImplementation().
[01:02:00.369 W] Warning: detected OpenGL error 'invalid operation' at end of Geometry::drawImplementation().
[01:02:00.369 W] Warning: detected OpenGL error 'invalid operation' at end of Geometry::drawImplementation().
[01:02:00.369 W] Warning: detected OpenGL error 'invalid operation' at end of Geometry::drawImplementation().
[01:02:00.369 W] Warning: detected OpenGL error 'invalid operation' at end of Geometry::drawImplementation().
[01:02:00.369 W] Warning: detected OpenGL error 'invalid operation' at end of Geometry::drawImplementation().
[01:02:00.369 W] Warning: detected OpenGL error 'invalid operation' at end of Geometry::drawImplementation().
[01:02:00.369 W] Warning: detected OpenGL error 'invalid operation' at end of Geometry::drawImplementation().
[01:02:00.369 W] Warning: detected OpenGL error 'invalid operation' at end of Geometry::drawImplementation().
[01:02:00.369 W] Warning: detected OpenGL error 'invalid operation' at end of Geometry::drawImplementation().
[01:02:00.369 W] Warning: detected OpenGL error 'invalid operation' at end of Geometry::drawImplementation().
[01:02:00.369 W] Warning: detected OpenGL error 'invalid operation' at end of Geometry::drawImplementation().
[01:02:00.369 W] Warning: detected OpenGL error 'invalid operation' at end of Geometry::drawImplementation().
[01:02:00.369 W] Warning: detected OpenGL error 'invalid operation' at end of Geometry::drawImplementation().
[01:02:00.369 W] Warning: detected OpenGL error 'invalid operation' at end of Geometry::drawImplementation().
[01:02:00.369 W] Warning: detected OpenGL error 'invalid operation' at end of Geometry::drawImplementation().
[01:02:00.369 W] Warning: detected OpenGL error 'invalid operation' at end of Geometry::drawImplementation().
[01:02:00.369 W] Warning: detected OpenGL error 'invalid operation' at end of Geometry::drawImplementation().
[01:02:00.369 W] Warning: detected OpenGL error 'invalid operation' at end of Geometry::drawImplementation().
[01:02:00.369 W] Warning: detected OpenGL error 'invalid operation' at end of Geometry::drawImplementation().
[01:02:00.369 W] Warning: detected OpenGL error 'invalid operation' at end of Geometry::drawImplementation().
[01:02:00.369 W] Warning: detected OpenGL error 'invalid operation' at end of Geometry::drawImplementation().
[01:02:00.369 W] Warning: detected OpenGL error 'invalid operation' at end of Geometry::drawImplementation().
[01:02:00.369 W] Warning: detected OpenGL error 'invalid operation' at end of Geometry::drawImplementation().
[01:02:00.369 W] Warning: detected OpenGL error 'invalid operation' at end of Geometry::drawImplementation().
[01:02:00.369 W] Warning: detected OpenGL error 'invalid operation' at end of Geometry::drawImplementation().
[01:02:00.369 W] Warning: detected OpenGL error 'invalid operation' at end of Geometry::drawImplementation().
[01:02:00.369 W] Warning: detected OpenGL error 'invalid operation' at end of Geometry::drawImplementation().
[01:02:00.369 W] Warning: detected OpenGL error 'invalid operation' at end of Geometry::drawImplementation().
[01:02:00.369 W] Warning: detected OpenGL error 'invalid operation' at end of Geometry::drawImplementation().
[01:02:00.369 W] Warning: detected OpenGL error 'invalid operation' at end of Geometry::drawImplementation().
[01:02:00.369 W] Warning: detected OpenGL error 'invalid operation' at end of Geometry::drawImplementation().
[01:02:00.369 W] Warning: detected OpenGL error 'invalid operation' at end of Geometry::drawImplementation().
[01:02:00.370 W] Warning: detected OpenGL error 'invalid operation' at end of Geometry::drawImplementation().
[01:02:00.370 W] Warning: detected OpenGL error 'invalid operation' at end of Geometry::drawImplementation().
[01:02:00.370 W] Warning: detected OpenGL error 'invalid operation' at end of Geometry::drawImplementation().
[01:02:00.370 W] Warning: detected OpenGL error 'invalid operation' at end of Geometry::drawImplementation().
[01:02:00.370 W] Warning: detected OpenGL error 'invalid operation' at end of Geometry::drawImplementation().
[01:02:00.370 W] Warning: detected OpenGL error 'invalid operation' at end of Geometry::drawImplementation().
[01:02:00.370 W] Warning: detected OpenGL error 'invalid operation' at end of Geometry::drawImplementation().
[01:02:00.370 W] Warning: detected OpenGL error 'invalid operation' at end of Geometry::drawImplementation().
[01:02:00.370 W] Warning: detected OpenGL error 'invalid operation' at end of Geometry::drawImplementation().
[01:02:00.370 W] Warning: detected OpenGL error 'invalid operation' at end of Geometry::drawImplementation().
[01:02:00.370 W] Warning: detected OpenGL error 'invalid operation' at end of Geometry::drawImplementation().
[01:02:00.370 W] Warning: detected OpenGL error 'invalid operation' at end of Geometry::drawImplementation().
[01:02:00.370 W] Warning: detected OpenGL error 'invalid operation' at end of Geometry::drawImplementation().
[01:02:00.370 W] Warning: detected OpenGL error 'invalid operation' at end of Geometry::drawImplementation().
[01:02:00.370 W] Warning: detected OpenGL error 'invalid operation' at end of Geometry::drawImplementation().
[01:02:00.370 W] Warning: detected OpenGL error 'invalid operation' at end of Geometry::drawImplementation().
[01:02:00.370 W] Warning: detected OpenGL error 'invalid operation' at end of Geometry::drawImplementation().
[01:02:00.370 W] Warning: detected OpenGL error 'invalid operation' at end of Geometry::drawImplementation().
[01:02:00.370 W] Warning: detected OpenGL error 'invalid operation' at end of Geometry::drawImplementation().
[01:02:00.370 W] Warning: detected OpenGL error 'invalid operation' at end of Geometry::drawImplementation().
[01:02:00.370 W] Warning: detected OpenGL error 'invalid operation' at end of Geometry::drawImplementation().
[01:02:00.370 W] Warning: detected OpenGL error 'invalid operation' at end of Geometry::drawImplementation().
[01:02:00.370 W] Warning: detected OpenGL error 'invalid operation' at end of Geometry::drawImplementation().
[01:02:00.370 W] Warning: detected OpenGL error 'invalid operation' at end of Geometry::drawImplementation().
[01:02:00.370 W] Warning: detected OpenGL error 'invalid operation' at end of Geometry::drawImplementation().
[01:02:00.370 W] Warning: detected OpenGL error 'invalid operation' at end of Geometry::drawImplementation().
[01:02:00.370 W] Warning: detected OpenGL error 'invalid operation' at end of Geometry::drawImplementation().
[01:02:00.370 W] Warning: detected OpenGL error 'invalid operation' at end of Geometry::drawImplementation().
[01:02:00.370 W] Warning: detected OpenGL error 'invalid operation' at end of Geometry::drawImplementation().
[01:02:00.370 W] Warning: detected OpenGL error 'invalid operation' at end of Geometry::drawImplementation().
[01:02:00.370 W] Warning: detected OpenGL error 'invalid operation' at end of Geometry::drawImplementation().
[01:02:00.370 W] Warning: detected OpenGL error 'invalid operation' at end of Geometry::drawImplementation().
[01:02:00.370 W] Warning: detected OpenGL error 'invalid operation' at end of Geometry::drawImplementation().
[01:02:00.370 W] Warning: detected OpenGL error 'invalid operation' at end of Geometry::drawImplementation().
[01:02:00.370 W] Warning: detected OpenGL error 'invalid operation' at end of Geometry::drawImplementation().
[01:02:00.370 W] Warning: detected OpenGL error 'invalid operation' at end of Geometry::drawImplementation().
[01:02:00.370 W] Warning: detected OpenGL error 'invalid operation' at end of Geometry::drawImplementation().
[01:02:00.370 W] Warning: detected OpenGL error 'invalid operation' at end of Geometry::drawImplementation().
[01:02:00.370 W] Warning: detected OpenGL error 'invalid operation' at end of Geometry::drawImplementation().
[01:02:00.370 W] Warning: detected OpenGL error 'invalid operation' at end of Geometry::drawImplementation().
[01:02:00.370 W] Warning: detected OpenGL error 'invalid operation' at end of Geometry::drawImplementation().
[01:02:00.370 W] Warning: detected OpenGL error 'invalid operation' at end of Geometry::drawImplementation().
[01:02:00.370 W] Warning: detected OpenGL error 'invalid operation' at end of Geometry::drawImplementation().
[01:02:00.370 W] Warning: detected OpenGL error 'invalid operation' at end of Geometry::drawImplementation().
[01:02:00.370 W] Warning: detected OpenGL error 'invalid operation' at end of Geometry::drawImplementation().
[01:02:00.370 W] Warning: detected OpenGL error 'invalid operation' at end of Geometry::drawImplementation().
[01:02:00.370 W] Warning: detected OpenGL error 'invalid operation' at end of Geometry::drawImplementation().
[01:02:00.370 W] Warning: detected OpenGL error 'invalid operation' at end of Geometry::drawImplementation().
[01:02:00.370 W] Warning: detected OpenGL error 'invalid operation' at end of Geometry::drawImplementation().
[01:02:00.370 W] Warning: detected OpenGL error 'invalid operation' at end of Geometry::drawImplementation().
[01:02:00.370 W] Warning: detected OpenGL error 'invalid operation' at end of Geometry::drawImplementation().
[01:02:00.370 W] Warning: detected OpenGL error 'invalid operation' at end of Geometry::drawImplementation().
[01:02:00.370 W] Warning: detected OpenGL error 'invalid operation' at end of Geometry::drawImplementation().
[01:02:00.370 W] Warning: detected OpenGL error 'invalid operation' at end of Geometry::drawImplementation().
[01:02:00.370 W] Warning: detected OpenGL error 'invalid operation' at end of Geometry::drawImplementation().
[01:02:00.370 W] Warning: detected OpenGL error 'invalid operation' at end of Geometry::drawImplementation().
[01:02:00.370 W] Warning: detected OpenGL error 'invalid operation' at end of Geometry::drawImplementation().
[01:02:00.370 W] Warning: detected OpenGL error 'invalid operation' at end of Geometry::drawImplementation().
[01:02:00.370 W] Warning: detected OpenGL error 'invalid operation' at end of Geometry::drawImplementation().
[01:02:00.370 W] Warning: detected OpenGL error 'invalid operation' at end of Geometry::drawImplementation().
[01:02:00.370 W] Warning: detected OpenGL error 'invalid operation' at end of Geometry::drawImplementation().
[01:02:00.370 W] Warning: detected OpenGL error 'invalid operation' at end of Geometry::drawImplementation().
[01:02:00.370 W] Warning: detected OpenGL error 'invalid operation' at end of Geometry::drawImplementation().
[01:02:00.370 W] Warning: detected OpenGL error 'invalid operation' at end of Geometry::drawImplementation().
[01:02:00.370 W] Warning: detected OpenGL error 'invalid operation' at end of Geometry::drawImplementation().
[01:02:00.370 W] Warning: detected OpenGL error 'invalid operation' at end of Geometry::drawImplementation().
[01:02:00.370 W] Warning: detected OpenGL error 'invalid operation' at end of Geometry::drawImplementation().
[01:02:00.370 W] Warning: detected OpenGL error 'invalid operation' at end of Geometry::drawImplementation().
[01:02:00.370 W] Warning: detected OpenGL error 'invalid operation' at end of Geometry::drawImplementation().
[01:02:00.370 W] Warning: detected OpenGL error 'invalid operation' at end of Geometry::drawImplementation().
[01:02:00.370 W] Warning: detected OpenGL error 'invalid operation' at end of Geometry::drawImplementation().
[01:02:00.370 W] Warning: detected OpenGL error 'invalid operation' at end of Geometry::drawImplementation().
[01:02:00.370 W] Warning: detected OpenGL error 'invalid operation' at end of Geometry::drawImplementation().
[01:02:00.370 W] Warning: detected OpenGL error 'invalid operation' at end of Geometry::drawImplementation().
[01:02:00.370 W] Warning: detected OpenGL error 'invalid operation' at end of Geometry::drawImplementation().
[01:02:00.370 W] Warning: detected OpenGL error 'invalid operation' at end of Geometry::drawImplementation().
[01:02:00.370 W] Warning: detected OpenGL error 'invalid operation' at end of Geometry::drawImplementation().
[01:02:00.370 W] Warning: detected OpenGL error 'invalid operation' at end of Geometry::drawImplementation().
[01:02:00.370 W] Warning: detected OpenGL error 'invalid operation' at end of Geometry::drawImplementation().
[01:02:00.370 W] Warning: detected OpenGL error 'invalid operation' at end of Geometry::drawImplementation().
[01:02:00.370 W] Warning: detected OpenGL error 'invalid operation' at end of Geometry::drawImplementation().
[01:02:00.370 W] Warning: detected OpenGL error 'invalid operation' at end of Geometry::drawImplementation().
[01:02:00.370 W] Warning: detected OpenGL error 'invalid operation' at end of Geometry::drawImplementation().
[01:02:00.370 W] Warning: detected OpenGL error 'invalid operation' at end of Geometry::drawImplementation().
[01:02:00.370 W] Warning: detected OpenGL error 'invalid operation' at end of Geometry::drawImplementation().
[01:02:00.370 W] Warning: detected OpenGL error 'invalid operation' at end of Geometry::drawImplementation().
[01:02:00.370 W] Warning: detected OpenGL error 'invalid operation' at end of Geometry::drawImplementation().
[01:02:00.370 W] Warning: detected OpenGL error 'invalid operation' at end of Geometry::drawImplementation().
[01:02:00.370 W] Warning: detected OpenGL error 'invalid operation' at end of Geometry::drawImplementation().
[01:02:00.370 W] Warning: detected OpenGL error 'invalid operation' at end of Geometry::drawImplementation().
[01:02:00.370 W] Warning: detected OpenGL error 'invalid operation' at end of Geometry::drawImplementation().
[01:02:00.370 W] Warning: detected OpenGL error 'invalid operation' at end of Geometry::drawImplementation().
[01:02:00.370 W] Warning: detected OpenGL error 'invalid operation' at end of Geometry::drawImplementation().
[01:02:00.370 W] Warning: detected OpenGL error 'invalid operation' at end of Geometry::drawImplementation().
[01:02:00.370 W] Warning: detected OpenGL error 'invalid operation' at end of Geometry::drawImplementation().
[01:02:00.370 W] Warning: detected OpenGL error 'invalid operation' at end of Geometry::drawImplementation().
[01:02:00.370 W] Warning: detected OpenGL error 'invalid operation' at end of Geometry::drawImplementation().
[01:02:00.370 W] Warning: detected OpenGL error 'invalid operation' at end of Geometry::drawImplementation().
[01:02:00.370 W] Warning: detected OpenGL error 'invalid operation' at end of Geometry::drawImplementation().
[01:02:00.370 W] Warning: detected OpenGL error 'invalid operation' at end of Geometry::drawImplementation().
[01:02:00.370 W] Warning: detected OpenGL error 'invalid operation' at end of Geometry::drawImplementation().
[01:02:00.370 W] Warning: detected OpenGL error 'invalid operation' at end of Geometry::drawImplementation().
[01:02:00.370 W] Warning: detected OpenGL error 'invalid operation' at end of Geometry::drawImplementation().
[01:02:00.370 W] Warning: detected OpenGL error 'invalid operation' at end of Geometry::drawImplementation().
[01:02:00.370 W] Warning: detected OpenGL error 'invalid operation' at end of Geometry::drawImplementation().
[01:02:00.370 W] Warning: detected OpenGL error 'invalid operation' at end of Geometry::drawImplementation().
[01:02:00.370 W] Warning: detected OpenGL error 'invalid operation' at end of Geometry::drawImplementation().
[01:02:00.370 W] Warning: detected OpenGL error 'invalid operation' at end of Geometry::drawImplementation().
[01:02:00.370 W] Warning: detected OpenGL error 'invalid operation' at end of Geometry::drawImplementation().
[01:02:00.370 W] Warning: detected OpenGL error 'invalid operation' at end of Geometry::drawImplementation().
[01:02:00.370 W] Warning: detected OpenGL error 'invalid operation' at end of Geometry::drawImplementation().
[01:02:00.370 W] Warning: detected OpenGL error 'invalid operation' at end of Geometry::drawImplementation().
[01:02:00.370 W] Warning: detected OpenGL error 'invalid operation' at end of Geometry::drawImplementation().
[01:02:00.370 W] Warning: detected OpenGL error 'invalid operation' at end of Geometry::drawImplementation().
[01:02:00.370 W] Warning: detected OpenGL error 'invalid operation' at end of Geometry::drawImplementation().
[01:02:00.370 W] Warning: detected OpenGL error 'invalid operation' at end of Geometry::drawImplementation().
[01:02:00.370 W] Warning: detected OpenGL error 'invalid operation' at end of Geometry::drawImplementation().
[01:02:00.370 W] Warning: detected OpenGL error 'invalid operation' at end of Geometry::drawImplementation().
[01:02:00.370 W] Warning: detected OpenGL error 'invalid operation' at end of Geometry::drawImplementation().
[01:02:00.370 W] Warning: detected OpenGL error 'invalid operation' at end of Geometry::drawImplementation().
[01:02:00.370 W] Warning: detected OpenGL error 'invalid operation' at end of Geometry::drawImplementation().
[01:02:00.370 W] Warning: detected OpenGL error 'invalid operation' at end of Geometry::drawImplementation().
[01:02:00.370 W] Warning: detected OpenGL error 'invalid operation' at end of Geometry::drawImplementation().
[01:02:00.370 W] Warning: detected OpenGL error 'invalid operation' at end of Geometry::drawImplementation().
[01:02:00.370 W] Warning: detected OpenGL error 'invalid operation' at end of Geometry::drawImplementation().
[01:02:00.370 W] Warning: detected OpenGL error 'invalid operation' at end of Geometry::drawImplementation().
[01:02:00.370 W] Warning: detected OpenGL error 'invalid operation' at end of Geometry::drawImplementation().
[01:02:00.370 W] Warning: detected OpenGL error 'invalid operation' at end of Geometry::drawImplementation().
[01:02:00.370 W] Warning: detected OpenGL error 'invalid operation' at end of Geometry::drawImplementation().
[01:02:00.370 W] Warning: detected OpenGL error 'invalid operation' at end of Geometry::drawImplementation().
[01:02:00.370 W] Warning: detected OpenGL error 'invalid operation' at end of Geometry::drawImplementation().
[01:02:00.370 W] Warning: detected OpenGL error 'invalid operation' at end of Geometry::drawImplementation().
[01:02:00.370 W] Warning: detected OpenGL error 'invalid operation' at end of Geometry::drawImplementation().
[01:02:00.370 W] Warning: detected OpenGL error 'invalid operation' at end of Geometry::drawImplementation().
[01:02:00.370 W] Warning: detected OpenGL error 'invalid operation' at end of Geometry::drawImplementation().
[01:02:00.370 W] Warning: detected OpenGL error 'invalid operation' at end of Geometry::drawImplementation().
[01:02:00.370 W] Warning: detected OpenGL error 'invalid operation' at end of Geometry::drawImplementation().
[01:02:00.370 W] Warning: detected OpenGL error 'invalid operation' at end of Geometry::drawImplementation().
[01:02:00.370 W] Warning: detected OpenGL error 'invalid operation' at end of Geometry::drawImplementation().
[01:02:00.370 W] Warning: detected OpenGL error 'invalid operation' at end of Geometry::drawImplementation().
[01:02:00.370 W] Warning: detected OpenGL error 'invalid operation' at end of Geometry::drawImplementation().
[01:02:00.371 W] Warning: detected OpenGL error 'invalid operation' at end of Geometry::drawImplementation().
[01:02:00.371 W] Warning: detected OpenGL error 'invalid operation' at end of Geometry::drawImplementation().
[01:02:00.371 W] Warning: detected OpenGL error 'invalid operation' at end of Geometry::drawImplementation().
[01:02:00.371 W] Warning: detected OpenGL error 'invalid operation' at end of Geometry::drawImplementation().
[01:02:00.371 W] Warning: detected OpenGL error 'invalid operation' at end of Geometry::drawImplementation().
[01:02:00.371 W] Warning: detected OpenGL error 'invalid operation' at end of Geometry::drawImplementation().
[01:02:00.371 W] Warning: detected OpenGL error 'invalid operation' at end of Geometry::drawImplementation().
[01:02:00.371 W] Warning: detected OpenGL error 'invalid operation' at end of Geometry::drawImplementation().
[01:02:00.371 W] Warning: detected OpenGL error 'invalid operation' at end of Geometry::drawImplementation().
[01:02:00.371 W] Warning: detected OpenGL error 'invalid operation' at end of Geometry::drawImplementation().
[01:02:00.371 W] Warning: detected OpenGL error 'invalid operation' at end of Geometry::drawImplementation().
[01:02:00.371 W] Warning: detected OpenGL error 'invalid operation' at end of Geometry::drawImplementation().
[01:02:00.371 W] Warning: detected OpenGL error 'invalid operation' at end of Geometry::drawImplementation().
[01:02:00.371 W] Warning: detected OpenGL error 'invalid operation' at end of Geometry::drawImplementation().
[01:02:00.371 W] Warning: detected OpenGL error 'invalid operation' at end of Geometry::drawImplementation().
[01:02:00.371 W] Warning: detected OpenGL error 'invalid operation' at end of Geometry::drawImplementation().
[01:02:00.371 W] Warning: detected OpenGL error 'invalid operation' at end of Geometry::drawImplementation().
[01:02:00.371 W] Warning: detected OpenGL error 'invalid operation' at end of Geometry::drawImplementation().
[01:02:00.371 W] Warning: detected OpenGL error 'invalid operation' at end of Geometry::drawImplementation().
[01:02:00.371 W] Warning: detected OpenGL error 'invalid operation' at end of Geometry::drawImplementation().
[01:02:00.371 W] Warning: detected OpenGL error 'invalid operation' at end of Geometry::drawImplementation().
[01:02:00.371 W] Warning: detected OpenGL error 'invalid operation' at end of Geometry::drawImplementation().
[01:02:00.371 W] Warning: detected OpenGL error 'invalid operation' at end of Geometry::drawImplementation().
[01:02:00.371 W] Warning: detected OpenGL error 'invalid operation' at end of Geometry::drawImplementation().
[01:02:00.371 W] Warning: detected OpenGL error 'invalid operation' at end of Geometry::drawImplementation().
[01:02:00.371 W] Warning: detected OpenGL error 'invalid operation' at end of Geometry::drawImplementation().
[01:02:00.371 W] Warning: detected OpenGL error 'invalid operation' at end of Geometry::drawImplementation().
[01:02:00.371 W] Warning: detected OpenGL error 'invalid operation' at end of Geometry::drawImplementation().
[01:02:00.371 W] Warning: detected OpenGL error 'invalid operation' at end of Geometry::drawImplementation().
[01:02:00.371 W] Warning: detected OpenGL error 'invalid operation' at end of Geometry::drawImplementation().
[01:02:00.371 W] Warning: detected OpenGL error 'invalid operation' at end of Geometry::drawImplementation().
[01:02:00.371 W] Warning: detected OpenGL error 'invalid operation' at end of Geometry::drawImplementation().
[01:02:00.371 W] Warning: detected OpenGL error 'invalid operation' at end of Geometry::drawImplementation().
[01:02:00.371 W] Warning: detected OpenGL error 'invalid operation' at end of Geometry::drawImplementation().
[01:02:00.371 W] Warning: detected OpenGL error 'invalid operation' at end of Geometry::drawImplementation().
[01:02:00.371 W] Warning: detected OpenGL error 'invalid operation' at end of Geometry::drawImplementation().
[01:02:00.371 W] Warning: detected OpenGL error 'invalid operation' at end of Geometry::drawImplementation().
[01:02:00.371 W] Warning: detected OpenGL error 'invalid operation' at end of Geometry::drawImplementation().
[01:02:00.371 W] Warning: detected OpenGL error 'invalid operation' at end of Geometry::drawImplementation().
[01:02:00.371 W] Warning: detected OpenGL error 'invalid operation' at end of Geometry::drawImplementation().
[01:02:00.371 W] Warning: detected OpenGL error 'invalid operation' at end of Geometry::drawImplementation().
[01:02:00.371 W] Warning: detected OpenGL error 'invalid operation' at end of Geometry::drawImplementation().
[01:02:00.371 W] Warning: detected OpenGL error 'invalid operation' at end of Geometry::drawImplementation().
[01:02:00.371 W] Warning: detected OpenGL error 'invalid operation' at end of Geometry::drawImplementation().
[01:02:00.371 W] Warning: detected OpenGL error 'invalid operation' at end of Geometry::drawImplementation().
[01:02:00.371 W] Warning: detected OpenGL error 'invalid operation' at end of Geometry::drawImplementation().
[01:02:00.371 W] Warning: detected OpenGL error 'invalid operation' at end of Geometry::drawImplementation().
[01:02:00.371 W] Warning: detected OpenGL error 'invalid operation' at end of Geometry::drawImplementation().
[01:02:00.371 W] Warning: detected OpenGL error 'invalid operation' at end of Geometry::drawImplementation().
[01:02:00.371 W] Warning: detected OpenGL error 'invalid operation' at end of Geometry::drawImplementation().
[01:02:00.371 W] Warning: detected OpenGL error 'invalid operation' at end of Geometry::drawImplementation().
[01:02:00.371 W] Warning: detected OpenGL error 'invalid operation' at end of Geometry::drawImplementation().
[01:02:00.371 W] Warning: detected OpenGL error 'invalid operation' at end of Geometry::drawImplementation().
[01:02:00.371 W] Warning: detected OpenGL error 'invalid operation' at end of Geometry::drawImplementation().
[01:02:00.371 W] Warning: detected OpenGL error 'invalid operation' at end of Geometry::drawImplementation().
[01:02:00.371 W] Warning: detected OpenGL error 'invalid operation' at end of Geometry::drawImplementation().
[01:02:00.371 W] Warning: detected OpenGL error 'invalid operation' at end of Geometry::drawImplementation().
[01:02:00.371 W] Warning: detected OpenGL error 'invalid operation' at end of Geometry::drawImplementation().
[01:02:00.371 W] Warning: detected OpenGL error 'invalid operation' at end of Geometry::drawImplementation().
[01:02:00.371 W] Warning: detected OpenGL error 'invalid operation' at end of Geometry::drawImplementation().
[01:02:00.371 W] Warning: detected OpenGL error 'invalid operation' at end of Geometry::drawImplementation().
[01:02:00.371 W] Warning: detected OpenGL error 'invalid operation' at end of Geometry::drawImplementation().
[01:02:00.371 W] Warning: detected OpenGL error 'invalid operation' at end of Geometry::drawImplementation().
[01:02:00.371 W] Warning: detected OpenGL error 'invalid operation' at end of Geometry::drawImplementation().
[01:02:00.371 W] Warning: detected OpenGL error 'invalid operation' at end of Geometry::drawImplementation().
[01:02:00.371 W] Warning: detected OpenGL error 'invalid operation' at end of Geometry::drawImplementation().
[01:02:00.371 W] Warning: detected OpenGL error 'invalid operation' at end of Geometry::drawImplementation().
[01:02:00.371 W] Warning: detected OpenGL error 'invalid operation' at end of Geometry::drawImplementation().
[01:02:00.371 W] Warning: detected OpenGL error 'invalid operation' at end of Geometry::drawImplementation().
[01:02:00.371 W] Warning: detected OpenGL error 'invalid operation' at end of Geometry::drawImplementation().
[01:02:00.371 W] Warning: detected OpenGL error 'invalid operation' at end of Geometry::drawImplementation().
[01:02:00.371 W] Warning: detected OpenGL error 'invalid operation' at end of Geometry::drawImplementation().
[01:02:00.371 W] Warning: detected OpenGL error 'invalid operation' at end of Geometry::drawImplementation().
[01:02:00.371 W] Warning: detected OpenGL error 'invalid operation' at end of Geometry::drawImplementation().
[01:02:00.371 W] Warning: detected OpenGL error 'invalid operation' at end of Geometry::drawImplementation().
[01:02:00.371 W] Warning: detected OpenGL error 'invalid operation' at end of Geometry::drawImplementation().
[01:02:00.371 W] Warning: detected OpenGL error 'invalid operation' at end of Geometry::drawImplementation().
[01:02:00.371 W] Warning: detected OpenGL error 'invalid operation' at end of Geometry::drawImplementation().
[01:02:00.371 W] Warning: detected OpenGL error 'invalid operation' at end of Geometry::drawImplementation().
[01:02:00.371 W] Warning: detected OpenGL error 'invalid operation' at end of Geometry::drawImplementation().
[01:02:00.371 W] Warning: detected OpenGL error 'invalid operation' at end of Geometry::drawImplementation().
[01:02:00.371 W] Warning: detected OpenGL error 'invalid operation' at end of Geometry::drawImplementation().
[01:02:00.371 W] Warning: detected OpenGL error 'invalid operation' at end of Geometry::drawImplementation().
[01:02:00.371 W] Warning: detected OpenGL error 'invalid operation' at end of Geometry::drawImplementation().
[01:02:00.371 W] Warning: detected OpenGL error 'invalid operation' at end of Geometry::drawImplementation().
[01:02:00.371 W] Warning: detected OpenGL error 'invalid operation' at end of Geometry::drawImplementation().
[01:02:00.371 W] Warning: detected OpenGL error 'invalid operation' at end of Geometry::drawImplementation().
[01:02:00.371 W] Warning: detected OpenGL error 'invalid operation' at end of Geometry::drawImplementation().
[01:02:00.371 W] Warning: detected OpenGL error 'invalid operation' at end of Geometry::drawImplementation().
[01:02:00.371 W] Warning: detected OpenGL error 'invalid operation' at end of Geometry::drawImplementation().
[01:02:00.371 W] Warning: detected OpenGL error 'invalid operation' at end of Geometry::drawImplementation().
[01:02:00.371 W] Warning: detected OpenGL error 'invalid operation' at end of Geometry::drawImplementation().
[01:02:00.371 W] Warning: detected OpenGL error 'invalid operation' at end of Geometry::drawImplementation().
[01:02:00.371 W] Warning: detected OpenGL error 'invalid operation' at end of Geometry::drawImplementation().
[01:02:00.371 W] Warning: detected OpenGL error 'invalid operation' at end of Geometry::drawImplementation().
[01:02:00.371 W] Warning: detected OpenGL error 'invalid operation' at end of Geometry::drawImplementation().
[01:02:00.371 W] Warning: detected OpenGL error 'invalid operation' at end of Geometry::drawImplementation().
[01:02:00.371 W] Warning: detected OpenGL error 'invalid operation' at end of Geometry::drawImplementation().
[01:02:00.371 W] Warning: detected OpenGL error 'invalid operation' at end of Geometry::drawImplementation().
[01:02:00.371 W] Warning: detected OpenGL error 'invalid operation' at end of Geometry::drawImplementation().
[01:02:00.371 W] Warning: detected OpenGL error 'invalid operation' at end of Geometry::drawImplementation().
[01:02:00.371 W] Warning: detected OpenGL error 'invalid operation' at end of Geometry::drawImplementation().
[01:02:00.371 W] Warning: detected OpenGL error 'invalid operation' at end of Geometry::drawImplementation().
[01:02:00.371 W] Warning: detected OpenGL error 'invalid operation' at end of Geometry::drawImplementation().
[01:02:00.371 W] Warning: detected OpenGL error 'invalid operation' at end of Geometry::drawImplementation().
[01:02:00.371 W] Warning: detected OpenGL error 'invalid operation' at end of Geometry::drawImplementation().
[01:02:00.371 W] Warning: detected OpenGL error 'invalid operation' at end of Geometry::drawImplementation().
[01:02:00.371 W] Warning: detected OpenGL error 'invalid operation' at end of Geometry::drawImplementation().
[01:02:00.371 W] Warning: detected OpenGL error 'invalid operation' at end of Geometry::drawImplementation().
[01:02:00.371 W] Warning: detected OpenGL error 'invalid operation' at end of Geometry::drawImplementation().
[01:02:00.371 W] Warning: detected OpenGL error 'invalid operation' at end of Geometry::drawImplementation().
[01:02:00.371 W] Warning: detected OpenGL error 'invalid operation' at end of Geometry::drawImplementation().
[01:02:00.371 W] Warning: detected OpenGL error 'invalid operation' at end of Geometry::drawImplementation().
[01:02:00.371 W] Warning: detected OpenGL error 'invalid operation' at end of Geometry::drawImplementation().
[01:02:00.371 W] Warning: detected OpenGL error 'invalid operation' at end of Geometry::drawImplementation().
[01:02:00.371 W] Warning: detected OpenGL error 'invalid operation' at end of Geometry::drawImplementation().
[01:02:00.371 W] Warning: detected OpenGL error 'invalid operation' at end of Geometry::drawImplementation().
[01:02:00.371 W] Warning: detected OpenGL error 'invalid operation' at end of Geometry::drawImplementation().
[01:02:00.371 W] Warning: detected OpenGL error 'invalid operation' at end of Geometry::drawImplementation().
[01:02:00.371 W] Warning: detected OpenGL error 'invalid operation' at end of Geometry::drawImplementation().
[01:02:00.371 W] Warning: detected OpenGL error 'invalid operation' at end of Geometry::drawImplementation().
[01:02:00.371 W] Warning: detected OpenGL error 'invalid operation' at end of Geometry::drawImplementation().
[01:02:00.371 W] Warning: detected OpenGL error 'invalid operation' at end of Geometry::drawImplementation().
[01:02:00.371 W] Warning: detected OpenGL error 'invalid operation' at end of Geometry::drawImplementation().
[01:02:00.371 W] Warning: detected OpenGL error 'invalid operation' at end of Geometry::drawImplementation().
[01:02:00.371 W] Warning: detected OpenGL error 'invalid operation' at end of Geometry::drawImplementation().
[01:02:00.371 W] Warning: detected OpenGL error 'invalid operation' at end of Geometry::drawImplementation().
[01:02:00.371 W] Warning: detected OpenGL error 'invalid operation' at end of Geometry::drawImplementation().
[01:02:00.371 W] Warning: detected OpenGL error 'invalid operation' at end of Geometry::drawImplementation().
[01:02:00.371 W] Warning: detected OpenGL error 'invalid operation' at end of Geometry::drawImplementation().
[01:02:00.371 W] Warning: detected OpenGL error 'invalid operation' at end of Geometry::drawImplementation().
[01:02:00.371 W] Warning: detected OpenGL error 'invalid operation' at end of Geometry::drawImplementation().
[01:02:00.371 W] Warning: detected OpenGL error 'invalid operation' at end of Geometry::drawImplementation().
[01:02:00.371 W] Warning: detected OpenGL error 'invalid operation' at end of Geometry::drawImplementation().
[01:02:00.371 W] Warning: detected OpenGL error 'invalid operation' at end of Geometry::drawImplementation().
[01:02:00.371 W] Warning: detected OpenGL error 'invalid operation' at end of Geometry::drawImplementation().
[01:02:00.371 W] Warning: detected OpenGL error 'invalid operation' at end of Geometry::drawImplementation().
[01:02:00.371 W] Warning: detected OpenGL error 'invalid operation' at end of Geometry::drawImplementation().
[01:02:00.371 W] Warning: detected OpenGL error 'invalid operation' at end of Geometry::drawImplementation().
[01:02:00.371 W] Warning: detected OpenGL error 'invalid operation' at end of Geometry::drawImplementation().
[01:02:00.371 W] Warning: detected OpenGL error 'invalid operation' at end of Geometry::drawImplementation().
[01:02:00.371 W] Warning: detected OpenGL error 'invalid operation' at end of Geometry::drawImplementation().
[01:02:00.371 W] Warning: detected OpenGL error 'invalid operation' at end of Geometry::drawImplementation().
[01:02:00.371 W] Warning: detected OpenGL error 'invalid operation' at end of Geometry::drawImplementation().
[01:02:00.371 W] Warning: detected OpenGL error 'invalid operation' at end of Geometry::drawImplementation().
[01:02:00.371 W] Warning: detected OpenGL error 'invalid operation' at end of Geometry::drawImplementation().
[01:02:00.371 W] Warning: detected OpenGL error 'invalid operation' at end of Geometry::drawImplementation().
[01:02:00.371 W] Warning: detected OpenGL error 'invalid operation' at end of Geometry::drawImplementation().
[01:02:00.371 W] Warning: detected OpenGL error 'invalid operation' at end of Geometry::drawImplementation().
[01:02:00.371 W] Warning: detected OpenGL error 'invalid operation' at end of Geometry::drawImplementation().
[01:02:00.371 W] Warning: detected OpenGL error 'invalid operation' at end of Geometry::drawImplementation().
[01:02:00.371 W] Warning: detected OpenGL error 'invalid operation' at end of Geometry::drawImplementation().
[01:02:00.371 W] Warning: detected OpenGL error 'invalid operation' at end of Geometry::drawImplementation().
[01:02:00.371 W] Warning: detected OpenGL error 'invalid operation' at end of Geometry::drawImplementation().
[01:02:00.371 W] Warning: detected OpenGL error 'invalid operation' at end of Geometry::drawImplementation().
[01:02:00.371 W] Warning: detected OpenGL error 'invalid operation' at end of Geometry::drawImplementation().
[01:02:00.371 W] Warning: detected OpenGL error 'invalid operation' at end of Geometry::drawImplementation().
[01:02:00.371 W] Warning: detected OpenGL error 'invalid operation' at end of Geometry::drawImplementation().
[01:02:00.371 W] Warning: detected OpenGL error 'invalid operation' at end of Geometry::drawImplementation().
[01:02:00.371 W] Warning: detected OpenGL error 'invalid operation' at end of Geometry::drawImplementation().
[01:02:00.371 W] Warning: detected OpenGL error 'invalid operation' at end of Geometry::drawImplementation().
[01:02:00.371 W] Warning: detected OpenGL error 'invalid operation' at end of Geometry::drawImplementation().
[01:02:00.371 W] Warning: detected OpenGL error 'invalid operation' at end of Geometry::drawImplementation().
[01:02:00.371 W] Warning: detected OpenGL error 'invalid operation' at end of Geometry::drawImplementation().
[01:02:00.371 W] Warning: detected OpenGL error 'invalid operation' at end of Geometry::drawImplementation().
[01:02:00.371 W] Warning: detected OpenGL error 'invalid operation' at end of Geometry::drawImplementation().
[01:02:00.371 W] Warning: detected OpenGL error 'invalid operation' at end of Geometry::drawImplementation().
[01:02:00.371 W] Warning: detected OpenGL error 'invalid operation' at end of Geometry::drawImplementation().
[01:02:00.371 W] Warning: detected OpenGL error 'invalid operation' at end of Geometry::drawImplementation().
[01:02:00.371 W] Warning: detected OpenGL error 'invalid operation' at end of Geometry::drawImplementation().
[01:02:00.371 W] Warning: detected OpenGL error 'invalid operation' at end of Geometry::drawImplementation().
[01:02:00.371 W] Warning: detected OpenGL error 'invalid operation' at end of Geometry::drawImplementation().
[01:02:00.371 W] Warning: detected OpenGL error 'invalid operation' at end of Geometry::drawImplementation().
[01:02:00.371 W] Warning: detected OpenGL error 'invalid operation' at end of Geometry::drawImplementation().
[01:02:00.371 W] Warning: detected OpenGL error 'invalid operation' at end of Geometry::drawImplementation().
[01:02:00.371 W] Warning: detected OpenGL error 'invalid operation' at end of Geometry::drawImplementation().
[01:02:00.372 W] Warning: detected OpenGL error 'invalid operation' at end of Geometry::drawImplementation().
[01:02:00.372 W] Warning: detected OpenGL error 'invalid operation' at end of Geometry::drawImplementation().
[01:02:00.372 W] Warning: detected OpenGL error 'invalid operation' at end of Geometry::drawImplementation().
[01:02:00.372 W] Warning: detected OpenGL error 'invalid operation' at end of Geometry::drawImplementation().
[01:02:00.372 W] Warning: detected OpenGL error 'invalid operation' at end of Geometry::drawImplementation().
[01:02:00.372 W] Warning: detected OpenGL error 'invalid operation' at end of Geometry::drawImplementation().
[01:02:00.372 W] Warning: detected OpenGL error 'invalid operation' at end of Geometry::drawImplementation().
[01:02:00.372 W] Warning: detected OpenGL error 'invalid operation' at end of Geometry::drawImplementation().
[01:02:00.372 W] Warning: detected OpenGL error 'invalid operation' at end of Geometry::drawImplementation().
[01:02:00.372 W] Warning: detected OpenGL error 'invalid operation' at end of Geometry::drawImplementation().
[01:02:00.372 W] Warning: detected OpenGL error 'invalid operation' at end of Geometry::drawImplementation().
[01:02:00.372 W] Warning: detected OpenGL error 'invalid operation' at end of Geometry::drawImplementation().
[01:02:00.372 W] Warning: detected OpenGL error 'invalid operation' at end of Geometry::drawImplementation().
[01:02:00.372 W] Warning: detected OpenGL error 'invalid operation' at end of Geometry::drawImplementation().
[01:02:00.372 W] Warning: detected OpenGL error 'invalid operation' at end of Geometry::drawImplementation().
[01:02:00.372 W] Warning: detected OpenGL error 'invalid operation' at end of Geometry::drawImplementation().
[01:02:00.372 W] Warning: detected OpenGL error 'invalid operation' at end of Geometry::drawImplementation().
[01:02:00.372 W] Warning: detected OpenGL error 'invalid operation' at end of Geometry::drawImplementation().
[01:02:00.372 W] Warning: detected OpenGL error 'invalid operation' at end of Geometry::drawImplementation().
[01:02:00.372 W] Warning: detected OpenGL error 'invalid operation' at end of Geometry::drawImplementation().
[01:02:00.372 W] Warning: detected OpenGL error 'invalid operation' at end of Geometry::drawImplementation().
[01:02:00.372 W] Warning: detected OpenGL error 'invalid operation' at end of Geometry::drawImplementation().
[01:02:00.372 W] Warning: detected OpenGL error 'invalid operation' at end of Geometry::drawImplementation().
[01:02:00.372 W] Warning: detected OpenGL error 'invalid operation' at end of Geometry::drawImplementation().
[01:02:00.372 W] Warning: detected OpenGL error 'invalid operation' at end of Geometry::drawImplementation().
[01:02:00.372 W] Warning: detected OpenGL error 'invalid operation' at end of Geometry::drawImplementation().
[01:02:00.372 W] Warning: detected OpenGL error 'invalid operation' at end of Geometry::drawImplementation().
[01:02:00.372 W] Warning: detected OpenGL error 'invalid operation' at end of Geometry::drawImplementation().
[01:02:00.372 W] Warning: detected OpenGL error 'invalid operation' at end of Geometry::drawImplementation().
[01:02:00.372 W] Warning: detected OpenGL error 'invalid operation' at end of Geometry::drawImplementation().
[01:02:00.372 W] Warning: detected OpenGL error 'invalid operation' at end of Geometry::drawImplementation().
[01:02:00.372 W] Warning: detected OpenGL error 'invalid operation' at end of Geometry::drawImplementation().
[01:02:00.372 W] Warning: detected OpenGL error 'invalid operation' at end of Geometry::drawImplementation().
[01:02:00.372 W] Warning: detected OpenGL error 'invalid operation' at end of Geometry::drawImplementation().
[01:02:00.372 W] Warning: detected OpenGL error 'invalid operation' at end of Geometry::drawImplementation().
[01:02:00.372 W] Warning: detected OpenGL error 'invalid operation' at end of Geometry::drawImplementation().
[01:02:00.372 W] Warning: detected OpenGL error 'invalid operation' at end of Geometry::drawImplementation().
[01:02:00.372 W] Warning: detected OpenGL error 'invalid operation' at end of Geometry::drawImplementation().
[01:02:00.372 W] Warning: detected OpenGL error 'invalid operation' at end of Geometry::drawImplementation().
[01:02:00.372 W] Warning: detected OpenGL error 'invalid operation' at end of Geometry::drawImplementation().
[01:02:00.372 W] Warning: detected OpenGL error 'invalid operation' at end of Geometry::drawImplementation().
[01:02:00.372 W] Warning: detected OpenGL error 'invalid operation' at end of Geometry::drawImplementation().
[01:02:00.372 W] Warning: detected OpenGL error 'invalid operation' at end of Geometry::drawImplementation().
[01:02:00.372 W] Warning: detected OpenGL error 'invalid operation' at end of Geometry::drawImplementation().
[01:02:00.372 W] Warning: detected OpenGL error 'invalid operation' at end of Geometry::drawImplementation().
[01:02:00.372 W] Warning: detected OpenGL error 'invalid operation' at end of Geometry::drawImplementation().
[01:02:00.372 W] Warning: detected OpenGL error 'invalid operation' at end of Geometry::drawImplementation().
[01:02:00.372 W] Warning: detected OpenGL error 'invalid operation' at end of Geometry::drawImplementation().
[01:02:00.372 W] Warning: detected OpenGL error 'invalid operation' at end of Geometry::drawImplementation().
[01:02:00.372 W] Warning: detected OpenGL error 'invalid operation' at end of Geometry::drawImplementation().
[01:02:00.372 W] Warning: detected OpenGL error 'invalid operation' at end of Geometry::drawImplementation().
[01:02:00.372 W] Warning: detected OpenGL error 'invalid operation' at end of Geometry::drawImplementation().
[01:02:00.372 W] Warning: detected OpenGL error 'invalid operation' at end of Geometry::drawImplementation().
[01:02:00.372 W] Warning: detected OpenGL error 'invalid operation' at end of Geometry::drawImplementation().
[01:02:00.372 W] Warning: detected OpenGL error 'invalid operation' at end of Geometry::drawImplementation().
[01:02:00.372 W] Warning: detected OpenGL error 'invalid operation' at end of Geometry::drawImplementation().
[01:02:00.372 W] Warning: detected OpenGL error 'invalid operation' at end of Geometry::drawImplementation().
[01:02:00.372 W] Warning: detected OpenGL error 'invalid operation' at end of Geometry::drawImplementation().
[01:02:00.372 W] Warning: detected OpenGL error 'invalid operation' at end of Geometry::drawImplementation().
[01:02:00.372 W] Warning: detected OpenGL error 'invalid operation' at end of Geometry::drawImplementation().
[01:02:00.372 W] Warning: detected OpenGL error 'invalid operation' at end of Geometry::drawImplementation().
[01:02:00.372 W] Warning: detected OpenGL error 'invalid operation' at end of Geometry::drawImplementation().
[01:02:00.372 W] Warning: detected OpenGL error 'invalid operation' at end of Geometry::drawImplementation().
[01:02:00.372 W] Warning: detected OpenGL error 'invalid operation' at end of Geometry::drawImplementation().
[01:02:00.372 W] Warning: detected OpenGL error 'invalid operation' at end of Geometry::drawImplementation().
[01:02:00.372 W] Warning: detected OpenGL error 'invalid operation' at end of Geometry::drawImplementation().
[01:02:00.372 W] Warning: detected OpenGL error 'invalid operation' at end of Geometry::drawImplementation().
[01:02:00.372 W] Warning: detected OpenGL error 'invalid operation' at end of Geometry::drawImplementation().
[01:02:00.372 W] Warning: detected OpenGL error 'invalid operation' at end of Geometry::drawImplementation().
[01:02:00.372 W] Warning: detected OpenGL error 'invalid operation' at end of Geometry::drawImplementation().
[01:02:00.372 W] Warning: detected OpenGL error 'invalid operation' at end of Geometry::drawImplementation().
[01:02:00.372 W] Warning: detected OpenGL error 'invalid operation' at end of Geometry::drawImplementation().
[01:02:00.372 W] Warning: detected OpenGL error 'invalid operation' at end of Geometry::drawImplementation().
[01:02:00.372 W] Warning: detected OpenGL error 'invalid operation' at end of Geometry::drawImplementation().
[01:02:00.372 W] Warning: detected OpenGL error 'invalid operation' at end of Geometry::drawImplementation().
[01:02:00.372 W] Warning: detected OpenGL error 'invalid operation' at end of Geometry::drawImplementation().
[01:02:00.372 W] Warning: detected OpenGL error 'invalid operation' at end of Geometry::drawImplementation().
[01:02:00.372 W] Warning: detected OpenGL error 'invalid operation' at end of Geometry::drawImplementation().
[01:02:00.372 W] Warning: detected OpenGL error 'invalid operation' at end of Geometry::drawImplementation().
[01:02:00.372 W] Warning: detected OpenGL error 'invalid operation' at end of Geometry::drawImplementation().
[01:02:00.372 W] Warning: detected OpenGL error 'invalid operation' at end of Geometry::drawImplementation().
[01:02:00.372 W] Warning: detected OpenGL error 'invalid operation' at end of Geometry::drawImplementation().
[01:02:00.372 W] Warning: detected OpenGL error 'invalid operation' at end of Geometry::drawImplementation().
[01:02:00.372 W] Warning: detected OpenGL error 'invalid operation' at end of Geometry::drawImplementation().
[01:02:00.372 W] Warning: detected OpenGL error 'invalid operation' at end of Geometry::drawImplementation().
[01:02:00.372 W] Warning: detected OpenGL error 'invalid operation' at end of Geometry::drawImplementation().
[01:02:00.372 W] Warning: detected OpenGL error 'invalid operation' at end of Geometry::drawImplementation().
[01:02:00.372 W] Warning: detected OpenGL error 'invalid operation' at end of Geometry::drawImplementation().
[01:02:00.372 W] Warning: detected OpenGL error 'invalid operation' at end of Geometry::drawImplementation().
[01:02:00.372 W] Warning: detected OpenGL error 'invalid operation' at end of Geometry::drawImplementation().
[01:02:00.372 W] Warning: detected OpenGL error 'invalid operation' at end of Geometry::drawImplementation().
[01:02:00.372 W] Warning: detected OpenGL error 'invalid operation' at end of Geometry::drawImplementation().
[01:02:00.372 W] Warning: detected OpenGL error 'invalid operation' at end of Geometry::drawImplementation().
[01:02:00.372 W] Warning: detected OpenGL error 'invalid operation' at end of Geometry::drawImplementation().
[01:02:00.372 W] Warning: detected OpenGL error 'invalid operation' at end of Geometry::drawImplementation().
[01:02:00.372 W] Warning: detected OpenGL error 'invalid operation' at end of Geometry::drawImplementation().
[01:02:00.372 W] Warning: detected OpenGL error 'invalid operation' at end of Geometry::drawImplementation().
[01:02:00.372 W] Warning: detected OpenGL error 'invalid operation' at end of Geometry::drawImplementation().
[01:02:00.372 W] Warning: detected OpenGL error 'invalid operation' at end of Geometry::drawImplementation().
[01:02:00.372 W] Warning: detected OpenGL error 'invalid operation' at end of Geometry::drawImplementation().
[01:02:00.372 W] Warning: detected OpenGL error 'invalid operation' at end of Geometry::drawImplementation().
[01:02:00.372 W] Warning: detected OpenGL error 'invalid operation' at end of Geometry::drawImplementation().
[01:02:00.372 W] Warning: detected OpenGL error 'invalid operation' at end of Geometry::drawImplementation().
[01:02:00.372 W] Warning: detected OpenGL error 'invalid operation' at end of Geometry::drawImplementation().
[01:02:00.372 W] Warning: detected OpenGL error 'invalid operation' at end of Geometry::drawImplementation().
[01:02:00.372 W] Warning: detected OpenGL error 'invalid operation' at end of Geometry::drawImplementation().
[01:02:00.372 W] Warning: detected OpenGL error 'invalid operation' at end of Geometry::drawImplementation().
[01:02:00.372 W] Warning: detected OpenGL error 'invalid operation' at end of Geometry::drawImplementation().
[01:02:00.372 W] Warning: detected OpenGL error 'invalid operation' at end of Geometry::drawImplementation().
[01:02:00.372 W] Warning: detected OpenGL error 'invalid operation' at end of Geometry::drawImplementation().
[01:02:00.372 W] Warning: detected OpenGL error 'invalid operation' at end of Geometry::drawImplementation().
[01:02:00.372 W] Warning: detected OpenGL error 'invalid operation' at end of Geometry::drawImplementation().
[01:02:00.372 W] Warning: detected OpenGL error 'invalid operation' at end of Geometry::drawImplementation().
[01:02:00.372 W] Warning: detected OpenGL error 'invalid operation' at end of Geometry::drawImplementation().
[01:02:00.372 W] Warning: detected OpenGL error 'invalid operation' at end of Geometry::drawImplementation().
[01:02:00.372 W] Warning: detected OpenGL error 'invalid operation' at end of Geometry::drawImplementation().
[01:02:00.372 W] Warning: detected OpenGL error 'invalid operation' at end of Geometry::drawImplementation().
[01:02:00.372 W] Warning: detected OpenGL error 'invalid operation' at end of Geometry::drawImplementation().
[01:02:00.372 W] Warning: detected OpenGL error 'invalid operation' at end of Geometry::drawImplementation().
[01:02:00.372 W] Warning: detected OpenGL error 'invalid operation' at end of Geometry::drawImplementation().
[01:02:00.372 W] Warning: detected OpenGL error 'invalid operation' at end of Geometry::drawImplementation().
[01:02:00.372 W] Warning: detected OpenGL error 'invalid operation' at end of Geometry::drawImplementation().
[01:02:00.372 W] Warning: detected OpenGL error 'invalid operation' at end of Geometry::drawImplementation().
[01:02:00.372 W] Warning: detected OpenGL error 'invalid operation' at end of Geometry::drawImplementation().
[01:02:00.372 W] Warning: detected OpenGL error 'invalid operation' at end of Geometry::drawImplementation().
[01:02:00.372 W] Warning: detected OpenGL error 'invalid operation' at end of Geometry::drawImplementation().
[01:02:00.372 W] Warning: detected OpenGL error 'invalid operation' at end of Geometry::drawImplementation().
[01:02:00.372 W] Warning: detected OpenGL error 'invalid operation' at end of Geometry::drawImplementation().
[01:02:00.372 W] Warning: detected OpenGL error 'invalid operation' at end of Geometry::drawImplementation().
[01:02:00.372 W] Warning: detected OpenGL error 'invalid operation' at end of Geometry::drawImplementation().
[01:02:00.372 W] Warning: detected OpenGL error 'invalid operation' at end of Geometry::drawImplementation().
[01:02:00.372 W] Warning: detected OpenGL error 'invalid operation' at end of Geometry::drawImplementation().
[01:02:00.372 W] Warning: detected OpenGL error 'invalid operation' at end of Geometry::drawImplementation().
[01:02:00.372 W] Warning: detected OpenGL error 'invalid operation' at end of Geometry::drawImplementation().
[01:02:00.372 W] Warning: detected OpenGL error 'invalid operation' at end of Geometry::drawImplementation().
[01:02:00.372 W] Warning: detected OpenGL error 'invalid operation' at end of Geometry::drawImplementation().
[01:02:00.372 W] Warning: detected OpenGL error 'invalid operation' at end of Geometry::drawImplementation().
[01:02:00.372 W] Warning: detected OpenGL error 'invalid operation' at end of Geometry::drawImplementation().
[01:02:00.372 W] Warning: detected OpenGL error 'invalid operation' at end of Geometry::drawImplementation().
[01:02:00.372 W] Warning: detected OpenGL error 'invalid operation' at end of Geometry::drawImplementation().
[01:02:00.372 W] Warning: detected OpenGL error 'invalid operation' at end of Geometry::drawImplementation().
[01:02:00.372 W] Warning: detected OpenGL error 'invalid operation' at end of Geometry::drawImplementation().
[01:02:00.372 W] Warning: detected OpenGL error 'invalid operation' at end of Geometry::drawImplementation().
[01:02:00.372 W] Warning: detected OpenGL error 'invalid operation' at end of Geometry::drawImplementation().
[01:02:00.372 W] Warning: detected OpenGL error 'invalid operation' at end of Geometry::drawImplementation().
[01:02:00.372 W] Warning: detected OpenGL error 'invalid operation' at end of Geometry::drawImplementation().
[01:02:00.372 W] Warning: detected OpenGL error 'invalid operation' at end of Geometry::drawImplementation().
[01:02:00.372 W] Warning: detected OpenGL error 'invalid operation' at end of Geometry::drawImplementation().
[01:02:00.372 W] Warning: detected OpenGL error 'invalid operation' at end of Geometry::drawImplementation().
[01:02:00.372 W] Warning: detected OpenGL error 'invalid operation' at end of Geometry::drawImplementation().
[01:02:00.372 W] Warning: detected OpenGL error 'invalid operation' at end of Geometry::drawImplementation().
[01:02:00.372 W] Warning: detected OpenGL error 'invalid operation' at end of Geometry::drawImplementation().
[01:02:00.372 W] Warning: detected OpenGL error 'invalid operation' at end of Geometry::drawImplementation().
[01:02:00.372 W] Warning: detected OpenGL error 'invalid operation' at end of Geometry::drawImplementation().
[01:02:00.372 W] Warning: detected OpenGL error 'invalid operation' at end of Geometry::drawImplementation().
[01:02:00.372 W] Warning: detected OpenGL error 'invalid operation' at end of Geometry::drawImplementation().
[01:02:00.372 W] Warning: detected OpenGL error 'invalid operation' at end of Geometry::drawImplementation().
[01:02:00.372 W] Warning: detected OpenGL error 'invalid operation' at end of Geometry::drawImplementation().
[01:02:00.372 W] Warning: detected OpenGL error 'invalid operation' at end of Geometry::drawImplementation().
[01:02:00.372 W] Warning: detected OpenGL error 'invalid operation' at end of Geometry::drawImplementation().
[01:02:00.372 W] Warning: detected OpenGL error 'invalid operation' at end of Geometry::drawImplementation().
[01:02:00.372 W] Warning: detected OpenGL error 'invalid operation' at end of Geometry::drawImplementation().
[01:02:00.372 W] Warning: detected OpenGL error 'invalid operation' at end of Geometry::drawImplementation().
[01:02:00.372 W] Warning: detected OpenGL error 'invalid operation' at end of Geometry::drawImplementation().
[01:02:00.372 W] Warning: detected OpenGL error 'invalid operation' at end of Geometry::drawImplementation().
[01:02:00.372 W] Warning: detected OpenGL error 'invalid operation' at end of Geometry::drawImplementation().
[01:02:00.372 W] Warning: detected OpenGL error 'invalid operation' at end of Geometry::drawImplementation().
[01:02:00.372 W] Warning: detected OpenGL error 'invalid operation' at end of Geometry::drawImplementation().
[01:02:00.372 W] Warning: detected OpenGL error 'invalid operation' at end of Geometry::drawImplementation().
[01:02:00.372 W] Warning: detected OpenGL error 'invalid operation' at end of Geometry::drawImplementation().
[01:02:00.372 W] Warning: detected OpenGL error 'invalid operation' at end of Geometry::drawImplementation().
[01:02:00.372 W] Warning: detected OpenGL error 'invalid operation' at end of Geometry::drawImplementation().
[01:02:00.372 W] Warning: detected OpenGL error 'invalid operation' at end of Geometry::drawImplementation().
[01:02:00.372 W] Warning: detected OpenGL error 'invalid operation' at end of Geometry::drawImplementation().
[01:02:00.372 W] Warning: detected OpenGL error 'invalid operation' at end of Geometry::drawImplementation().
[01:02:00.372 W] Warning: detected OpenGL error 'invalid operation' at end of Geometry::drawImplementation().
[01:02:00.372 W] Warning: detected OpenGL error 'invalid operation' at end of Geometry::drawImplementation().
[01:02:00.373 W] Warning: detected OpenGL error 'invalid operation' at end of Geometry::drawImplementation().
[01:02:00.373 W] Warning: detected OpenGL error 'invalid operation' at end of Geometry::drawImplementation().
[01:02:00.373 W] Warning: detected OpenGL error 'invalid operation' at end of Geometry::drawImplementation().
[01:02:00.373 W] Warning: detected OpenGL error 'invalid operation' at end of Geometry::drawImplementation().
[01:02:00.373 W] Warning: detected OpenGL error 'invalid operation' at end of Geometry::drawImplementation().
[01:02:00.373 W] Warning: detected OpenGL error 'invalid operation' at end of Geometry::drawImplementation().
[01:02:00.373 W] Warning: detected OpenGL error 'invalid operation' at end of Geometry::drawImplementation().
[01:02:00.373 W] Warning: detected OpenGL error 'invalid operation' at end of Geometry::drawImplementation().
[01:02:00.373 W] Warning: detected OpenGL error 'invalid operation' at end of Geometry::drawImplementation().
[01:02:00.373 W] Warning: detected OpenGL error 'invalid operation' at end of Geometry::drawImplementation().
[01:02:00.373 W] Warning: detected OpenGL error 'invalid operation' at end of Geometry::drawImplementation().
[01:02:00.373 W] Warning: detected OpenGL error 'invalid operation' at end of Geometry::drawImplementation().
[01:02:00.373 W] Warning: detected OpenGL error 'invalid operation' at end of Geometry::drawImplementation().
[01:02:00.373 W] Warning: detected OpenGL error 'invalid operation' at end of Geometry::drawImplementation().
[01:02:00.373 W] Warning: detected OpenGL error 'invalid operation' at end of Geometry::drawImplementation().
[01:02:00.373 W] Warning: detected OpenGL error 'invalid operation' at end of Geometry::drawImplementation().
[01:02:00.373 W] Warning: detected OpenGL error 'invalid operation' at end of Geometry::drawImplementation().
[01:02:00.373 W] Warning: detected OpenGL error 'invalid operation' at end of Geometry::drawImplementation().
[01:02:00.373 W] Warning: detected OpenGL error 'invalid operation' at end of Geometry::drawImplementation().
[01:02:00.373 W] Warning: detected OpenGL error 'invalid operation' at end of Geometry::drawImplementation().
[01:02:00.373 W] Warning: detected OpenGL error 'invalid operation' at end of Geometry::drawImplementation().
[01:02:00.373 W] Warning: detected OpenGL error 'invalid operation' at end of Geometry::drawImplementation().
[01:02:00.373 W] Warning: detected OpenGL error 'invalid operation' at end of Geometry::drawImplementation().
[01:02:00.373 W] Warning: detected OpenGL error 'invalid operation' at end of Geometry::drawImplementation().
[01:02:00.373 W] Warning: detected OpenGL error 'invalid operation' at end of Geometry::drawImplementation().
[01:02:00.373 W] Warning: detected OpenGL error 'invalid operation' at end of Geometry::drawImplementation().
[01:02:00.373 W] Warning: detected OpenGL error 'invalid operation' at end of Geometry::drawImplementation().
[01:02:00.373 W] Warning: detected OpenGL error 'invalid operation' at end of Geometry::drawImplementation().
[01:02:00.373 W] Warning: detected OpenGL error 'invalid operation' at end of Geometry::drawImplementation().
[01:02:00.373 W] Warning: detected OpenGL error 'invalid operation' at end of Geometry::drawImplementation().
[01:02:00.373 W] Warning: detected OpenGL error 'invalid operation' at end of Geometry::drawImplementation().
[01:02:00.373 W] Warning: detected OpenGL error 'invalid operation' at end of Geometry::drawImplementation().
[01:02:00.373 W] Warning: detected OpenGL error 'invalid operation' at end of Geometry::drawImplementation().
[01:02:00.373 W] Warning: detected OpenGL error 'invalid operation' at end of Geometry::drawImplementation().
[01:02:00.373 W] Warning: detected OpenGL error 'invalid operation' at end of Geometry::drawImplementation().
[01:02:00.373 W] Warning: detected OpenGL error 'invalid operation' at end of Geometry::drawImplementation().
[01:02:00.373 W] Warning: detected OpenGL error 'invalid operation' at end of Geometry::drawImplementation().
[01:02:00.373 W] Warning: detected OpenGL error 'invalid operation' at end of Geometry::drawImplementation().
[01:02:00.373 W] Warning: detected OpenGL error 'invalid operation' at end of Geometry::drawImplementation().
[01:02:00.373 W] Warning: detected OpenGL error 'invalid operation' at end of Geometry::drawImplementation().
[01:02:00.373 W] Warning: detected OpenGL error 'invalid operation' at end of Geometry::drawImplementation().
[01:02:00.373 W] Warning: detected OpenGL error 'invalid operation' at end of Geometry::drawImplementation().
[01:02:00.373 W] Warning: detected OpenGL error 'invalid operation' at end of Geometry::drawImplementation().
[01:02:00.373 W] Warning: detected OpenGL error 'invalid operation' at end of Geometry::drawImplementation().
[01:02:00.373 W] Warning: detected OpenGL error 'invalid operation' at end of Geometry::drawImplementation().
[01:02:00.373 W] Warning: detected OpenGL error 'invalid operation' at end of Geometry::drawImplementation().
[01:02:00.373 W] Warning: detected OpenGL error 'invalid operation' at end of Geometry::drawImplementation().
[01:02:00.373 W] Warning: detected OpenGL error 'invalid operation' at end of Geometry::drawImplementation().
[01:02:00.373 W] Warning: detected OpenGL error 'invalid operation' at end of Geometry::drawImplementation().
[01:02:00.373 W] Warning: detected OpenGL error 'invalid operation' at end of Geometry::drawImplementation().
[01:02:00.373 W] Warning: detected OpenGL error 'invalid operation' at end of Geometry::drawImplementation().
[01:02:00.373 W] Warning: detected OpenGL error 'invalid operation' at end of Geometry::drawImplementation().
[01:02:00.373 W] Warning: detected OpenGL error 'invalid operation' at end of Geometry::drawImplementation().
[01:02:00.373 W] Warning: detected OpenGL error 'invalid operation' at end of Geometry::drawImplementation().
[01:02:00.373 W] Warning: detected OpenGL error 'invalid operation' at end of Geometry::drawImplementation().
[01:02:00.373 W] Warning: detected OpenGL error 'invalid operation' at end of Geometry::drawImplementation().
[01:02:00.373 W] Warning: detected OpenGL error 'invalid operation' at end of Geometry::drawImplementation().
[01:02:00.373 W] Warning: detected OpenGL error 'invalid operation' at end of Geometry::drawImplementation().
[01:02:00.373 W] Warning: detected OpenGL error 'invalid operation' at end of Geometry::drawImplementation().
[01:02:00.373 W] Warning: detected OpenGL error 'invalid operation' at end of Geometry::drawImplementation().
[01:02:00.373 W] Warning: detected OpenGL error 'invalid operation' at end of Geometry::drawImplementation().
[01:02:00.373 W] Warning: detected OpenGL error 'invalid operation' at end of Geometry::drawImplementation().
[01:02:00.373 W] Warning: detected OpenGL error 'invalid operation' at end of Geometry::drawImplementation().
[01:02:00.373 W] Warning: detected OpenGL error 'invalid operation' at end of Geometry::drawImplementation().
[01:02:00.373 W] Warning: detected OpenGL error 'invalid operation' at end of Geometry::drawImplementation().
[01:02:00.373 W] Warning: detected OpenGL error 'invalid operation' at end of Geometry::drawImplementation().
[01:02:00.373 W] Warning: detected OpenGL error 'invalid operation' at end of Geometry::drawImplementation().
[01:02:00.373 W] Warning: detected OpenGL error 'invalid operation' at end of Geometry::drawImplementation().
[01:02:00.373 W] Warning: detected OpenGL error 'invalid operation' at end of Geometry::drawImplementation().
[01:02:00.373 W] Warning: detected OpenGL error 'invalid operation' at end of Geometry::drawImplementation().
[01:02:00.373 W] Warning: detected OpenGL error 'invalid operation' at end of Geometry::drawImplementation().
[01:02:00.373 W] Warning: detected OpenGL error 'invalid operation' at end of Geometry::drawImplementation().
[01:02:00.373 W] Warning: detected OpenGL error 'invalid operation' at end of Geometry::drawImplementation().
[01:02:00.373 W] Warning: detected OpenGL error 'invalid operation' at end of Geometry::drawImplementation().
[01:02:00.373 W] Warning: detected OpenGL error 'invalid operation' at end of Geometry::drawImplementation().
[01:02:00.373 W] Warning: detected OpenGL error 'invalid operation' at end of Geometry::drawImplementation().
[01:02:00.373 W] Warning: detected OpenGL error 'invalid operation' at end of Geometry::drawImplementation().
[01:02:00.373 W] Warning: detected OpenGL error 'invalid operation' at end of Geometry::drawImplementation().
[01:02:00.373 W] Warning: detected OpenGL error 'invalid operation' at end of Geometry::drawImplementation().
[01:02:00.373 W] Warning: detected OpenGL error 'invalid operation' at end of Geometry::drawImplementation().
[01:02:00.373 W] Warning: detected OpenGL error 'invalid operation' at end of Geometry::drawImplementation().
[01:02:00.373 W] Warning: detected OpenGL error 'invalid operation' at end of Geometry::drawImplementation().
[01:02:00.373 W] Warning: detected OpenGL error 'invalid operation' at end of Geometry::drawImplementation().
[01:02:00.373 W] Warning: detected OpenGL error 'invalid operation' at end of Geometry::drawImplementation().
[01:02:00.373 W] Warning: detected OpenGL error 'invalid operation' at end of Geometry::drawImplementation().
[01:02:00.373 W] Warning: detected OpenGL error 'invalid operation' at end of Geometry::drawImplementation().
[01:02:00.373 W] Warning: detected OpenGL error 'invalid operation' at end of Geometry::drawImplementation().
[01:02:00.373 W] Warning: detected OpenGL error 'invalid operation' at end of Geometry::drawImplementation().
[01:02:00.373 W] Warning: detected OpenGL error 'invalid operation' at end of Geometry::drawImplementation().
[01:02:00.373 W] Warning: detected OpenGL error 'invalid operation' at end of Geometry::drawImplementation().
[01:02:00.373 W] Warning: detected OpenGL error 'invalid operation' at end of Geometry::drawImplementation().
[01:02:00.373 W] Warning: detected OpenGL error 'invalid operation' at end of Geometry::drawImplementation().
[01:02:00.373 W] Warning: detected OpenGL error 'invalid operation' at end of Geometry::drawImplementation().
[01:02:00.373 W] Warning: detected OpenGL error 'invalid operation' at end of Geometry::drawImplementation().
[01:02:00.373 W] Warning: detected OpenGL error 'invalid operation' at end of Geometry::drawImplementation().
[01:02:00.373 W] Warning: detected OpenGL error 'invalid operation' at end of Geometry::drawImplementation().
[01:02:00.373 W] Warning: detected OpenGL error 'invalid operation' at end of Geometry::drawImplementation().
[01:02:00.373 W] Warning: detected OpenGL error 'invalid operation' at end of Geometry::drawImplementation().
[01:02:00.373 W] Warning: detected OpenGL error 'invalid operation' at end of Geometry::drawImplementation().
[01:02:00.373 W] Warning: detected OpenGL error 'invalid operation' at end of Geometry::drawImplementation().
[01:02:00.373 W] Warning: detected OpenGL error 'invalid operation' at end of Geometry::drawImplementation().
[01:02:00.379 W] Warning: detected OpenGL error 'invalid operation' at end of Geometry::drawImplementation().
[01:02:00.379 W] Warning: detected OpenGL error 'invalid operation' at end of Geometry::drawImplementation().
[01:02:00.379 W] Warning: detected OpenGL error 'invalid operation' at end of Geometry::drawImplementation().
[01:02:00.379 W] Warning: detected OpenGL error 'invalid operation' at end of Geometry::drawImplementation().
[01:02:00.380 W] Warning: detected OpenGL error 'invalid operation' at end of Geometry::drawImplementation().
[01:02:00.380 W] Warning: detected OpenGL error 'invalid operation' at end of Geometry::drawImplementation().
[01:02:00.380 W] Warning: detected OpenGL error 'invalid operation' at end of Geometry::drawImplementation().
[01:02:00.380 W] Warning: detected OpenGL error 'invalid operation' at end of Geometry::drawImplementation().
[01:02:00.380 W] Warning: detected OpenGL error 'invalid operation' at end of Geometry::drawImplementation().
[01:02:00.380 W] Warning: detected OpenGL error 'invalid operation' at end of Geometry::drawImplementation().
[01:02:00.380 W] Warning: detected OpenGL error 'invalid operation' at end of Geometry::drawImplementation().
[01:02:00.380 W] Warning: detected OpenGL error 'invalid operation' at end of Geometry::drawImplementation().
[01:02:00.380 W] Warning: detected OpenGL error 'invalid operation' at end of Geometry::drawImplementation().
[01:02:00.380 W] Warning: detected OpenGL error 'invalid operation' at end of Geometry::drawImplementation().
[01:02:00.380 W] Warning: detected OpenGL error 'invalid operation' at end of Geometry::drawImplementation().
[01:02:00.380 W] Warning: detected OpenGL error 'invalid operation' at end of Geometry::drawImplementation().
[01:02:00.380 W] Warning: detected OpenGL error 'invalid operation' at end of Geometry::drawImplementation().
[01:02:00.380 W] Warning: detected OpenGL error 'invalid operation' at end of Geometry::drawImplementation().
[01:02:00.380 W] Warning: detected OpenGL error 'invalid operation' at end of Geometry::drawImplementation().
[01:02:00.380 W] Warning: detected OpenGL error 'invalid operation' at end of Geometry::drawImplementation().
[01:02:00.380 W] Warning: detected OpenGL error 'invalid operation' at end of Geometry::drawImplementation().
[01:02:00.380 W] Warning: detected OpenGL error 'invalid operation' at end of Geometry::drawImplementation().
[01:02:00.380 W] Warning: detected OpenGL error 'invalid operation' at end of Geometry::drawImplementation().
[01:02:00.380 W] Warning: detected OpenGL error 'invalid operation' at end of Geometry::drawImplementation().
[01:02:00.380 W] Warning: detected OpenGL error 'invalid operation' at end of Geometry::drawImplementation().
[01:02:00.380 W] Warning: detected OpenGL error 'invalid operation' at end of Geometry::drawImplementation().
[01:02:00.380 W] Warning: detected OpenGL error 'invalid operation' at end of Geometry::drawImplementation().
[01:02:00.380 W] Warning: detected OpenGL error 'invalid operation' at end of Geometry::drawImplementation().
[01:02:00.380 W] Warning: detected OpenGL error 'invalid operation' at end of Geometry::drawImplementation().
[01:02:00.380 W] Warning: detected OpenGL error 'invalid operation' at end of Geometry::drawImplementation().
[01:02:00.380 W] Warning: detected OpenGL error 'invalid operation' at end of Geometry::drawImplementation().
[01:02:00.380 W] Warning: detected OpenGL error 'invalid operation' at end of Geometry::drawImplementation().
[01:02:00.380 W] Warning: detected OpenGL error 'invalid operation' at end of Geometry::drawImplementation().
[01:02:00.380 W] Warning: detected OpenGL error 'invalid operation' at end of Geometry::drawImplementation().
[01:02:00.380 W] Warning: detected OpenGL error 'invalid operation' at end of Geometry::drawImplementation().
[01:02:00.380 W] Warning: detected OpenGL error 'invalid operation' at end of Geometry::drawImplementation().
[01:02:00.380 W] Warning: detected OpenGL error 'invalid operation' at end of Geometry::drawImplementation().
[01:02:00.380 W] Warning: detected OpenGL error 'invalid operation' at end of Geometry::drawImplementation().
[01:02:00.380 W] Warning: detected OpenGL error 'invalid operation' at end of Geometry::drawImplementation().
[01:02:00.380 W] Warning: detected OpenGL error 'invalid operation' at end of Geometry::drawImplementation().
[01:02:00.380 W] Warning: detected OpenGL error 'invalid operation' at end of Geometry::drawImplementation().
[01:02:00.380 W] Warning: detected OpenGL error 'invalid operation' at end of Geometry::drawImplementation().
[01:02:00.380 W] Warning: detected OpenGL error 'invalid operation' at end of Geometry::drawImplementation().
[01:02:00.380 W] Warning: detected OpenGL error 'invalid operation' at end of Geometry::drawImplementation().
[01:02:00.380 W] Warning: detected OpenGL error 'invalid operation' at end of Geometry::drawImplementation().
[01:02:00.380 W] Warning: detected OpenGL error 'invalid operation' at end of Geometry::drawImplementation().
[01:02:00.380 W] Warning: detected OpenGL error 'invalid operation' at end of Geometry::drawImplementation().
[01:02:00.380 W] Warning: detected OpenGL error 'invalid operation' at end of Geometry::drawImplementation().
[01:02:00.380 W] Warning: detected OpenGL error 'invalid operation' at end of Geometry::drawImplementation().
[01:02:00.380 W] Warning: detected OpenGL error 'invalid operation' at end of Geometry::drawImplementation().
[01:02:00.380 W] Warning: detected OpenGL error 'invalid operation' at end of Geometry::drawImplementation().
[01:02:00.380 W] Warning: detected OpenGL error 'invalid operation' at end of Geometry::drawImplementation().
[01:02:00.380 W] Warning: detected OpenGL error 'invalid operation' at end of Geometry::drawImplementation().
[01:02:00.380 W] Warning: detected OpenGL error 'invalid operation' at end of Geometry::drawImplementation().
[01:02:00.380 W] Warning: detected OpenGL error 'invalid operation' at end of Geometry::drawImplementation().
[01:02:00.380 W] Warning: detected OpenGL error 'invalid operation' at end of Geometry::drawImplementation().
[01:02:00.380 W] Warning: detected OpenGL error 'invalid operation' at end of Geometry::drawImplementation().
[01:02:00.380 W] Warning: detected OpenGL error 'invalid operation' at end of Geometry::drawImplementation().
[01:02:00.380 W] Warning: detected OpenGL error 'invalid operation' at end of Geometry::drawImplementation().
[01:02:00.380 W] Warning: detected OpenGL error 'invalid operation' at end of Geometry::drawImplementation().
[01:02:00.380 W] Warning: detected OpenGL error 'invalid operation' at end of Geometry::drawImplementation().
[01:02:00.380 W] Warning: detected OpenGL error 'invalid operation' at end of Geometry::drawImplementation().
[01:02:00.380 W] Warning: detected OpenGL error 'invalid operation' at end of Geometry::drawImplementation().
[01:02:00.380 W] Warning: detected OpenGL error 'invalid operation' at end of Geometry::drawImplementation().
[01:02:00.380 W] Warning: detected OpenGL error 'invalid operation' at end of Geometry::drawImplementation().
[01:02:00.380 W] Warning: detected OpenGL error 'invalid operation' at end of Geometry::drawImplementation().
[01:02:00.380 W] Warning: detected OpenGL error 'invalid operation' at end of Geometry::drawImplementation().
[01:02:00.380 W] Warning: detected OpenGL error 'invalid operation' at end of Geometry::drawImplementation().
[01:02:00.380 W] Warning: detected OpenGL error 'invalid operation' at end of Geometry::drawImplementation().
[01:02:00.380 W] Warning: detected OpenGL error 'invalid operation' at end of Geometry::drawImplementation().
[01:02:00.380 W] Warning: detected OpenGL error 'invalid operation' at end of Geometry::drawImplementation().
[01:02:00.380 W] Warning: detected OpenGL error 'invalid operation' at end of Geometry::drawImplementation().
[01:02:00.380 W] Warning: detected OpenGL error 'invalid operation' at end of Geometry::drawImplementation().
[01:02:00.380 W] Warning: detected OpenGL error 'invalid operation' at end of Geometry::drawImplementation().
[01:02:00.380 W] Warning: detected OpenGL error 'invalid operation' at end of Geometry::drawImplementation().
[01:02:00.380 W] Warning: detected OpenGL error 'invalid operation' at end of Geometry::drawImplementation().
[01:02:00.381 W] Warning: detected OpenGL error 'invalid operation' at end of Geometry::drawImplementation().
[01:02:00.381 W] Warning: detected OpenGL error 'invalid operation' at end of Geometry::drawImplementation().
[01:02:00.381 W] Warning: detected OpenGL error 'invalid operation' at end of Geometry::drawImplementation().
[01:02:00.381 W] Warning: detected OpenGL error 'invalid operation' at end of Geometry::drawImplementation().
[01:02:00.381 W] Warning: detected OpenGL error 'invalid operation' at end of Geometry::drawImplementation().
[01:02:00.381 W] Warning: detected OpenGL error 'invalid operation' at end of Geometry::drawImplementation().
[01:02:00.381 W] Warning: detected OpenGL error 'invalid operation' at end of Geometry::drawImplementation().
[01:02:00.381 W] Warning: detected OpenGL error 'invalid operation' at end of Geometry::drawImplementation().
[01:02:00.381 W] Warning: detected OpenGL error 'invalid operation' at end of Geometry::drawImplementation().
[01:02:00.381 W] Warning: detected OpenGL error 'invalid operation' at end of Geometry::drawImplementation().
[01:02:00.381 W] Warning: detected OpenGL error 'invalid operation' at end of Geometry::drawImplementation().
[01:02:00.381 W] Warning: detected OpenGL error 'invalid operation' at end of Geometry::drawImplementation().
[01:02:00.381 W] Warning: detected OpenGL error 'invalid operation' at end of Geometry::drawImplementation().
[01:02:00.381 W] Warning: detected OpenGL error 'invalid operation' at end of Geometry::drawImplementation().
[01:02:00.381 W] Warning: detected OpenGL error 'invalid operation' at end of Geometry::drawImplementation().
[01:02:00.381 W] Warning: detected OpenGL error 'invalid operation' at end of Geometry::drawImplementation().
[01:02:00.381 W] Warning: detected OpenGL error 'invalid operation' at end of Geometry::drawImplementation().
[01:02:00.381 W] Warning: detected OpenGL error 'invalid operation' at end of Geometry::drawImplementation().
[01:02:00.381 W] Warning: detected OpenGL error 'invalid operation' at end of Geometry::drawImplementation().
[01:02:00.381 W] Warning: detected OpenGL error 'invalid operation' at end of Geometry::drawImplementation().
[01:02:00.381 W] Warning: detected OpenGL error 'invalid operation' at end of Geometry::drawImplementation().
[01:02:00.381 W] Warning: detected OpenGL error 'invalid operation' at end of Geometry::drawImplementation().
[01:02:00.381 W] Warning: detected OpenGL error 'invalid operation' at end of Geometry::drawImplementation().
[01:02:00.381 W] Warning: detected OpenGL error 'invalid operation' at end of Geometry::drawImplementation().
[01:02:00.381 W] Warning: detected OpenGL error 'invalid operation' at end of Geometry::drawImplementation().
[01:02:00.381 W] Warning: detected OpenGL error 'invalid operation' at end of Geometry::drawImplementation().
[01:02:00.381 W] Warning: detected OpenGL error 'invalid operation' at end of Geometry::drawImplementation().
[01:02:00.381 W] Warning: detected OpenGL error 'invalid operation' at end of Geometry::drawImplementation().
[01:02:00.381 W] Warning: detected OpenGL error 'invalid operation' at end of Geometry::drawImplementation().
[01:02:00.381 W] Warning: detected OpenGL error 'invalid operation' at end of Geometry::drawImplementation().
[01:02:00.381 W] Warning: detected OpenGL error 'invalid operation' at end of Geometry::drawImplementation().
[01:02:00.381 W] Warning: detected OpenGL error 'invalid operation' at end of Geometry::drawImplementation().
[01:02:00.381 W] Warning: detected OpenGL error 'invalid operation' at end of Geometry::drawImplementation().
[01:02:00.381 W] Warning: detected OpenGL error 'invalid operation' at end of Geometry::drawImplementation().
[01:02:00.381 W] Warning: detected OpenGL error 'invalid operation' at end of Geometry::drawImplementation().
[01:02:00.381 W] Warning: detected OpenGL error 'invalid operation' at end of Geometry::drawImplementation().
[01:02:00.381 W] Warning: detected OpenGL error 'invalid operation' at end of Geometry::drawImplementation().
[01:02:00.381 W] Warning: detected OpenGL error 'invalid operation' at end of Geometry::drawImplementation().
[01:02:00.381 W] Warning: detected OpenGL error 'invalid operation' at end of Geometry::drawImplementation().
[01:02:00.381 W] Warning: detected OpenGL error 'invalid operation' at end of Geometry::drawImplementation().
[01:02:00.381 W] Warning: detected OpenGL error 'invalid operation' at end of Geometry::drawImplementation().
[01:02:00.381 W] Warning: detected OpenGL error 'invalid operation' at end of Geometry::drawImplementation().
[01:02:00.381 W] Warning: detected OpenGL error 'invalid operation' at end of Geometry::drawImplementation().
[01:02:00.381 W] Warning: detected OpenGL error 'invalid operation' at end of Geometry::drawImplementation().
[01:02:00.381 W] Warning: detected OpenGL error 'invalid operation' at end of Geometry::drawImplementation().
[01:02:00.381 W] Warning: detected OpenGL error 'invalid operation' at end of Geometry::drawImplementation().
[01:02:00.381 W] Warning: detected OpenGL error 'invalid operation' at end of Geometry::drawImplementation().
[01:02:00.381 W] Warning: detected OpenGL error 'invalid operation' at end of Geometry::drawImplementation().
[01:02:00.381 W] Warning: detected OpenGL error 'invalid operation' at end of Geometry::drawImplementation().
[01:02:00.381 W] Warning: detected OpenGL error 'invalid operation' at end of Geometry::drawImplementation().
[01:02:00.381 W] Warning: detected OpenGL error 'invalid operation' at end of Geometry::drawImplementation().
[01:02:00.381 W] Warning: detected OpenGL error 'invalid operation' at end of Geometry::drawImplementation().
[01:02:00.381 W] Warning: detected OpenGL error 'invalid operation' at end of Geometry::drawImplementation().
[01:02:00.381 W] Warning: detected OpenGL error 'invalid operation' at end of Geometry::drawImplementation().
[01:02:00.381 W] Warning: detected OpenGL error 'invalid operation' at end of Geometry::drawImplementation().
[01:02:00.381 W] Warning: detected OpenGL error 'invalid operation' at end of Geometry::drawImplementation().
[01:02:00.381 W] Warning: detected OpenGL error 'invalid operation' at end of Geometry::drawImplementation().
[01:02:00.381 W] Warning: detected OpenGL error 'invalid operation' at end of Geometry::drawImplementation().
[01:02:00.381 W] Warning: detected OpenGL error 'invalid operation' at end of Geometry::drawImplementation().
[01:02:00.381 W] Warning: detected OpenGL error 'invalid operation' at end of Geometry::drawImplementation().
[01:02:00.381 W] Warning: detected OpenGL error 'invalid operation' at end of Geometry::drawImplementation().
[01:02:00.381 W] Warning: detected OpenGL error 'invalid operation' at end of Geometry::drawImplementation().
[01:02:00.381 W] Warning: detected OpenGL error 'invalid operation' at end of Geometry::drawImplementation().
[01:02:00.381 W] Warning: detected OpenGL error 'invalid operation' at end of Geometry::drawImplementation().
[01:02:00.381 W] Warning: detected OpenGL error 'invalid operation' at end of Geometry::drawImplementation().
[01:02:00.381 W] Warning: detected OpenGL error 'invalid operation' at end of Geometry::drawImplementation().
[01:02:00.381 W] Warning: detected OpenGL error 'invalid operation' at end of Geometry::drawImplementation().
[01:02:00.381 W] Warning: detected OpenGL error 'invalid operation' at end of Geometry::drawImplementation().
[01:02:00.381 W] Warning: detected OpenGL error 'invalid operation' at end of Geometry::drawImplementation().
[01:02:00.381 W] Warning: detected OpenGL error 'invalid operation' at end of Geometry::drawImplementation().
[01:02:00.381 W] Warning: detected OpenGL error 'invalid operation' at end of Geometry::drawImplementation().
[01:02:00.381 W] Warning: detected OpenGL error 'invalid operation' at end of Geometry::drawImplementation().
[01:02:00.381 W] Warning: detected OpenGL error 'invalid operation' at end of Geometry::drawImplementation().
[01:02:00.381 W] Warning: detected OpenGL error 'invalid operation' at end of Geometry::drawImplementation().
[01:02:00.381 W] Warning: detected OpenGL error 'invalid operation' at end of Geometry::drawImplementation().
[01:02:00.381 W] Warning: detected OpenGL error 'invalid operation' at end of Geometry::drawImplementation().
[01:02:00.381 W] Warning: detected OpenGL error 'invalid operation' at end of Geometry::drawImplementation().
[01:02:00.381 W] Warning: detected OpenGL error 'invalid operation' at end of Geometry::drawImplementation().
[01:02:00.381 W] Warning: detected OpenGL error 'invalid operation' at end of Geometry::drawImplementation().
[01:02:00.381 W] Warning: detected OpenGL error 'invalid operation' at end of Geometry::drawImplementation().
[01:02:00.381 W] Warning: detected OpenGL error 'invalid operation' at end of Geometry::drawImplementation().
[01:02:00.381 W] Warning: detected OpenGL error 'invalid operation' at end of Geometry::drawImplementation().
[01:02:00.381 W] Warning: detected OpenGL error 'invalid operation' at end of Geometry::drawImplementation().
[01:02:00.381 W] Warning: detected OpenGL error 'invalid operation' at end of Geometry::drawImplementation().
[01:02:00.381 W] Warning: detected OpenGL error 'invalid operation' at end of Geometry::drawImplementation().
[01:02:00.381 W] Warning: detected OpenGL error 'invalid operation' at end of Geometry::drawImplementation().
[01:02:00.381 W] Warning: detected OpenGL error 'invalid operation' at end of Geometry::drawImplementation().
[01:02:00.381 W] Warning: detected OpenGL error 'invalid operation' at end of Geometry::drawImplementation().
[01:02:00.381 W] Warning: detected OpenGL error 'invalid operation' at end of Geometry::drawImplementation().
[01:02:00.381 W] Warning: detected OpenGL error 'invalid operation' at end of Geometry::drawImplementation().
[01:02:00.381 W] Warning: detected OpenGL error 'invalid operation' at end of Geometry::drawImplementation().
[01:02:00.381 W] Warning: detected OpenGL error 'invalid operation' at end of Geometry::drawImplementation().
[01:02:00.381 W] Warning: detected OpenGL error 'invalid operation' at end of Geometry::drawImplementation().
[01:02:00.381 W] Warning: detected OpenGL error 'invalid operation' at end of Geometry::drawImplementation().
[01:02:00.381 W] Warning: detected OpenGL error 'invalid operation' at end of Geometry::drawImplementation().
[01:02:00.381 W] Warning: detected OpenGL error 'invalid operation' at end of Geometry::drawImplementation().
[01:02:00.381 W] Warning: detected OpenGL error 'invalid operation' at end of Geometry::drawImplementation().
[01:02:00.381 W] Warning: detected OpenGL error 'invalid operation' at end of Geometry::drawImplementation().
[01:02:00.381 W] Warning: detected OpenGL error 'invalid operation' at end of Geometry::drawImplementation().
[01:02:00.381 W] Warning: detected OpenGL error 'invalid operation' at end of Geometry::drawImplementation().
[01:02:00.381 W] Warning: detected OpenGL error 'invalid operation' at end of Geometry::drawImplementation().
[01:02:00.381 W] Warning: detected OpenGL error 'invalid operation' at end of Geometry::drawImplementation().
[01:02:00.381 W] Warning: detected OpenGL error 'invalid operation' at end of Geometry::drawImplementation().
[01:02:00.381 W] Warning: detected OpenGL error 'invalid operation' at end of Geometry::drawImplementation().
[01:02:00.381 W] Warning: detected OpenGL error 'invalid operation' at end of Geometry::drawImplementation().
[01:02:00.381 W] Warning: detected OpenGL error 'invalid operation' at end of Geometry::drawImplementation().
[01:02:00.381 W] Warning: detected OpenGL error 'invalid operation' at end of Geometry::drawImplementation().
[01:02:00.381 W] Warning: detected OpenGL error 'invalid operation' at end of Geometry::drawImplementation().
[01:02:00.381 W] Warning: detected OpenGL error 'invalid operation' at end of Geometry::drawImplementation().
[01:02:00.382 W] Warning: detected OpenGL error 'invalid operation' at end of Geometry::drawImplementation().
[01:02:00.382 W] Warning: detected OpenGL error 'invalid operation' at end of Geometry::drawImplementation().
[01:02:00.382 W] Warning: detected OpenGL error 'invalid operation' at end of Geometry::drawImplementation().
[01:02:00.382 W] Warning: detected OpenGL error 'invalid operation' at end of Geometry::drawImplementation().
[01:02:00.382 W] Warning: detected OpenGL error 'invalid operation' at end of Geometry::drawImplementation().
[01:02:00.382 W] Warning: detected OpenGL error 'invalid operation' at end of Geometry::drawImplementation().
[01:02:00.382 W] Warning: detected OpenGL error 'invalid operation' at end of Geometry::drawImplementation().
[01:02:00.382 W] Warning: detected OpenGL error 'invalid operation' at end of Geometry::drawImplementation().
[01:02:00.382 W] Warning: detected OpenGL error 'invalid operation' at end of Geometry::drawImplementation().
[01:02:00.382 W] Warning: detected OpenGL error 'invalid operation' at end of Geometry::drawImplementation().
[01:02:00.382 W] Warning: detected OpenGL error 'invalid operation' at end of Geometry::drawImplementation().
[01:02:00.382 W] Warning: detected OpenGL error 'invalid operation' at end of Geometry::drawImplementation().
[01:02:00.382 W] Warning: detected OpenGL error 'invalid operation' at end of Geometry::drawImplementation().
[01:02:00.382 W] Warning: detected OpenGL error 'invalid operation' at end of Geometry::drawImplementation().
[01:02:00.382 W] Warning: detected OpenGL error 'invalid operation' at end of Geometry::drawImplementation().
[01:02:00.382 W] Warning: detected OpenGL error 'invalid operation' at end of Geometry::drawImplementation().
[01:02:00.382 W] Warning: detected OpenGL error 'invalid operation' at end of Geometry::drawImplementation().
[01:02:00.382 W] Warning: detected OpenGL error 'invalid operation' at end of Geometry::drawImplementation().
[01:02:00.382 W] Warning: detected OpenGL error 'invalid operation' at end of Geometry::drawImplementation().
[01:02:00.382 W] Warning: detected OpenGL error 'invalid operation' at end of Geometry::drawImplementation().
[01:02:00.382 W] Warning: detected OpenGL error 'invalid operation' at end of Geometry::drawImplementation().
[01:02:00.382 W] Warning: detected OpenGL error 'invalid operation' at end of Geometry::drawImplementation().
[01:02:00.382 W] Warning: detected OpenGL error 'invalid operation' at end of Geometry::drawImplementation().
[01:02:00.382 W] Warning: detected OpenGL error 'invalid operation' at end of Geometry::drawImplementation().
[01:02:00.382 W] Warning: detected OpenGL error 'invalid operation' at end of Geometry::drawImplementation().
[01:02:00.382 W] Warning: detected OpenGL error 'invalid operation' at end of Geometry::drawImplementation().
[01:02:00.382 W] Warning: detected OpenGL error 'invalid operation' at end of Geometry::drawImplementation().
[01:02:00.382 W] Warning: detected OpenGL error 'invalid operation' at end of Geometry::drawImplementation().
[01:02:00.382 W] Warning: detected OpenGL error 'invalid operation' at end of Geometry::drawImplementation().
[01:02:00.382 W] Warning: detected OpenGL error 'invalid operation' at end of Geometry::drawImplementation().
[01:02:00.382 W] Warning: detected OpenGL error 'invalid operation' at end of Geometry::drawImplementation().
[01:02:00.382 W] Warning: detected OpenGL error 'invalid operation' at end of Geometry::drawImplementation().
[01:02:00.382 W] Warning: detected OpenGL error 'invalid operation' at end of Geometry::drawImplementation().
[01:02:00.382 W] Warning: detected OpenGL error 'invalid operation' at end of Geometry::drawImplementation().
[01:02:00.382 W] Warning: detected OpenGL error 'invalid operation' at end of Geometry::drawImplementation().
[01:02:00.382 W] Warning: detected OpenGL error 'invalid operation' at end of Geometry::drawImplementation().
[01:02:00.382 W] Warning: detected OpenGL error 'invalid operation' at end of Geometry::drawImplementation().
[01:02:00.382 W] Warning: detected OpenGL error 'invalid operation' at end of Geometry::drawImplementation().
[01:02:00.382 W] Warning: detected OpenGL error 'invalid operation' at end of Geometry::drawImplementation().
[01:02:00.382 W] Warning: detected OpenGL error 'invalid operation' at end of Geometry::drawImplementation().
[01:02:00.382 W] Warning: detected OpenGL error 'invalid operation' at end of Geometry::drawImplementation().
[01:02:00.382 W] Warning: detected OpenGL error 'invalid operation' at end of Geometry::drawImplementation().
[01:02:00.382 W] Warning: detected OpenGL error 'invalid operation' at end of Geometry::drawImplementation().
[01:02:00.382 W] Warning: detected OpenGL error 'invalid operation' at end of Geometry::drawImplementation().
[01:02:00.382 W] Warning: detected OpenGL error 'invalid operation' at end of Geometry::drawImplementation().
[01:02:00.382 W] Warning: detected OpenGL error 'invalid operation' at end of Geometry::drawImplementation().
[01:02:00.382 W] Warning: detected OpenGL error 'invalid operation' at end of Geometry::drawImplementation().
[01:02:00.382 W] Warning: detected OpenGL error 'invalid operation' at end of Geometry::drawImplementation().
[01:02:00.382 W] Warning: detected OpenGL error 'invalid operation' at end of Geometry::drawImplementation().
[01:02:00.382 W] Warning: detected OpenGL error 'invalid operation' at end of Geometry::drawImplementation().
[01:02:00.382 W] Warning: detected OpenGL error 'invalid operation' at end of Geometry::drawImplementation().
[01:02:00.382 W] Warning: detected OpenGL error 'invalid operation' at end of Geometry::drawImplementation().
[01:02:00.382 W] Warning: detected OpenGL error 'invalid operation' at end of Geometry::drawImplementation().
[01:02:00.382 W] Warning: detected OpenGL error 'invalid operation' at end of Geometry::drawImplementation().
[01:02:00.382 W] Warning: detected OpenGL error 'invalid operation' at end of Geometry::drawImplementation().
[01:02:00.382 W] Warning: detected OpenGL error 'invalid operation' at end of Geometry::drawImplementation().
[01:02:00.382 W] Warning: detected OpenGL error 'invalid operation' at end of Geometry::drawImplementation().
[01:02:00.382 W] Warning: detected OpenGL error 'invalid operation' at end of Geometry::drawImplementation().
[01:02:00.382 W] Warning: detected OpenGL error 'invalid operation' at end of Geometry::drawImplementation().
[01:02:00.382 W] Warning: detected OpenGL error 'invalid operation' at end of Geometry::drawImplementation().
[01:02:00.382 W] Warning: detected OpenGL error 'invalid operation' at end of Geometry::drawImplementation().
[01:02:00.382 W] Warning: detected OpenGL error 'invalid operation' at end of Geometry::drawImplementation().
[01:02:00.382 W] Warning: detected OpenGL error 'invalid operation' at end of Geometry::drawImplementation().
[01:02:00.382 W] Warning: detected OpenGL error 'invalid operation' at end of Geometry::drawImplementation().
[01:02:00.382 W] Warning: detected OpenGL error 'invalid operation' at end of Geometry::drawImplementation().
[01:02:00.382 W] Warning: detected OpenGL error 'invalid operation' at end of Geometry::drawImplementation().
[01:02:00.382 W] Warning: detected OpenGL error 'invalid operation' at end of Geometry::drawImplementation().
[01:02:00.382 W] Warning: detected OpenGL error 'invalid operation' at end of Geometry::drawImplementation().
[01:02:00.382 W] Warning: detected OpenGL error 'invalid operation' at end of Geometry::drawImplementation().
[01:02:00.382 W] Warning: detected OpenGL error 'invalid operation' at end of Geometry::drawImplementation().
[01:02:00.382 W] Warning: detected OpenGL error 'invalid operation' at end of Geometry::drawImplementation().
[01:02:00.382 W] Warning: detected OpenGL error 'invalid operation' at end of Geometry::drawImplementation().
[01:02:00.382 W] Warning: detected OpenGL error 'invalid operation' at end of Geometry::drawImplementation().
[01:02:00.382 W] Warning: detected OpenGL error 'invalid operation' at end of Geometry::drawImplementation().
[01:02:00.382 W] Warning: detected OpenGL error 'invalid operation' at end of Geometry::drawImplementation().
[01:02:00.382 W] Warning: detected OpenGL error 'invalid operation' at end of Geometry::drawImplementation().
[01:02:00.382 W] Warning: detected OpenGL error 'invalid operation' at end of Geometry::drawImplementation().
[01:02:00.382 W] Warning: detected OpenGL error 'invalid operation' at end of Geometry::drawImplementation().
[01:02:00.382 W] Warning: detected OpenGL error 'invalid operation' at end of Geometry::drawImplementation().
[01:02:00.382 W] Warning: detected OpenGL error 'invalid operation' at end of Geometry::drawImplementation().
[01:02:00.382 W] Warning: detected OpenGL error 'invalid operation' at end of Geometry::drawImplementation().
[01:02:00.382 W] Warning: detected OpenGL error 'invalid operation' at end of Geometry::drawImplementation().
[01:02:00.382 W] Warning: detected OpenGL error 'invalid operation' at end of Geometry::drawImplementation().
[01:02:00.382 W] Warning: detected OpenGL error 'invalid operation' at end of Geometry::drawImplementation().
[01:02:00.382 W] Warning: detected OpenGL error 'invalid operation' at end of Geometry::drawImplementation().
[01:02:00.382 W] Warning: detected OpenGL error 'invalid operation' at end of Geometry::drawImplementation().
[01:02:00.382 W] Warning: detected OpenGL error 'invalid operation' at end of Geometry::drawImplementation().
[01:02:00.382 W] Warning: detected OpenGL error 'invalid operation' at end of Geometry::drawImplementation().
[01:02:00.382 W] Warning: detected OpenGL error 'invalid operation' at end of Geometry::drawImplementation().
[01:02:00.382 W] Warning: detected OpenGL error 'invalid operation' at end of Geometry::drawImplementation().
[01:02:00.382 W] Warning: detected OpenGL error 'invalid operation' at end of Geometry::drawImplementation().
[01:02:00.382 W] Warning: detected OpenGL error 'invalid operation' at end of Geometry::drawImplementation().
[01:02:00.382 W] Warning: detected OpenGL error 'invalid operation' at end of Geometry::drawImplementation().
[01:02:00.382 W] Warning: detected OpenGL error 'invalid operation' at end of Geometry::drawImplementation().
[01:02:00.382 W] Warning: detected OpenGL error 'invalid operation' at end of Geometry::drawImplementation().
[01:02:00.382 W] Warning: detected OpenGL error 'invalid operation' at end of Geometry::drawImplementation().
[01:02:00.382 W] Warning: detected OpenGL error 'invalid operation' at end of Geometry::drawImplementation().
[01:02:00.382 W] Warning: detected OpenGL error 'invalid operation' at end of Geometry::drawImplementation().
[01:02:00.382 W] Warning: detected OpenGL error 'invalid operation' at end of Geometry::drawImplementation().
[01:02:00.382 W] Warning: detected OpenGL error 'invalid operation' at end of Geometry::drawImplementation().
[01:02:00.382 W] Warning: detected OpenGL error 'invalid operation' at end of Geometry::drawImplementation().
[01:02:00.382 W] Warning: detected OpenGL error 'invalid operation' at end of Geometry::drawImplementation().
[01:02:00.382 W] Warning: detected OpenGL error 'invalid operation' at end of Geometry::drawImplementation().
[01:02:00.382 W] Warning: detected OpenGL error 'invalid operation' at end of Geometry::drawImplementation().
[01:02:00.382 W] Warning: detected OpenGL error 'invalid operation' at end of Geometry::drawImplementation().
[01:02:00.382 W] Warning: detected OpenGL error 'invalid operation' at end of Geometry::drawImplementation().
[01:02:00.382 W] Warning: detected OpenGL error 'invalid operation' at end of Geometry::drawImplementation().
[01:02:00.382 W] Warning: detected OpenGL error 'invalid operation' at end of Geometry::drawImplementation().
[01:02:00.382 W] Warning: detected OpenGL error 'invalid operation' at end of Geometry::drawImplementation().
[01:02:00.382 W] Warning: detected OpenGL error 'invalid operation' at end of Geometry::drawImplementation().
[01:02:00.382 W] Warning: detected OpenGL error 'invalid operation' at end of Geometry::drawImplementation().
[01:02:00.382 W] Warning: detected OpenGL error 'invalid operation' at end of Geometry::drawImplementation().
[01:02:00.382 W] Warning: detected OpenGL error 'invalid operation' at end of Geometry::drawImplementation().
[01:02:00.382 W] Warning: detected OpenGL error 'invalid operation' at end of Geometry::drawImplementation().
[01:02:00.382 W] Warning: detected OpenGL error 'invalid operation' at end of Geometry::drawImplementation().
[01:02:00.382 W] Warning: detected OpenGL error 'invalid operation' at end of Geometry::drawImplementation().
[01:02:00.382 W] Warning: detected OpenGL error 'invalid operation' at end of Geometry::drawImplementation().
[01:02:00.382 W] Warning: detected OpenGL error 'invalid operation' at end of Geometry::drawImplementation().
[01:02:00.382 W] Warning: detected OpenGL error 'invalid operation' at end of Geometry::drawImplementation().
[01:02:00.382 W] Warning: detected OpenGL error 'invalid operation' at end of Geometry::drawImplementation().
[01:02:00.382 W] Warning: detected OpenGL error 'invalid operation' at end of Geometry::drawImplementation().
[01:02:00.382 W] Warning: detected OpenGL error 'invalid operation' at end of Geometry::drawImplementation().
[01:02:00.382 W] Warning: detected OpenGL error 'invalid operation' at end of Geometry::drawImplementation().
[01:02:00.382 W] Warning: detected OpenGL error 'invalid operation' at end of Geometry::drawImplementation().
[01:02:00.382 W] Warning: detected OpenGL error 'invalid operation' at end of Geometry::drawImplementation().
[01:02:00.382 W] Warning: detected OpenGL error 'invalid operation' at end of Geometry::drawImplementation().
[01:02:00.382 W] Warning: detected OpenGL error 'invalid operation' at end of Geometry::drawImplementation().
[01:02:00.382 W] Warning: detected OpenGL error 'invalid operation' at end of Geometry::drawImplementation().
[01:02:00.382 W] Warning: detected OpenGL error 'invalid operation' at end of Geometry::drawImplementation().
[01:02:00.382 W] Warning: detected OpenGL error 'invalid operation' at end of Geometry::drawImplementation().
[01:02:00.382 W] Warning: detected OpenGL error 'invalid operation' at end of Geometry::drawImplementation().
[01:02:00.382 W] Warning: detected OpenGL error 'invalid operation' at end of Geometry::drawImplementation().
[01:02:00.382 W] Warning: detected OpenGL error 'invalid operation' at end of Geometry::drawImplementation().
[01:02:00.382 W] Warning: detected OpenGL error 'invalid operation' at end of Geometry::drawImplementation().
[01:02:00.382 W] Warning: detected OpenGL error 'invalid operation' at end of Geometry::drawImplementation().
[01:02:00.382 W] Warning: detected OpenGL error 'invalid operation' at end of Geometry::drawImplementation().
[01:02:00.382 W] Warning: detected OpenGL error 'invalid operation' at end of Geometry::drawImplementation().
[01:02:00.382 W] Warning: detected OpenGL error 'invalid operation' at end of Geometry::drawImplementation().
[01:02:00.382 W] Warning: detected OpenGL error 'invalid operation' at end of Geometry::drawImplementation().
[01:02:00.382 W] Warning: detected OpenGL error 'invalid operation' at end of Geometry::drawImplementation().
[01:02:00.383 W] Warning: detected OpenGL error 'invalid operation' at end of Geometry::drawImplementation().
[01:02:00.383 W] Warning: detected OpenGL error 'invalid operation' at end of Geometry::drawImplementation().
[01:02:00.383 W] Warning: detected OpenGL error 'invalid operation' at end of Geometry::drawImplementation().
[01:02:00.383 W] Warning: detected OpenGL error 'invalid operation' at end of Geometry::drawImplementation().
[01:02:00.383 W] Warning: detected OpenGL error 'invalid operation' at end of Geometry::drawImplementation().
[01:02:00.383 W] Warning: detected OpenGL error 'invalid operation' at end of Geometry::drawImplementation().
[01:02:00.383 W] Warning: detected OpenGL error 'invalid operation' at end of Geometry::drawImplementation().
[01:02:00.383 W] Warning: detected OpenGL error 'invalid operation' at end of Geometry::drawImplementation().
[01:02:00.383 W] Warning: detected OpenGL error 'invalid operation' at end of Geometry::drawImplementation().
[01:02:00.383 W] Warning: detected OpenGL error 'invalid operation' at end of Geometry::drawImplementation().
[01:02:00.383 W] Warning: detected OpenGL error 'invalid operation' at end of Geometry::drawImplementation().
[01:02:00.383 W] Warning: detected OpenGL error 'invalid operation' at end of Geometry::drawImplementation().
[01:02:00.383 W] Warning: detected OpenGL error 'invalid operation' at end of Geometry::drawImplementation().
[01:02:00.383 W] Warning: detected OpenGL error 'invalid operation' at end of Geometry::drawImplementation().
[01:02:00.383 W] Warning: detected OpenGL error 'invalid operation' at end of Geometry::drawImplementation().
[01:02:00.383 W] Warning: detected OpenGL error 'invalid operation' at end of Geometry::drawImplementation().
[01:02:00.383 W] Warning: detected OpenGL error 'invalid operation' at end of Geometry::drawImplementation().
[01:02:00.383 W] Warning: detected OpenGL error 'invalid operation' at end of Geometry::drawImplementation().
[01:02:00.383 W] Warning: detected OpenGL error 'invalid operation' at end of Geometry::drawImplementation().
[01:02:00.383 W] Warning: detected OpenGL error 'invalid operation' at end of Geometry::drawImplementation().
[01:02:00.383 W] Warning: detected OpenGL error 'invalid operation' at end of Geometry::drawImplementation().
[01:02:00.383 W] Warning: detected OpenGL error 'invalid operation' at end of Geometry::drawImplementation().
[01:02:00.383 W] Warning: detected OpenGL error 'invalid operation' at end of Geometry::drawImplementation().
[01:02:00.383 W] Warning: detected OpenGL error 'invalid operation' at end of Geometry::drawImplementation().
[01:02:00.383 W] Warning: detected OpenGL error 'invalid operation' at end of Geometry::drawImplementation().
[01:02:00.383 W] Warning: detected OpenGL error 'invalid operation' at end of Geometry::drawImplementation().
[01:02:00.383 W] Warning: detected OpenGL error 'invalid operation' at end of Geometry::drawImplementation().
[01:02:00.383 W] Warning: detected OpenGL error 'invalid operation' at end of Geometry::drawImplementation().
[01:02:00.383 W] Warning: detected OpenGL error 'invalid operation' at end of Geometry::drawImplementation().
[01:02:00.383 W] Warning: detected OpenGL error 'invalid operation' at end of Geometry::drawImplementation().
[01:02:00.383 W] Warning: detected OpenGL error 'invalid operation' at end of Geometry::drawImplementation().
[01:02:00.383 W] Warning: detected OpenGL error 'invalid operation' at end of Geometry::drawImplementation().
[01:02:00.383 W] Warning: detected OpenGL error 'invalid operation' at end of Geometry::drawImplementation().
[01:02:00.383 W] Warning: detected OpenGL error 'invalid operation' at end of Geometry::drawImplementation().
[01:02:00.383 W] Warning: detected OpenGL error 'invalid operation' at end of Geometry::drawImplementation().
[01:02:00.383 W] Warning: detected OpenGL error 'invalid operation' at end of Geometry::drawImplementation().
[01:02:00.383 W] Warning: detected OpenGL error 'invalid operation' at end of Geometry::drawImplementation().
[01:02:00.383 W] Warning: detected OpenGL error 'invalid operation' at end of Geometry::drawImplementation().
[01:02:00.383 W] Warning: detected OpenGL error 'invalid operation' at end of Geometry::drawImplementation().
[01:02:00.383 W] Warning: detected OpenGL error 'invalid operation' at end of Geometry::drawImplementation().
[01:02:00.383 W] Warning: detected OpenGL error 'invalid operation' at end of Geometry::drawImplementation().
[01:02:00.383 W] Warning: detected OpenGL error 'invalid operation' at end of Geometry::drawImplementation().
[01:02:00.383 W] Warning: detected OpenGL error 'invalid operation' at end of Geometry::drawImplementation().
[01:02:00.383 W] Warning: detected OpenGL error 'invalid operation' at end of Geometry::drawImplementation().
[01:02:00.383 W] Warning: detected OpenGL error 'invalid operation' at end of Geometry::drawImplementation().
[01:02:00.383 W] Warning: detected OpenGL error 'invalid operation' at end of Geometry::drawImplementation().
[01:02:00.383 W] Warning: detected OpenGL error 'invalid operation' at end of Geometry::drawImplementation().
[01:02:00.383 W] Warning: detected OpenGL error 'invalid operation' at end of Geometry::drawImplementation().
[01:02:00.383 W] Warning: detected OpenGL error 'invalid operation' at end of Geometry::drawImplementation().
[01:02:00.383 W] Warning: detected OpenGL error 'invalid operation' at end of Geometry::drawImplementation().
[01:02:00.383 W] Warning: detected OpenGL error 'invalid operation' at end of Geometry::drawImplementation().
[01:02:00.383 W] Warning: detected OpenGL error 'invalid operation' at end of Geometry::drawImplementation().
[01:02:00.383 W] Warning: detected OpenGL error 'invalid operation' at end of Geometry::drawImplementation().
[01:02:00.383 W] Warning: detected OpenGL error 'invalid operation' at end of Geometry::drawImplementation().
[01:02:00.383 W] Warning: detected OpenGL error 'invalid operation' at end of Geometry::drawImplementation().
[01:02:00.383 W] Warning: detected OpenGL error 'invalid operation' at end of Geometry::drawImplementation().
[01:02:00.383 W] Warning: detected OpenGL error 'invalid operation' at end of Geometry::drawImplementation().
[01:02:00.383 W] Warning: detected OpenGL error 'invalid operation' at end of Geometry::drawImplementation().
[01:02:00.383 W] Warning: detected OpenGL error 'invalid operation' at end of Geometry::drawImplementation().
[01:02:00.383 W] Warning: detected OpenGL error 'invalid operation' at end of Geometry::drawImplementation().
[01:02:00.383 W] Warning: detected OpenGL error 'invalid operation' at end of Geometry::drawImplementation().
[01:02:00.383 W] Warning: detected OpenGL error 'invalid operation' at end of Geometry::drawImplementation().
[01:02:00.383 W] Warning: detected OpenGL error 'invalid operation' at end of Geometry::drawImplementation().
[01:02:00.383 W] Warning: detected OpenGL error 'invalid operation' at end of Geometry::drawImplementation().
[01:02:00.383 W] Warning: detected OpenGL error 'invalid operation' at end of Geometry::drawImplementation().
[01:02:00.383 W] Warning: detected OpenGL error 'invalid operation' at end of Geometry::drawImplementation().
[01:02:00.383 W] Warning: detected OpenGL error 'invalid operation' at end of Geometry::drawImplementation().
[01:02:00.383 W] Warning: detected OpenGL error 'invalid operation' at end of Geometry::drawImplementation().
[01:02:00.383 W] Warning: detected OpenGL error 'invalid operation' at end of Geometry::drawImplementation().
[01:02:00.383 W] Warning: detected OpenGL error 'invalid operation' at end of Geometry::drawImplementation().
[01:02:00.383 W] Warning: detected OpenGL error 'invalid operation' at end of Geometry::drawImplementation().
[01:02:00.383 W] Warning: detected OpenGL error 'invalid operation' at end of Geometry::drawImplementation().
[01:02:00.383 W] Warning: detected OpenGL error 'invalid operation' at end of Geometry::drawImplementation().
[01:02:00.383 W] Warning: detected OpenGL error 'invalid operation' at end of Geometry::drawImplementation().
[01:02:00.383 W] Warning: detected OpenGL error 'invalid operation' at end of Geometry::drawImplementation().
[01:02:00.383 W] Warning: detected OpenGL error 'invalid operation' at end of Geometry::drawImplementation().
[01:02:00.383 W] Warning: detected OpenGL error 'invalid operation' at end of Geometry::drawImplementation().
[01:02:00.383 W] Warning: detected OpenGL error 'invalid operation' at end of Geometry::drawImplementation().
[01:02:00.383 W] Warning: detected OpenGL error 'invalid operation' at end of Geometry::drawImplementation().
[01:02:00.383 W] Warning: detected OpenGL error 'invalid operation' at end of Geometry::drawImplementation().
[01:02:00.383 W] Warning: detected OpenGL error 'invalid operation' at end of Geometry::drawImplementation().
[01:02:00.383 W] Warning: detected OpenGL error 'invalid operation' at end of Geometry::drawImplementation().
[01:02:00.383 W] Warning: detected OpenGL error 'invalid operation' at end of Geometry::drawImplementation().
[01:02:00.383 W] Warning: detected OpenGL error 'invalid operation' at end of Geometry::drawImplementation().
[01:02:00.383 W] Warning: detected OpenGL error 'invalid operation' at end of Geometry::drawImplementation().
[01:02:00.383 W] Warning: detected OpenGL error 'invalid operation' at end of Geometry::drawImplementation().
[01:02:00.383 W] Warning: detected OpenGL error 'invalid operation' at end of Geometry::drawImplementation().
[01:02:00.383 W] Warning: detected OpenGL error 'invalid operation' at end of Geometry::drawImplementation().
[01:02:00.383 W] Warning: detected OpenGL error 'invalid operation' at end of Geometry::drawImplementation().
[01:02:00.383 W] Warning: detected OpenGL error 'invalid operation' at end of Geometry::drawImplementation().
[01:02:00.383 W] Warning: detected OpenGL error 'invalid operation' at end of Geometry::drawImplementation().
[01:02:00.383 W] Warning: detected OpenGL error 'invalid operation' at end of Geometry::drawImplementation().
[01:02:00.383 W] Warning: detected OpenGL error 'invalid operation' at end of Geometry::drawImplementation().
[01:02:00.383 W] Warning: detected OpenGL error 'invalid operation' at end of Geometry::drawImplementation().
[01:02:00.383 W] Warning: detected OpenGL error 'invalid operation' at end of Geometry::drawImplementation().
[01:02:00.383 W] Warning: detected OpenGL error 'invalid operation' at end of Geometry::drawImplementation().
[01:02:00.383 W] Warning: detected OpenGL error 'invalid operation' at end of Geometry::drawImplementation().
[01:02:00.383 W] Warning: detected OpenGL error 'invalid operation' at end of Geometry::drawImplementation().
[01:02:00.383 W] Warning: detected OpenGL error 'invalid operation' at end of Geometry::drawImplementation().
[01:02:00.383 W] Warning: detected OpenGL error 'invalid operation' at end of Geometry::drawImplementation().
[01:02:00.383 W] Warning: detected OpenGL error 'invalid operation' at end of Geometry::drawImplementation().
[01:02:00.383 W] Warning: detected OpenGL error 'invalid operation' at end of Geometry::drawImplementation().
[01:02:00.383 W] Warning: detected OpenGL error 'invalid operation' at end of Geometry::drawImplementation().
[01:02:00.383 W] Warning: detected OpenGL error 'invalid operation' at end of Geometry::drawImplementation().
[01:02:00.383 W] Warning: detected OpenGL error 'invalid operation' at end of Geometry::drawImplementation().
[01:02:00.383 W] Warning: detected OpenGL error 'invalid operation' at end of Geometry::drawImplementation().
[01:02:00.383 W] Warning: detected OpenGL error 'invalid operation' at end of Geometry::drawImplementation().
[01:02:00.383 W] Warning: detected OpenGL error 'invalid operation' at end of Geometry::drawImplementation().
[01:02:00.383 W] Warning: detected OpenGL error 'invalid operation' at end of Geometry::drawImplementation().
[01:02:00.384 W] Warning: detected OpenGL error 'invalid operation' at end of Geometry::drawImplementation().
[01:02:00.384 W] Warning: detected OpenGL error 'invalid operation' at end of Geometry::drawImplementation().
[01:02:00.384 W] Warning: detected OpenGL error 'invalid operation' at end of Geometry::drawImplementation().
[01:02:00.384 W] Warning: detected OpenGL error 'invalid operation' at end of Geometry::drawImplementation().
[01:02:00.384 W] Warning: detected OpenGL error 'invalid operation' at end of Geometry::drawImplementation().
[01:02:00.384 W] Warning: detected OpenGL error 'invalid operation' at end of Geometry::drawImplementation().
[01:02:00.384 W] Warning: detected OpenGL error 'invalid operation' at end of Geometry::drawImplementation().
[01:02:00.384 W] Warning: detected OpenGL error 'invalid operation' at end of Geometry::drawImplementation().
[01:02:00.384 W] Warning: detected OpenGL error 'invalid operation' at end of Geometry::drawImplementation().
[01:02:00.384 W] Warning: detected OpenGL error 'invalid operation' at end of Geometry::drawImplementation().
[01:02:00.384 W] Warning: detected OpenGL error 'invalid operation' at end of Geometry::drawImplementation().
[01:02:00.384 W] Warning: detected OpenGL error 'invalid operation' at end of Geometry::drawImplementation().
[01:02:00.384 W] Warning: detected OpenGL error 'invalid operation' at end of Geometry::drawImplementation().
[01:02:00.384 W] Warning: detected OpenGL error 'invalid operation' at end of Geometry::drawImplementation().
[01:02:00.384 W] Warning: detected OpenGL error 'invalid operation' at end of Geometry::drawImplementation().
[01:02:00.384 W] Warning: detected OpenGL error 'invalid operation' at end of Geometry::drawImplementation().
[01:02:00.384 W] Warning: detected OpenGL error 'invalid operation' at end of Geometry::drawImplementation().
[01:02:00.384 W] Warning: detected OpenGL error 'invalid operation' at end of Geometry::drawImplementation().
[01:02:00.384 W] Warning: detected OpenGL error 'invalid operation' at end of Geometry::drawImplementation().
[01:02:00.384 W] Warning: detected OpenGL error 'invalid operation' at end of Geometry::drawImplementation().
[01:02:00.384 W] Warning: detected OpenGL error 'invalid operation' at end of Geometry::drawImplementation().
[01:02:00.384 W] Warning: detected OpenGL error 'invalid operation' at end of Geometry::drawImplementation().
[01:02:00.384 W] Warning: detected OpenGL error 'invalid operation' at end of Geometry::drawImplementation().
[01:02:00.384 W] Warning: detected OpenGL error 'invalid operation' at end of Geometry::drawImplementation().
[01:02:00.384 W] Warning: detected OpenGL error 'invalid operation' at end of Geometry::drawImplementation().
[01:02:00.384 W] Warning: detected OpenGL error 'invalid operation' at end of Geometry::drawImplementation().
[01:02:00.384 W] Warning: detected OpenGL error 'invalid operation' at end of Geometry::drawImplementation().
[01:02:00.384 W] Warning: detected OpenGL error 'invalid operation' at end of Geometry::drawImplementation().
[01:02:00.384 W] Warning: detected OpenGL error 'invalid operation' at end of Geometry::drawImplementation().
[01:02:00.384 W] Warning: detected OpenGL error 'invalid operation' at end of Geometry::drawImplementation().
[01:02:00.384 W] Warning: detected OpenGL error 'invalid operation' at end of Geometry::drawImplementation().
[01:02:00.384 W] Warning: detected OpenGL error 'invalid operation' at end of Geometry::drawImplementation().
[01:02:00.384 W] Warning: detected OpenGL error 'invalid operation' at end of Geometry::drawImplementation().
[01:02:00.384 W] Warning: detected OpenGL error 'invalid operation' at end of Geometry::drawImplementation().
[01:02:00.384 W] Warning: detected OpenGL error 'invalid operation' at end of Geometry::drawImplementation().
[01:02:00.384 W] Warning: detected OpenGL error 'invalid operation' at end of Geometry::drawImplementation().
[01:02:00.384 W] Warning: detected OpenGL error 'invalid operation' at end of Geometry::drawImplementation().
[01:02:00.384 W] Warning: detected OpenGL error 'invalid operation' at end of Geometry::drawImplementation().
[01:02:00.384 W] Warning: detected OpenGL error 'invalid operation' at end of Geometry::drawImplementation().
[01:02:00.384 W] Warning: detected OpenGL error 'invalid operation' at end of Geometry::drawImplementation().
[01:02:00.384 W] Warning: detected OpenGL error 'invalid operation' at end of Geometry::drawImplementation().
[01:02:00.384 W] Warning: detected OpenGL error 'invalid operation' at end of Geometry::drawImplementation().
[01:02:00.384 W] Warning: detected OpenGL error 'invalid operation' at end of Geometry::drawImplementation().
[01:02:00.384 W] Warning: detected OpenGL error 'invalid operation' at end of Geometry::drawImplementation().
[01:02:00.384 W] Warning: detected OpenGL error 'invalid operation' at end of Geometry::drawImplementation().
[01:02:00.384 W] Warning: detected OpenGL error 'invalid operation' at end of Geometry::drawImplementation().
[01:02:00.384 W] Warning: detected OpenGL error 'invalid operation' at end of Geometry::drawImplementation().
[01:02:00.384 W] Warning: detected OpenGL error 'invalid operation' at end of Geometry::drawImplementation().
[01:02:00.384 W] Warning: detected OpenGL error 'invalid operation' at end of Geometry::drawImplementation().
[01:02:00.384 W] Warning: detected OpenGL error 'invalid operation' at end of Geometry::drawImplementation().
[01:02:00.384 W] Warning: detected OpenGL error 'invalid operation' at end of Geometry::drawImplementation().
[01:02:00.384 W] Warning: detected OpenGL error 'invalid operation' at end of Geometry::drawImplementation().
[01:02:00.384 W] Warning: detected OpenGL error 'invalid operation' at end of Geometry::drawImplementation().
[01:02:00.384 W] Warning: detected OpenGL error 'invalid operation' at end of Geometry::drawImplementation().
[01:02:00.384 W] Warning: detected OpenGL error 'invalid operation' at end of Geometry::drawImplementation().
[01:02:00.384 W] Warning: detected OpenGL error 'invalid operation' at end of Geometry::drawImplementation().
[01:02:00.384 W] Warning: detected OpenGL error 'invalid operation' at end of Geometry::drawImplementation().
[01:02:00.384 W] Warning: detected OpenGL error 'invalid operation' at end of Geometry::drawImplementation().
[01:02:00.384 W] Warning: detected OpenGL error 'invalid operation' at end of Geometry::drawImplementation().
[01:02:00.384 W] Warning: detected OpenGL error 'invalid operation' at end of Geometry::drawImplementation().
[01:02:00.384 W] Warning: detected OpenGL error 'invalid operation' at end of Geometry::drawImplementation().
[01:02:00.384 W] Warning: detected OpenGL error 'invalid operation' at end of Geometry::drawImplementation().
[01:02:00.384 W] Warning: detected OpenGL error 'invalid operation' at end of Geometry::drawImplementation().
[01:02:00.384 W] Warning: detected OpenGL error 'invalid operation' at end of Geometry::drawImplementation().
[01:02:00.384 W] Warning: detected OpenGL error 'invalid operation' at end of Geometry::drawImplementation().
[01:02:00.384 W] Warning: detected OpenGL error 'invalid operation' at end of Geometry::drawImplementation().
[01:02:00.384 W] Warning: detected OpenGL error 'invalid operation' at end of Geometry::drawImplementation().
[01:02:00.384 W] Warning: detected OpenGL error 'invalid operation' at end of Geometry::drawImplementation().
[01:02:00.384 W] Warning: detected OpenGL error 'invalid operation' at end of Geometry::drawImplementation().
[01:02:00.384 W] Warning: detected OpenGL error 'invalid operation' at end of Geometry::drawImplementation().
[01:02:00.384 W] Warning: detected OpenGL error 'invalid operation' at end of Geometry::drawImplementation().
[01:02:00.384 W] Warning: detected OpenGL error 'invalid operation' at end of Geometry::drawImplementation().
[01:02:00.384 W] Warning: detected OpenGL error 'invalid operation' at end of Geometry::drawImplementation().
[01:02:00.384 W] Warning: detected OpenGL error 'invalid operation' at end of Geometry::drawImplementation().
[01:02:00.384 W] Warning: detected OpenGL error 'invalid operation' at end of Geometry::drawImplementation().
[01:02:00.384 W] Warning: detected OpenGL error 'invalid operation' at end of Geometry::drawImplementation().
[01:02:00.384 W] Warning: detected OpenGL error 'invalid operation' at end of Geometry::drawImplementation().
[01:02:00.384 W] Warning: detected OpenGL error 'invalid operation' at end of Geometry::drawImplementation().
[01:02:00.384 W] Warning: detected OpenGL error 'invalid operation' at end of Geometry::drawImplementation().
[01:02:00.384 W] Warning: detected OpenGL error 'invalid operation' at end of Geometry::drawImplementation().
[01:02:00.384 W] Warning: detected OpenGL error 'invalid operation' at end of Geometry::drawImplementation().
[01:02:00.384 W] Warning: detected OpenGL error 'invalid operation' at end of Geometry::drawImplementation().
[01:02:00.384 W] Warning: detected OpenGL error 'invalid operation' at end of Geometry::drawImplementation().
[01:02:00.384 W] Warning: detected OpenGL error 'invalid operation' at end of Geometry::drawImplementation().
[01:02:00.384 W] Warning: detected OpenGL error 'invalid operation' at end of Geometry::drawImplementation().
[01:02:00.384 W] Warning: detected OpenGL error 'invalid operation' at end of Geometry::drawImplementation().
[01:02:00.384 W] Warning: detected OpenGL error 'invalid operation' at end of Geometry::drawImplementation().
[01:02:00.384 W] Warning: detected OpenGL error 'invalid operation' at end of Geometry::drawImplementation().
[01:02:00.384 W] Warning: detected OpenGL error 'invalid operation' at end of Geometry::drawImplementation().
[01:02:00.384 W] Warning: detected OpenGL error 'invalid operation' at end of Geometry::drawImplementation().
[01:02:00.384 W] Warning: detected OpenGL error 'invalid operation' at end of Geometry::drawImplementation().
[01:02:00.384 W] Warning: detected OpenGL error 'invalid operation' at end of Geometry::drawImplementation().
[01:02:00.384 W] Warning: detected OpenGL error 'invalid operation' at end of Geometry::drawImplementation().
[01:02:00.384 W] Warning: detected OpenGL error 'invalid operation' at end of Geometry::drawImplementation().
[01:02:00.384 W] Warning: detected OpenGL error 'invalid operation' at end of Geometry::drawImplementation().
[01:02:00.384 W] Warning: detected OpenGL error 'invalid operation' at end of Geometry::drawImplementation().
[01:02:00.384 W] Warning: detected OpenGL error 'invalid operation' at end of Geometry::drawImplementation().
[01:02:00.384 W] Warning: detected OpenGL error 'invalid operation' at end of Geometry::drawImplementation().
[01:02:00.384 W] Warning: detected OpenGL error 'invalid operation' at end of Geometry::drawImplementation().
[01:02:00.384 W] Warning: detected OpenGL error 'invalid operation' at end of Geometry::drawImplementation().
[01:02:00.384 W] Warning: detected OpenGL error 'invalid operation' at end of Geometry::drawImplementation().
[01:02:00.384 W] Warning: detected OpenGL error 'invalid operation' at end of Geometry::drawImplementation().
[01:02:00.384 W] Warning: detected OpenGL error 'invalid operation' at end of Geometry::drawImplementation().
[01:02:00.384 W] Warning: detected OpenGL error 'invalid operation' at end of Geometry::drawImplementation().
[01:02:00.384 W] Warning: detected OpenGL error 'invalid operation' at end of Geometry::drawImplementation().
[01:02:00.384 W] Warning: detected OpenGL error 'invalid operation' at end of Geometry::drawImplementation().
[01:02:00.384 W] Warning: detected OpenGL error 'invalid operation' at end of Geometry::drawImplementation().
[01:02:00.384 W] Warning: detected OpenGL error 'invalid operation' at end of Geometry::drawImplementation().
[01:02:00.384 W] Warning: detected OpenGL error 'invalid operation' at end of Geometry::drawImplementation().
[01:02:00.384 W] Warning: detected OpenGL error 'invalid operation' at end of Geometry::drawImplementation().
[01:02:00.384 W] Warning: detected OpenGL error 'invalid operation' at end of Geometry::drawImplementation().
[01:02:00.384 W] Warning: detected OpenGL error 'invalid operation' at end of Geometry::drawImplementation().
[01:02:00.384 W] Warning: detected OpenGL error 'invalid operation' at end of Geometry::drawImplementation().
[01:02:00.384 W] Warning: detected OpenGL error 'invalid operation' at end of Geometry::drawImplementation().
[01:02:00.384 W] Warning: detected OpenGL error 'invalid operation' at end of Geometry::drawImplementation().
[01:02:00.384 W] Warning: detected OpenGL error 'invalid operation' at end of Geometry::drawImplementation().
[01:02:00.384 W] Warning: detected OpenGL error 'invalid operation' at end of Geometry::drawImplementation().
[01:02:00.384 W] Warning: detected OpenGL error 'invalid operation' at end of Geometry::drawImplementation().
[01:02:00.384 W] Warning: detected OpenGL error 'invalid operation' at end of Geometry::drawImplementation().
[01:02:00.384 W] Warning: detected OpenGL error 'invalid operation' at end of Geometry::drawImplementation().
[01:02:00.384 W] Warning: detected OpenGL error 'invalid operation' at end of Geometry::drawImplementation().
[01:02:00.384 W] Warning: detected OpenGL error 'invalid operation' at end of Geometry::drawImplementation().
[01:02:00.384 W] Warning: detected OpenGL error 'invalid operation' at end of Geometry::drawImplementation().
[01:02:00.384 W] Warning: detected OpenGL error 'invalid operation' at end of Geometry::drawImplementation().
[01:02:00.384 W] Warning: detected OpenGL error 'invalid operation' at end of Geometry::drawImplementation().
[01:02:00.384 W] Warning: detected OpenGL error 'invalid operation' at end of Geometry::drawImplementation().
[01:02:00.384 W] Warning: detected OpenGL error 'invalid operation' at end of Geometry::drawImplementation().
[01:02:00.384 W] Warning: detected OpenGL error 'invalid operation' at end of Geometry::drawImplementation().
[01:02:00.385 W] Warning: detected OpenGL error 'invalid operation' at end of Geometry::drawImplementation().
[01:02:00.385 W] Warning: detected OpenGL error 'invalid operation' at end of Geometry::drawImplementation().
[01:02:00.385 W] Warning: detected OpenGL error 'invalid operation' at end of Geometry::drawImplementation().
[01:02:00.385 W] Warning: detected OpenGL error 'invalid operation' at end of Geometry::drawImplementation().
[01:02:00.385 W] Warning: detected OpenGL error 'invalid operation' at end of Geometry::drawImplementation().
[01:02:00.385 W] Warning: detected OpenGL error 'invalid operation' at end of Geometry::drawImplementation().
[01:02:00.385 W] Warning: detected OpenGL error 'invalid operation' at end of Geometry::drawImplementation().
[01:02:00.385 W] Warning: detected OpenGL error 'invalid operation' at end of Geometry::drawImplementation().
[01:02:00.385 W] Warning: detected OpenGL error 'invalid operation' at end of Geometry::drawImplementation().
[01:02:00.385 W] Warning: detected OpenGL error 'invalid operation' at end of Geometry::drawImplementation().
[01:02:00.385 W] Warning: detected OpenGL error 'invalid operation' at end of Geometry::drawImplementation().
[01:02:00.385 W] Warning: detected OpenGL error 'invalid operation' at end of Geometry::drawImplementation().
[01:02:00.385 W] Warning: detected OpenGL error 'invalid operation' at end of Geometry::drawImplementation().
[01:02:00.385 W] Warning: detected OpenGL error 'invalid operation' at end of Geometry::drawImplementation().
[01:02:00.385 W] Warning: detected OpenGL error 'invalid operation' at end of Geometry::drawImplementation().
[01:02:00.385 W] Warning: detected OpenGL error 'invalid operation' at end of Geometry::drawImplementation().
[01:02:00.385 W] Warning: detected OpenGL error 'invalid operation' at end of Geometry::drawImplementation().
[01:02:00.385 W] Warning: detected OpenGL error 'invalid operation' at end of Geometry::drawImplementation().
[01:02:00.385 W] Warning: detected OpenGL error 'invalid operation' at end of Geometry::drawImplementation().
[01:02:00.385 W] Warning: detected OpenGL error 'invalid operation' at end of Geometry::drawImplementation().
[01:02:00.385 W] Warning: detected OpenGL error 'invalid operation' at end of Geometry::drawImplementation().
[01:02:00.385 W] Warning: detected OpenGL error 'invalid operation' at end of Geometry::drawImplementation().
[01:02:00.385 W] Warning: detected OpenGL error 'invalid operation' at end of Geometry::drawImplementation().
[01:02:00.385 W] Warning: detected OpenGL error 'invalid operation' at end of Geometry::drawImplementation().
[01:02:00.385 W] Warning: detected OpenGL error 'invalid operation' at end of Geometry::drawImplementation().
[01:02:00.385 W] Warning: detected OpenGL error 'invalid operation' at end of Geometry::drawImplementation().
[01:02:00.385 W] Warning: detected OpenGL error 'invalid operation' at end of Geometry::drawImplementation().
[01:02:00.385 W] Warning: detected OpenGL error 'invalid operation' at end of Geometry::drawImplementation().
[01:02:00.385 W] Warning: detected OpenGL error 'invalid operation' at end of Geometry::drawImplementation().
[01:02:00.385 W] Warning: detected OpenGL error 'invalid operation' at end of Geometry::drawImplementation().
[01:02:00.385 W] Warning: detected OpenGL error 'invalid operation' at end of Geometry::drawImplementation().
[01:02:00.385 W] Warning: detected OpenGL error 'invalid operation' at end of Geometry::drawImplementation().
[01:02:00.385 W] Warning: detected OpenGL error 'invalid operation' at end of Geometry::drawImplementation().
[01:02:00.385 W] Warning: detected OpenGL error 'invalid operation' at end of Geometry::drawImplementation().
[01:02:00.385 W] Warning: detected OpenGL error 'invalid operation' at end of Geometry::drawImplementation().
[01:02:00.385 W] Warning: detected OpenGL error 'invalid operation' at end of Geometry::drawImplementation().
[01:02:00.385 W] Warning: detected OpenGL error 'invalid operation' at end of Geometry::drawImplementation().
[01:02:00.385 W] Warning: detected OpenGL error 'invalid operation' at end of Geometry::drawImplementation().
[01:02:00.385 W] Warning: detected OpenGL error 'invalid operation' at end of Geometry::drawImplementation().
[01:02:00.385 W] Warning: detected OpenGL error 'invalid operation' at end of Geometry::drawImplementation().
[01:02:00.385 W] Warning: detected OpenGL error 'invalid operation' at end of Geometry::drawImplementation().
[01:02:00.385 W] Warning: detected OpenGL error 'invalid operation' at end of Geometry::drawImplementation().
[01:02:00.385 W] Warning: detected OpenGL error 'invalid operation' at end of Geometry::drawImplementation().
[01:02:00.385 W] Warning: detected OpenGL error 'invalid operation' at end of Geometry::drawImplementation().
[01:02:00.385 W] Warning: detected OpenGL error 'invalid operation' at end of Geometry::drawImplementation().
[01:02:00.385 W] Warning: detected OpenGL error 'invalid operation' at end of Geometry::drawImplementation().
[01:02:00.385 W] Warning: detected OpenGL error 'invalid operation' at end of Geometry::drawImplementation().
[01:02:00.385 W] Warning: detected OpenGL error 'invalid operation' at end of Geometry::drawImplementation().
[01:02:00.385 W] Warning: detected OpenGL error 'invalid operation' at end of Geometry::drawImplementation().
[01:02:00.385 W] Warning: detected OpenGL error 'invalid operation' at end of Geometry::drawImplementation().
[01:02:00.385 W] Warning: detected OpenGL error 'invalid operation' at end of Geometry::drawImplementation().
[01:02:00.385 W] Warning: detected OpenGL error 'invalid operation' at end of Geometry::drawImplementation().
[01:02:00.385 W] Warning: detected OpenGL error 'invalid operation' at end of Geometry::drawImplementation().
[01:02:00.385 W] Warning: detected OpenGL error 'invalid operation' at end of Geometry::drawImplementation().
[01:02:00.385 W] Warning: detected OpenGL error 'invalid operation' at end of Geometry::drawImplementation().
[01:02:00.385 W] Warning: detected OpenGL error 'invalid operation' at end of Geometry::drawImplementation().
[01:02:00.385 W] Warning: detected OpenGL error 'invalid operation' at end of Geometry::drawImplementation().
[01:02:00.385 W] Warning: detected OpenGL error 'invalid operation' at end of Geometry::drawImplementation().
[01:02:00.385 W] Warning: detected OpenGL error 'invalid operation' at end of Geometry::drawImplementation().
[01:02:00.385 W] Warning: detected OpenGL error 'invalid operation' at end of Geometry::drawImplementation().
[01:02:00.385 W] Warning: detected OpenGL error 'invalid operation' at end of Geometry::drawImplementation().
[01:02:00.385 W] Warning: detected OpenGL error 'invalid operation' at end of Geometry::drawImplementation().
[01:02:00.385 W] Warning: detected OpenGL error 'invalid operation' at end of Geometry::drawImplementation().
[01:02:00.385 W] Warning: detected OpenGL error 'invalid operation' at end of Geometry::drawImplementation().
[01:02:00.385 W] Warning: detected OpenGL error 'invalid operation' at end of Geometry::drawImplementation().
[01:02:00.385 W] Warning: detected OpenGL error 'invalid operation' at end of Geometry::drawImplementation().
[01:02:00.385 W] Warning: detected OpenGL error 'invalid operation' at end of Geometry::drawImplementation().
[01:02:00.385 W] Warning: detected OpenGL error 'invalid operation' at end of Geometry::drawImplementation().
[01:02:00.385 W] Warning: detected OpenGL error 'invalid operation' at end of Geometry::drawImplementation().
[01:02:00.385 W] Warning: detected OpenGL error 'invalid operation' at end of Geometry::drawImplementation().
[01:02:00.385 W] Warning: detected OpenGL error 'invalid operation' at end of Geometry::drawImplementation().
[01:02:00.385 W] Warning: detected OpenGL error 'invalid operation' at end of Geometry::drawImplementation().
[01:02:00.385 W] Warning: detected OpenGL error 'invalid operation' at end of Geometry::drawImplementation().
[01:02:00.385 W] Warning: detected OpenGL error 'invalid operation' at end of Geometry::drawImplementation().
[01:02:00.385 W] Warning: detected OpenGL error 'invalid operation' at end of Geometry::drawImplementation().
[01:02:00.385 W] Warning: detected OpenGL error 'invalid operation' at end of Geometry::drawImplementation().
[01:02:00.385 W] Warning: detected OpenGL error 'invalid operation' at end of Geometry::drawImplementation().
[01:02:00.385 W] Warning: detected OpenGL error 'invalid operation' at end of Geometry::drawImplementation().
[01:02:00.385 W] Warning: detected OpenGL error 'invalid operation' at end of Geometry::drawImplementation().
[01:02:00.385 W] Warning: detected OpenGL error 'invalid operation' at end of Geometry::drawImplementation().
[01:02:00.385 W] Warning: detected OpenGL error 'invalid operation' at end of Geometry::drawImplementation().
[01:02:00.385 W] Warning: detected OpenGL error 'invalid operation' at end of Geometry::drawImplementation().
[01:02:00.385 W] Warning: detected OpenGL error 'invalid operation' at end of Geometry::drawImplementation().
[01:02:00.385 W] Warning: detected OpenGL error 'invalid operation' at end of Geometry::drawImplementation().
[01:02:00.385 W] Warning: detected OpenGL error 'invalid operation' at end of Geometry::drawImplementation().
[01:02:00.385 W] Warning: detected OpenGL error 'invalid operation' at end of Geometry::drawImplementation().
[01:02:00.385 W] Warning: detected OpenGL error 'invalid operation' at end of Geometry::drawImplementation().
[01:02:00.385 W] Warning: detected OpenGL error 'invalid operation' at end of Geometry::drawImplementation().
[01:02:00.385 W] Warning: detected OpenGL error 'invalid operation' at end of Geometry::drawImplementation().
[01:02:00.385 W] Warning: detected OpenGL error 'invalid operation' at end of Geometry::drawImplementation().
[01:02:00.385 W] Warning: detected OpenGL error 'invalid operation' at end of Geometry::drawImplementation().
[01:02:00.385 W] Warning: detected OpenGL error 'invalid operation' at end of Geometry::drawImplementation().
[01:02:00.385 W] Warning: detected OpenGL error 'invalid operation' at end of Geometry::drawImplementation().
[01:02:00.385 W] Warning: detected OpenGL error 'invalid operation' at end of Geometry::drawImplementation().
[01:02:00.385 W] Warning: detected OpenGL error 'invalid operation' at end of Geometry::drawImplementation().
[01:02:00.385 W] Warning: detected OpenGL error 'invalid operation' at end of Geometry::drawImplementation().
[01:02:00.385 W] Warning: detected OpenGL error 'invalid operation' at end of Geometry::drawImplementation().
[01:02:00.385 W] Warning: detected OpenGL error 'invalid operation' at end of Geometry::drawImplementation().
[01:02:00.385 W] Warning: detected OpenGL error 'invalid operation' at end of Geometry::drawImplementation().
[01:02:00.385 W] Warning: detected OpenGL error 'invalid operation' at end of Geometry::drawImplementation().
[01:02:00.385 W] Warning: detected OpenGL error 'invalid operation' at end of Geometry::drawImplementation().
[01:02:00.385 W] Warning: detected OpenGL error 'invalid operation' at end of Geometry::drawImplementation().
[01:02:00.385 W] Warning: detected OpenGL error 'invalid operation' at end of Geometry::drawImplementation().
[01:02:00.385 W] Warning: detected OpenGL error 'invalid operation' at end of Geometry::drawImplementation().
[01:02:00.385 W] Warning: detected OpenGL error 'invalid operation' at end of Geometry::drawImplementation().
[01:02:00.385 W] Warning: detected OpenGL error 'invalid operation' at end of Geometry::drawImplementation().
[01:02:00.385 W] Warning: detected OpenGL error 'invalid operation' at end of Geometry::drawImplementation().
[01:02:00.385 W] Warning: detected OpenGL error 'invalid operation' at end of Geometry::drawImplementation().
[01:02:00.385 W] Warning: detected OpenGL error 'invalid operation' at end of Geometry::drawImplementation().
[01:02:00.385 W] Warning: detected OpenGL error 'invalid operation' at end of Geometry::drawImplementation().
[01:02:00.385 W] Warning: detected OpenGL error 'invalid operation' at end of Geometry::drawImplementation().
[01:02:00.385 W] Warning: detected OpenGL error 'invalid operation' at end of Geometry::drawImplementation().
[01:02:00.385 W] Warning: detected OpenGL error 'invalid operation' at end of Geometry::drawImplementation().
[01:02:00.385 W] Warning: detected OpenGL error 'invalid operation' at end of Geometry::drawImplementation().
[01:02:00.385 W] Warning: detected OpenGL error 'invalid operation' at end of Geometry::drawImplementation().
[01:02:00.385 W] Warning: detected OpenGL error 'invalid operation' at end of Geometry::drawImplementation().
[01:02:00.385 W] Warning: detected OpenGL error 'invalid operation' at end of Geometry::drawImplementation().
[01:02:00.385 W] Warning: detected OpenGL error 'invalid operation' at end of Geometry::drawImplementation().
[01:02:00.385 W] Warning: detected OpenGL error 'invalid operation' at end of Geometry::drawImplementation().
[01:02:00.385 W] Warning: detected OpenGL error 'invalid operation' at end of Geometry::drawImplementation().
[01:02:00.385 W] Warning: detected OpenGL error 'invalid operation' at end of Geometry::drawImplementation().
[01:02:00.385 W] Warning: detected OpenGL error 'invalid operation' at end of Geometry::drawImplementation().
[01:02:00.385 W] Warning: detected OpenGL error 'invalid operation' at end of Geometry::drawImplementation().
[01:02:00.385 W] Warning: detected OpenGL error 'invalid operation' at end of Geometry::drawImplementation().
[01:02:00.385 W] Warning: detected OpenGL error 'invalid operation' at end of Geometry::drawImplementation().
[01:02:00.385 W] Warning: detected OpenGL error 'invalid operation' at end of Geometry::drawImplementation().
[01:02:00.385 W] Warning: detected OpenGL error 'invalid operation' at end of Geometry::drawImplementation().
[01:02:00.385 W] Warning: detected OpenGL error 'invalid operation' at end of Geometry::drawImplementation().
[01:02:00.385 W] Warning: detected OpenGL error 'invalid operation' at end of Geometry::drawImplementation().
[01:02:00.385 W] Warning: detected OpenGL error 'invalid operation' at end of Geometry::drawImplementation().
[01:02:00.385 W] Warning: detected OpenGL error 'invalid operation' at end of Geometry::drawImplementation().
[01:02:00.385 W] Warning: detected OpenGL error 'invalid operation' at end of Geometry::drawImplementation().
[01:02:00.385 W] Warning: detected OpenGL error 'invalid operation' at end of Geometry::drawImplementation().
[01:02:00.385 W] Warning: detected OpenGL error 'invalid operation' at end of Geometry::drawImplementation().
[01:02:00.385 W] Warning: detected OpenGL error 'invalid operation' at end of Geometry::drawImplementation().
[01:02:00.385 W] Warning: detected OpenGL error 'invalid operation' at end of Geometry::drawImplementation().
[01:02:00.385 W] Warning: detected OpenGL error 'invalid operation' at end of Geometry::drawImplementation().
[01:02:00.385 W] Warning: detected OpenGL error 'invalid operation' at end of Geometry::drawImplementation().
[01:02:00.385 W] Warning: detected OpenGL error 'invalid operation' at end of Geometry::drawImplementation().
[01:02:00.385 W] Warning: detected OpenGL error 'invalid operation' at end of Geometry::drawImplementation().
[01:02:00.385 W] Warning: detected OpenGL error 'invalid operation' at end of Geometry::drawImplementation().
[01:02:00.385 W] Warning: detected OpenGL error 'invalid operation' at end of Geometry::drawImplementation().
[01:02:00.385 W] Warning: detected OpenGL error 'invalid operation' at end of Geometry::drawImplementation().
[01:02:00.385 W] Warning: detected OpenGL error 'invalid operation' at end of Geometry::drawImplementation().
[01:02:00.385 W] Warning: detected OpenGL error 'invalid operation' at end of Geometry::drawImplementation().
[01:02:00.385 W] Warning: detected OpenGL error 'invalid operation' at end of Geometry::drawImplementation().
[01:02:00.385 W] Warning: detected OpenGL error 'invalid operation' at end of Geometry::drawImplementation().
[01:02:00.385 W] Warning: detected OpenGL error 'invalid operation' at end of Geometry::drawImplementation().
[01:02:00.385 W] Warning: detected OpenGL error 'invalid operation' at end of Geometry::drawImplementation().
[01:02:00.385 W] Warning: detected OpenGL error 'invalid operation' at end of Geometry::drawImplementation().
[01:02:00.385 W] Warning: detected OpenGL error 'invalid operation' at end of Geometry::drawImplementation().
[01:02:00.385 W] Warning: detected OpenGL error 'invalid operation' at end of Geometry::drawImplementation().
[01:02:00.385 W] Warning: detected OpenGL error 'invalid operation' at end of Geometry::drawImplementation().
[01:02:00.385 W] Warning: detected OpenGL error 'invalid operation' at end of Geometry::drawImplementation().
[01:02:00.385 W] Warning: detected OpenGL error 'invalid operation' at end of Geometry::drawImplementation().
[01:02:00.385 W] Warning: detected OpenGL error 'invalid operation' at end of Geometry::drawImplementation().
[01:02:00.385 W] Warning: detected OpenGL error 'invalid operation' at end of Geometry::drawImplementation().
[01:02:00.385 W] Warning: detected OpenGL error 'invalid operation' at end of Geometry::drawImplementation().
[01:02:00.385 W] Warning: detected OpenGL error 'invalid operation' at end of Geometry::drawImplementation().
[01:02:00.385 W] Warning: detected OpenGL error 'invalid operation' at end of Geometry::drawImplementation().
[01:02:00.385 W] Warning: detected OpenGL error 'invalid operation' at end of Geometry::drawImplementation().
[01:02:00.385 W] Warning: detected OpenGL error 'invalid operation' at end of Geometry::drawImplementation().
[01:02:00.385 W] Warning: detected OpenGL error 'invalid operation' at end of Geometry::drawImplementation().
[01:02:00.385 W] Warning: detected OpenGL error 'invalid operation' at end of Geometry::drawImplementation().
[01:02:00.385 W] Warning: detected OpenGL error 'invalid operation' at end of Geometry::drawImplementation().
[01:02:00.385 W] Warning: detected OpenGL error 'invalid operation' at end of Geometry::drawImplementation().
[01:02:00.385 W] Warning: detected OpenGL error 'invalid operation' at end of Geometry::drawImplementation().
[01:02:00.385 W] Warning: detected OpenGL error 'invalid operation' at end of Geometry::drawImplementation().
[01:02:00.385 W] Warning: detected OpenGL error 'invalid operation' at end of Geometry::drawImplementation().
[01:02:00.385 W] Warning: detected OpenGL error 'invalid operation' at end of Geometry::drawImplementation().
[01:02:00.385 W] Warning: detected OpenGL error 'invalid operation' at end of Geometry::drawImplementation().
[01:02:00.385 W] Warning: detected OpenGL error 'invalid operation' at end of Geometry::drawImplementation().
[01:02:00.385 W] Warning: detected OpenGL error 'invalid operation' at end of Geometry::drawImplementation().
[01:02:00.386 W] Warning: detected OpenGL error 'invalid operation' at end of Geometry::drawImplementation().
[01:02:00.386 W] Warning: detected OpenGL error 'invalid operation' at end of Geometry::drawImplementation().
[01:02:00.386 W] Warning: detected OpenGL error 'invalid operation' at end of Geometry::drawImplementation().
[01:02:00.386 W] Warning: detected OpenGL error 'invalid operation' at end of Geometry::drawImplementation().
[01:02:00.386 W] Warning: detected OpenGL error 'invalid operation' at end of Geometry::drawImplementation().
[01:02:00.386 W] Warning: detected OpenGL error 'invalid operation' at end of Geometry::drawImplementation().
[01:02:00.386 W] Warning: detected OpenGL error 'invalid operation' at end of Geometry::drawImplementation().
[01:02:00.386 W] Warning: detected OpenGL error 'invalid operation' at end of Geometry::drawImplementation().
[01:02:00.386 W] Warning: detected OpenGL error 'invalid operation' at end of Geometry::drawImplementation().
[01:02:00.386 W] Warning: detected OpenGL error 'invalid operation' at end of Geometry::drawImplementation().
[01:02:00.386 W] Warning: detected OpenGL error 'invalid operation' at end of Geometry::drawImplementation().
[01:02:00.386 W] Warning: detected OpenGL error 'invalid operation' at end of Geometry::drawImplementation().
[01:02:00.386 W] Warning: detected OpenGL error 'invalid operation' at end of Geometry::drawImplementation().
[01:02:00.386 W] Warning: detected OpenGL error 'invalid operation' at end of Geometry::drawImplementation().
[01:02:00.386 W] Warning: detected OpenGL error 'invalid operation' at end of Geometry::drawImplementation().
[01:02:00.386 W] Warning: detected OpenGL error 'invalid operation' at end of Geometry::drawImplementation().
[01:02:00.386 W] Warning: detected OpenGL error 'invalid operation' at end of Geometry::drawImplementation().
[01:02:00.386 W] Warning: detected OpenGL error 'invalid operation' at end of Geometry::drawImplementation().
[01:02:00.386 W] Warning: detected OpenGL error 'invalid operation' at end of Geometry::drawImplementation().
[01:02:00.386 W] Warning: detected OpenGL error 'invalid operation' at end of Geometry::drawImplementation().
[01:02:00.386 W] Warning: detected OpenGL error 'invalid operation' at end of Geometry::drawImplementation().
[01:02:00.386 W] Warning: detected OpenGL error 'invalid operation' at end of Geometry::drawImplementation().
[01:02:00.386 W] Warning: detected OpenGL error 'invalid operation' at end of Geometry::drawImplementation().
[01:02:00.386 W] Warning: detected OpenGL error 'invalid operation' at end of Geometry::drawImplementation().
[01:02:00.386 W] Warning: detected OpenGL error 'invalid operation' at end of Geometry::drawImplementation().
[01:02:00.386 W] Warning: detected OpenGL error 'invalid operation' at end of Geometry::drawImplementation().
[01:02:00.386 W] Warning: detected OpenGL error 'invalid operation' at end of Geometry::drawImplementation().
[01:02:00.386 W] Warning: detected OpenGL error 'invalid operation' at end of Geometry::drawImplementation().
[01:02:00.386 W] Warning: detected OpenGL error 'invalid operation' at end of Geometry::drawImplementation().
[01:02:00.386 W] Warning: detected OpenGL error 'invalid operation' at end of Geometry::drawImplementation().
[01:02:00.386 W] Warning: detected OpenGL error 'invalid operation' at end of Geometry::drawImplementation().
[01:02:00.386 W] Warning: detected OpenGL error 'invalid operation' at end of Geometry::drawImplementation().
[01:02:00.386 W] Warning: detected OpenGL error 'invalid operation' at end of Geometry::drawImplementation().
[01:02:00.386 W] Warning: detected OpenGL error 'invalid operation' at end of Geometry::drawImplementation().
[01:02:00.386 W] Warning: detected OpenGL error 'invalid operation' at end of Geometry::drawImplementation().
[01:02:00.386 W] Warning: detected OpenGL error 'invalid operation' at end of Geometry::drawImplementation().
[01:02:00.386 W] Warning: detected OpenGL error 'invalid operation' at end of Geometry::drawImplementation().
[01:02:00.386 W] Warning: detected OpenGL error 'invalid operation' at end of Geometry::drawImplementation().
[01:02:00.386 W] Warning: detected OpenGL error 'invalid operation' at end of Geometry::drawImplementation().
[01:02:00.386 W] Warning: detected OpenGL error 'invalid operation' at end of Geometry::drawImplementation().
[01:02:00.386 W] Warning: detected OpenGL error 'invalid operation' at end of Geometry::drawImplementation().
[01:02:00.386 W] Warning: detected OpenGL error 'invalid operation' at end of Geometry::drawImplementation().
[01:02:00.386 W] Warning: detected OpenGL error 'invalid operation' at end of Geometry::drawImplementation().
[01:02:00.386 W] Warning: detected OpenGL error 'invalid operation' at end of Geometry::drawImplementation().
[01:02:00.386 W] Warning: detected OpenGL error 'invalid operation' at end of Geometry::drawImplementation().
[01:02:00.386 W] Warning: detected OpenGL error 'invalid operation' at end of Geometry::drawImplementation().
[01:02:00.386 W] Warning: detected OpenGL error 'invalid operation' at end of Geometry::drawImplementation().
[01:02:00.386 W] Warning: detected OpenGL error 'invalid operation' at end of Geometry::drawImplementation().
[01:02:00.386 W] Warning: detected OpenGL error 'invalid operation' at end of Geometry::drawImplementation().
[01:02:00.386 W] Warning: detected OpenGL error 'invalid operation' at end of Geometry::drawImplementation().
[01:02:00.386 W] Warning: detected OpenGL error 'invalid operation' at end of Geometry::drawImplementation().
[01:02:00.386 W] Warning: detected OpenGL error 'invalid operation' at end of Geometry::drawImplementation().
[01:02:00.386 W] Warning: detected OpenGL error 'invalid operation' at end of Geometry::drawImplementation().
[01:02:00.386 W] Warning: detected OpenGL error 'invalid operation' at end of Geometry::drawImplementation().
[01:02:00.386 W] Warning: detected OpenGL error 'invalid operation' at end of Geometry::drawImplementation().
[01:02:00.386 W] Warning: detected OpenGL error 'invalid operation' at end of Geometry::drawImplementation().
[01:02:00.386 W] Warning: detected OpenGL error 'invalid operation' at end of Geometry::drawImplementation().
[01:02:00.386 W] Warning: detected OpenGL error 'invalid operation' at end of Geometry::drawImplementation().
[01:02:00.386 W] Warning: detected OpenGL error 'invalid operation' at end of Geometry::drawImplementation().
[01:02:00.386 W] Warning: detected OpenGL error 'invalid operation' at end of Geometry::drawImplementation().
[01:02:00.386 W] Warning: detected OpenGL error 'invalid operation' at end of Geometry::drawImplementation().
[01:02:00.386 W] Warning: detected OpenGL error 'invalid operation' at end of Geometry::drawImplementation().
[01:02:00.386 W] Warning: detected OpenGL error 'invalid operation' at end of Geometry::drawImplementation().
[01:02:00.386 W] Warning: detected OpenGL error 'invalid operation' at end of Geometry::drawImplementation().
[01:02:00.386 W] Warning: detected OpenGL error 'invalid operation' at end of Geometry::drawImplementation().
[01:02:00.386 W] Warning: detected OpenGL error 'invalid operation' at end of Geometry::drawImplementation().
[01:02:00.386 W] Warning: detected OpenGL error 'invalid operation' at end of Geometry::drawImplementation().
[01:02:00.386 W] Warning: detected OpenGL error 'invalid operation' at end of Geometry::drawImplementation().
[01:02:00.386 W] Warning: detected OpenGL error 'invalid operation' at end of Geometry::drawImplementation().
[01:02:00.386 W] Warning: detected OpenGL error 'invalid operation' at end of Geometry::drawImplementation().
[01:02:00.386 W] Warning: detected OpenGL error 'invalid operation' at end of Geometry::drawImplementation().
[01:02:00.386 W] Warning: detected OpenGL error 'invalid operation' at end of Geometry::drawImplementation().
[01:02:00.386 W] Warning: detected OpenGL error 'invalid operation' at end of Geometry::drawImplementation().
[01:02:00.386 W] Warning: detected OpenGL error 'invalid operation' at end of Geometry::drawImplementation().
[01:02:00.386 W] Warning: detected OpenGL error 'invalid operation' at end of Geometry::drawImplementation().
[01:02:00.386 W] Warning: detected OpenGL error 'invalid operation' at end of Geometry::drawImplementation().
[01:02:00.386 W] Warning: detected OpenGL error 'invalid operation' at end of Geometry::drawImplementation().
[01:02:00.386 W] Warning: detected OpenGL error 'invalid operation' at end of Geometry::drawImplementation().
[01:02:00.386 W] Warning: detected OpenGL error 'invalid operation' at end of Geometry::drawImplementation().
[01:02:00.386 W] Warning: detected OpenGL error 'invalid operation' at end of Geometry::drawImplementation().
[01:02:00.386 W] Warning: detected OpenGL error 'invalid operation' at end of Geometry::drawImplementation().
[01:02:00.386 W] Warning: detected OpenGL error 'invalid operation' at end of Geometry::drawImplementation().
[01:02:00.386 W] Warning: detected OpenGL error 'invalid operation' at end of Geometry::drawImplementation().
[01:02:00.386 W] Warning: detected OpenGL error 'invalid operation' at end of Geometry::drawImplementation().
[01:02:00.386 W] Warning: detected OpenGL error 'invalid operation' at end of Geometry::drawImplementation().
[01:02:00.386 W] Warning: detected OpenGL error 'invalid operation' at end of Geometry::drawImplementation().
[01:02:00.386 W] Warning: detected OpenGL error 'invalid operation' at end of Geometry::drawImplementation().
[01:02:00.386 W] Warning: detected OpenGL error 'invalid operation' at end of Geometry::drawImplementation().
[01:02:00.386 W] Warning: detected OpenGL error 'invalid operation' at end of Geometry::drawImplementation().
[01:02:00.386 W] Warning: detected OpenGL error 'invalid operation' at end of Geometry::drawImplementation().
[01:02:00.386 W] Warning: detected OpenGL error 'invalid operation' at end of Geometry::drawImplementation().
[01:02:00.386 W] Warning: detected OpenGL error 'invalid operation' at end of Geometry::drawImplementation().
[01:02:00.386 W] Warning: detected OpenGL error 'invalid operation' at end of Geometry::drawImplementation().
[01:02:00.386 W] Warning: detected OpenGL error 'invalid operation' at end of Geometry::drawImplementation().
[01:02:00.386 W] Warning: detected OpenGL error 'invalid operation' at end of Geometry::drawImplementation().
[01:02:00.386 W] Warning: detected OpenGL error 'invalid operation' at end of Geometry::drawImplementation().
[01:02:00.386 W] Warning: detected OpenGL error 'invalid operation' at end of Geometry::drawImplementation().
[01:02:00.386 W] Warning: detected OpenGL error 'invalid operation' at end of Geometry::drawImplementation().
[01:02:00.386 W] Warning: detected OpenGL error 'invalid operation' at end of Geometry::drawImplementation().
[01:02:00.386 W] Warning: detected OpenGL error 'invalid operation' at end of Geometry::drawImplementation().
[01:02:00.386 W] Warning: detected OpenGL error 'invalid operation' at end of Geometry::drawImplementation().
[01:02:00.386 W] Warning: detected OpenGL error 'invalid operation' at end of Geometry::drawImplementation().
[01:02:00.386 W] Warning: detected OpenGL error 'invalid operation' at end of Geometry::drawImplementation().
[01:02:00.386 W] Warning: detected OpenGL error 'invalid operation' at end of Geometry::drawImplementation().
[01:02:00.386 W] Warning: detected OpenGL error 'invalid operation' at end of Geometry::drawImplementation().
[01:02:00.386 W] Warning: detected OpenGL error 'invalid operation' at end of Geometry::drawImplementation().
[01:02:00.386 W] Warning: detected OpenGL error 'invalid operation' at end of Geometry::drawImplementation().
[01:02:00.386 W] Warning: detected OpenGL error 'invalid operation' at end of Geometry::drawImplementation().
[01:02:00.386 W] Warning: detected OpenGL error 'invalid operation' at end of Geometry::drawImplementation().
[01:02:00.386 W] Warning: detected OpenGL error 'invalid operation' at end of Geometry::drawImplementation().
[01:02:00.386 W] Warning: detected OpenGL error 'invalid operation' at end of Geometry::drawImplementation().
[01:02:00.386 W] Warning: detected OpenGL error 'invalid operation' at end of Geometry::drawImplementation().
[01:02:00.386 W] Warning: detected OpenGL error 'invalid operation' at end of Geometry::drawImplementation().
[01:02:00.386 W] Warning: detected OpenGL error 'invalid operation' at end of Geometry::drawImplementation().
[01:02:00.386 W] Warning: detected OpenGL error 'invalid operation' at end of Geometry::drawImplementation().
[01:02:00.386 W] Warning: detected OpenGL error 'invalid operation' at end of Geometry::drawImplementation().
[01:02:00.386 W] Warning: detected OpenGL error 'invalid operation' at end of Geometry::drawImplementation().
[01:02:00.386 W] Warning: detected OpenGL error 'invalid operation' at end of Geometry::drawImplementation().
[01:02:00.386 W] Warning: detected OpenGL error 'invalid operation' at end of Geometry::drawImplementation().
[01:02:00.386 W] Warning: detected OpenGL error 'invalid operation' at end of Geometry::drawImplementation().
[01:02:00.386 W] Warning: detected OpenGL error 'invalid operation' at end of Geometry::drawImplementation().
[01:02:00.386 W] Warning: detected OpenGL error 'invalid operation' at end of Geometry::drawImplementation().
[01:02:00.386 W] Warning: detected OpenGL error 'invalid operation' at end of Geometry::drawImplementation().
[01:02:00.386 W] Warning: detected OpenGL error 'invalid operation' at end of Geometry::drawImplementation().
[01:02:00.386 W] Warning: detected OpenGL error 'invalid operation' at end of Geometry::drawImplementation().
[01:02:00.386 W] Warning: detected OpenGL error 'invalid operation' at end of Geometry::drawImplementation().
[01:02:00.386 W] Warning: detected OpenGL error 'invalid operation' at end of Geometry::drawImplementation().
[01:02:00.386 W] Warning: detected OpenGL error 'invalid operation' at end of Geometry::drawImplementation().
[01:02:00.386 W] Warning: detected OpenGL error 'invalid operation' at end of Geometry::drawImplementation().
[01:02:00.386 W] Warning: detected OpenGL error 'invalid operation' at end of Geometry::drawImplementation().
[01:02:00.386 W] Warning: detected OpenGL error 'invalid operation' at end of Geometry::drawImplementation().
[01:02:00.386 W] Warning: detected OpenGL error 'invalid operation' at end of Geometry::drawImplementation().
[01:02:00.386 W] Warning: detected OpenGL error 'invalid operation' at end of Geometry::drawImplementation().
[01:02:00.386 W] Warning: detected OpenGL error 'invalid operation' at end of Geometry::drawImplementation().
[01:02:00.386 W] Warning: detected OpenGL error 'invalid operation' at end of Geometry::drawImplementation().
[01:02:00.386 W] Warning: detected OpenGL error 'invalid operation' at end of Geometry::drawImplementation().
[01:02:00.386 W] Warning: detected OpenGL error 'invalid operation' at end of Geometry::drawImplementation().
[01:02:00.386 W] Warning: detected OpenGL error 'invalid operation' at end of Geometry::drawImplementation().
[01:02:00.386 W] Warning: detected OpenGL error 'invalid operation' at end of Geometry::drawImplementation().
[01:02:00.386 W] Warning: detected OpenGL error 'invalid operation' at end of Geometry::drawImplementation().
[01:02:00.386 W] Warning: detected OpenGL error 'invalid operation' at end of Geometry::drawImplementation().
[01:02:00.386 W] Warning: detected OpenGL error 'invalid operation' at end of Geometry::drawImplementation().
[01:02:00.386 W] Warning: detected OpenGL error 'invalid operation' at end of Geometry::drawImplementation().
[01:02:00.386 W] Warning: detected OpenGL error 'invalid operation' at end of Geometry::drawImplementation().
[01:02:00.386 W] Warning: detected OpenGL error 'invalid operation' at end of Geometry::drawImplementation().
[01:02:00.386 W] Warning: detected OpenGL error 'invalid operation' at end of Geometry::drawImplementation().
[01:02:00.386 W] Warning: detected OpenGL error 'invalid operation' at end of Geometry::drawImplementation().
[01:02:00.386 W] Warning: detected OpenGL error 'invalid operation' at end of Geometry::drawImplementation().
[01:02:00.386 W] Warning: detected OpenGL error 'invalid operation' at end of Geometry::drawImplementation().
[01:02:00.386 W] Warning: detected OpenGL error 'invalid operation' at end of Geometry::drawImplementation().
[01:02:00.386 W] Warning: detected OpenGL error 'invalid operation' at end of Geometry::drawImplementation().
[01:02:00.386 W] Warning: detected OpenGL error 'invalid operation' at end of Geometry::drawImplementation().
[01:02:00.386 W] Warning: detected OpenGL error 'invalid operation' at end of Geometry::drawImplementation().
[01:02:00.386 W] Warning: detected OpenGL error 'invalid operation' at end of Geometry::drawImplementation().
[01:02:00.386 W] Warning: detected OpenGL error 'invalid operation' at end of Geometry::drawImplementation().
[01:02:00.386 W] Warning: detected OpenGL error 'invalid operation' at end of Geometry::drawImplementation().
[01:02:00.386 W] Warning: detected OpenGL error 'invalid operation' at end of Geometry::drawImplementation().
[01:02:00.386 W] Warning: detected OpenGL error 'invalid operation' at end of Geometry::drawImplementation().
[01:02:00.386 W] Warning: detected OpenGL error 'invalid operation' at end of Geometry::drawImplementation().
[01:02:00.386 W] Warning: detected OpenGL error 'invalid operation' at end of Geometry::drawImplementation().
[01:02:00.386 W] Warning: detected OpenGL error 'invalid operation' at end of Geometry::drawImplementation().
[01:02:00.386 W] Warning: detected OpenGL error 'invalid operation' at end of Geometry::drawImplementation().
[01:02:00.386 W] Warning: detected OpenGL error 'invalid operation' at end of Geometry::drawImplementation().
[01:02:00.386 W] Warning: detected OpenGL error 'invalid operation' at end of Geometry::drawImplementation().
[01:02:00.386 W] Warning: detected OpenGL error 'invalid operation' at end of Geometry::drawImplementation().
[01:02:00.386 W] Warning: detected OpenGL error 'invalid operation' at end of Geometry::drawImplementation().
[01:02:00.386 W] Warning: detected OpenGL error 'invalid operation' at end of Geometry::drawImplementation().
[01:02:00.386 W] Warning: detected OpenGL error 'invalid operation' at end of Geometry::drawImplementation().
[01:02:00.386 W] Warning: detected OpenGL error 'invalid operation' at end of Geometry::drawImplementation().
[01:02:00.386 W] Warning: detected OpenGL error 'invalid operation' at end of Geometry::drawImplementation().
[01:02:00.386 W] Warning: detected OpenGL error 'invalid operation' at end of Geometry::drawImplementation().
[01:02:00.386 W] Warning: detected OpenGL error 'invalid operation' at end of Geometry::drawImplementation().
[01:02:00.386 W] Warning: detected OpenGL error 'invalid operation' at end of Geometry::drawImplementation().
[01:02:00.386 W] Warning: detected OpenGL error 'invalid operation' at end of Geometry::drawImplementation().
[01:02:00.386 W] Warning: detected OpenGL error 'invalid operation' at end of Geometry::drawImplementation().
[01:02:00.387 W] Warning: detected OpenGL error 'invalid operation' at end of Geometry::drawImplementation().
[01:02:00.387 W] Warning: detected OpenGL error 'invalid operation' at end of Geometry::drawImplementation().
[01:02:00.387 W] Warning: detected OpenGL error 'invalid operation' at end of Geometry::drawImplementation().
[01:02:00.387 W] Warning: detected OpenGL error 'invalid operation' at end of Geometry::drawImplementation().
[01:02:00.387 W] Warning: detected OpenGL error 'invalid operation' at end of Geometry::drawImplementation().
[01:02:00.387 W] Warning: detected OpenGL error 'invalid operation' at end of Geometry::drawImplementation().
[01:02:00.387 W] Warning: detected OpenGL error 'invalid operation' at end of Geometry::drawImplementation().
[01:02:00.387 W] Warning: detected OpenGL error 'invalid operation' at end of Geometry::drawImplementation().
[01:02:00.387 W] Warning: detected OpenGL error 'invalid operation' at end of Geometry::drawImplementation().
[01:02:00.387 W] Warning: detected OpenGL error 'invalid operation' at end of Geometry::drawImplementation().
[01:02:00.387 W] Warning: detected OpenGL error 'invalid operation' at end of Geometry::drawImplementation().
[01:02:00.387 W] Warning: detected OpenGL error 'invalid operation' at end of Geometry::drawImplementation().
[01:02:00.387 W] Warning: detected OpenGL error 'invalid operation' at end of Geometry::drawImplementation().
[01:02:00.387 W] Warning: detected OpenGL error 'invalid operation' at end of Geometry::drawImplementation().
[01:02:00.387 W] Warning: detected OpenGL error 'invalid operation' at end of Geometry::drawImplementation().
[01:02:00.387 W] Warning: detected OpenGL error 'invalid operation' at end of Geometry::drawImplementation().
[01:02:00.387 W] Warning: detected OpenGL error 'invalid operation' at end of Geometry::drawImplementation().
[01:02:00.387 W] Warning: detected OpenGL error 'invalid operation' at end of Geometry::drawImplementation().
[01:02:00.387 W] Warning: detected OpenGL error 'invalid operation' at end of Geometry::drawImplementation().
[01:02:00.387 W] Warning: detected OpenGL error 'invalid operation' at end of Geometry::drawImplementation().
[01:02:00.387 W] Warning: detected OpenGL error 'invalid operation' at end of Geometry::drawImplementation().
[01:02:00.387 W] Warning: detected OpenGL error 'invalid operation' at end of Geometry::drawImplementation().
[01:02:00.387 W] Warning: detected OpenGL error 'invalid operation' at end of Geometry::drawImplementation().
[01:02:00.387 W] Warning: detected OpenGL error 'invalid operation' at end of Geometry::drawImplementation().
[01:02:00.387 W] Warning: detected OpenGL error 'invalid operation' at end of Geometry::drawImplementation().
[01:02:00.387 W] Warning: detected OpenGL error 'invalid operation' at end of Geometry::drawImplementation().
[01:02:00.387 W] Warning: detected OpenGL error 'invalid operation' at end of Geometry::drawImplementation().
[01:02:00.387 W] Warning: detected OpenGL error 'invalid operation' at end of Geometry::drawImplementation().
[01:02:00.387 W] Warning: detected OpenGL error 'invalid operation' at end of Geometry::drawImplementation().
[01:02:00.387 W] Warning: detected OpenGL error 'invalid operation' at end of Geometry::drawImplementation().
[01:02:00.387 W] Warning: detected OpenGL error 'invalid operation' at end of Geometry::drawImplementation().
[01:02:00.387 W] Warning: detected OpenGL error 'invalid operation' at end of Geometry::drawImplementation().
[01:02:00.387 W] Warning: detected OpenGL error 'invalid operation' at end of Geometry::drawImplementation().
[01:02:00.387 W] Warning: detected OpenGL error 'invalid operation' at end of Geometry::drawImplementation().
[01:02:00.387 W] Warning: detected OpenGL error 'invalid operation' at end of Geometry::drawImplementation().
[01:02:00.387 W] Warning: detected OpenGL error 'invalid operation' at end of Geometry::drawImplementation().
[01:02:00.387 W] Warning: detected OpenGL error 'invalid operation' at end of Geometry::drawImplementation().
[01:02:00.387 W] Warning: detected OpenGL error 'invalid operation' at end of Geometry::drawImplementation().
[01:02:00.387 W] Warning: detected OpenGL error 'invalid operation' at end of Geometry::drawImplementation().
[01:02:00.387 W] Warning: detected OpenGL error 'invalid operation' at end of Geometry::drawImplementation().
[01:02:00.387 W] Warning: detected OpenGL error 'invalid operation' at end of Geometry::drawImplementation().
[01:02:00.387 W] Warning: detected OpenGL error 'invalid operation' at end of Geometry::drawImplementation().
[01:02:00.387 W] Warning: detected OpenGL error 'invalid operation' at end of Geometry::drawImplementation().
[01:02:00.387 W] Warning: detected OpenGL error 'invalid operation' at end of Geometry::drawImplementation().
[01:02:00.387 W] Warning: detected OpenGL error 'invalid operation' at end of Geometry::drawImplementation().
[01:02:00.387 W] Warning: detected OpenGL error 'invalid operation' at end of Geometry::drawImplementation().
[01:02:00.387 W] Warning: detected OpenGL error 'invalid operation' at end of Geometry::drawImplementation().
[01:02:00.387 W] Warning: detected OpenGL error 'invalid operation' at end of Geometry::drawImplementation().
[01:02:00.387 W] Warning: detected OpenGL error 'invalid operation' at end of Geometry::drawImplementation().
[01:02:00.387 W] Warning: detected OpenGL error 'invalid operation' at end of Geometry::drawImplementation().
[01:02:00.387 W] Warning: detected OpenGL error 'invalid operation' at end of Geometry::drawImplementation().
[01:02:00.387 W] Warning: detected OpenGL error 'invalid operation' at end of Geometry::drawImplementation().
[01:02:00.387 W] Warning: detected OpenGL error 'invalid operation' at end of Geometry::drawImplementation().
[01:02:00.387 W] Warning: detected OpenGL error 'invalid operation' at end of Geometry::drawImplementation().
[01:02:00.387 W] Warning: detected OpenGL error 'invalid operation' at end of Geometry::drawImplementation().
[01:02:00.387 W] Warning: detected OpenGL error 'invalid operation' at end of Geometry::drawImplementation().
[01:02:00.387 W] Warning: detected OpenGL error 'invalid operation' at end of Geometry::drawImplementation().
[01:02:00.387 W] Warning: detected OpenGL error 'invalid operation' at end of Geometry::drawImplementation().
[01:02:00.387 W] Warning: detected OpenGL error 'invalid operation' at end of Geometry::drawImplementation().
[01:02:00.387 W] Warning: detected OpenGL error 'invalid operation' at end of Geometry::drawImplementation().
[01:02:00.387 W] Warning: detected OpenGL error 'invalid operation' at end of Geometry::drawImplementation().
[01:02:00.387 W] Warning: detected OpenGL error 'invalid operation' at end of Geometry::drawImplementation().
[01:02:00.387 W] Warning: detected OpenGL error 'invalid operation' at end of Geometry::drawImplementation().
[01:02:00.387 W] Warning: detected OpenGL error 'invalid operation' at end of Geometry::drawImplementation().
[01:02:00.387 W] Warning: detected OpenGL error 'invalid operation' at end of Geometry::drawImplementation().
[01:02:00.387 W] Warning: detected OpenGL error 'invalid operation' at end of Geometry::drawImplementation().
[01:02:00.387 W] Warning: detected OpenGL error 'invalid operation' at end of Geometry::drawImplementation().
[01:02:00.387 W] Warning: detected OpenGL error 'invalid operation' at end of Geometry::drawImplementation().
[01:02:00.387 W] Warning: detected OpenGL error 'invalid operation' at end of Geometry::drawImplementation().
[01:02:00.387 W] Warning: detected OpenGL error 'invalid operation' at end of Geometry::drawImplementation().
[01:02:00.387 W] Warning: detected OpenGL error 'invalid operation' at end of Geometry::drawImplementation().
[01:02:00.387 W] Warning: detected OpenGL error 'invalid operation' at end of Geometry::drawImplementation().
[01:02:00.387 W] Warning: detected OpenGL error 'invalid operation' at end of Geometry::drawImplementation().
[01:02:00.387 W] Warning: detected OpenGL error 'invalid operation' at end of Geometry::drawImplementation().
[01:02:00.387 W] Warning: detected OpenGL error 'invalid operation' at end of Geometry::drawImplementation().
[01:02:00.387 W] Warning: detected OpenGL error 'invalid operation' at end of Geometry::drawImplementation().
[01:02:00.387 W] Warning: detected OpenGL error 'invalid operation' at end of Geometry::drawImplementation().
[01:02:00.387 W] Warning: detected OpenGL error 'invalid operation' at end of Geometry::drawImplementation().
[01:02:00.387 W] Warning: detected OpenGL error 'invalid operation' at end of Geometry::drawImplementation().
[01:02:00.387 W] Warning: detected OpenGL error 'invalid operation' at end of Geometry::drawImplementation().
[01:02:00.387 W] Warning: detected OpenGL error 'invalid operation' at end of Geometry::drawImplementation().
[01:02:00.387 W] Warning: detected OpenGL error 'invalid operation' at end of Geometry::drawImplementation().
[01:02:00.387 W] Warning: detected OpenGL error 'invalid operation' at end of Geometry::drawImplementation().
[01:02:00.387 W] Warning: detected OpenGL error 'invalid operation' at end of Geometry::drawImplementation().
[01:02:00.387 W] Warning: detected OpenGL error 'invalid operation' at end of Geometry::drawImplementation().
[01:02:00.387 W] Warning: detected OpenGL error 'invalid operation' at end of Geometry::drawImplementation().
[01:02:00.387 W] Warning: detected OpenGL error 'invalid operation' at end of Geometry::drawImplementation().
[01:02:00.387 W] Warning: detected OpenGL error 'invalid operation' at end of Geometry::drawImplementation().
[01:02:00.387 W] Warning: detected OpenGL error 'invalid operation' at end of Geometry::drawImplementation().
[01:02:00.387 W] Warning: detected OpenGL error 'invalid operation' at end of Geometry::drawImplementation().
[01:02:00.387 W] Warning: detected OpenGL error 'invalid operation' at end of Geometry::drawImplementation().
[01:02:00.387 W] Warning: detected OpenGL error 'invalid operation' at end of Geometry::drawImplementation().
[01:02:00.387 W] Warning: detected OpenGL error 'invalid operation' at end of Geometry::drawImplementation().
[01:02:00.387 W] Warning: detected OpenGL error 'invalid operation' at end of Geometry::drawImplementation().
[01:02:00.387 W] Warning: detected OpenGL error 'invalid operation' at end of Geometry::drawImplementation().
[01:02:00.387 W] Warning: detected OpenGL error 'invalid operation' at end of Geometry::drawImplementation().
[01:02:00.387 W] Warning: detected OpenGL error 'invalid operation' at end of Geometry::drawImplementation().
[01:02:00.391 W] Warning: detected OpenGL error 'invalid operation' at end of Geometry::drawImplementation().
[01:02:00.391 W] Warning: detected OpenGL error 'invalid operation' at end of Geometry::drawImplementation().
[01:02:00.391 W] Warning: detected OpenGL error 'invalid operation' at end of Geometry::drawImplementation().
[01:02:00.391 W] Warning: detected OpenGL error 'invalid operation' at end of Geometry::drawImplementation().
[01:02:00.391 W] Warning: detected OpenGL error 'invalid operation' at end of Geometry::drawImplementation().
[01:02:00.391 W] Warning: detected OpenGL error 'invalid operation' at end of Geometry::drawImplementation().
[01:02:00.391 W] Warning: detected OpenGL error 'invalid operation' at end of Geometry::drawImplementation().
[01:02:00.391 W] Warning: detected OpenGL error 'invalid operation' at end of Geometry::drawImplementation().
[01:02:00.391 W] Warning: detected OpenGL error 'invalid operation' at end of Geometry::drawImplementation().
[01:02:00.391 W] Warning: detected OpenGL error 'invalid operation' at end of Geometry::drawImplementation().
[01:02:00.391 W] Warning: detected OpenGL error 'invalid operation' at end of Geometry::drawImplementation().
[01:02:00.391 W] Warning: detected OpenGL error 'invalid operation' at end of Geometry::drawImplementation().
[01:02:00.391 W] Warning: detected OpenGL error 'invalid operation' at end of Geometry::drawImplementation().
[01:02:00.391 W] Warning: detected OpenGL error 'invalid operation' at end of Geometry::drawImplementation().
[01:02:00.391 W] Warning: detected OpenGL error 'invalid operation' at end of Geometry::drawImplementation().
[01:02:00.391 W] Warning: detected OpenGL error 'invalid operation' at end of Geometry::drawImplementation().
[01:02:00.391 W] Warning: detected OpenGL error 'invalid operation' at end of Geometry::drawImplementation().
[01:02:00.391 W] Warning: detected OpenGL error 'invalid operation' at end of Geometry::drawImplementation().
[01:02:00.391 W] Warning: detected OpenGL error 'invalid operation' at end of Geometry::drawImplementation().
[01:02:00.391 W] Warning: detected OpenGL error 'invalid operation' at end of Geometry::drawImplementation().
[01:02:00.391 W] Warning: detected OpenGL error 'invalid operation' at end of Geometry::drawImplementation().
[01:02:00.391 W] Warning: detected OpenGL error 'invalid operation' at end of Geometry::drawImplementation().
[01:02:00.391 W] Warning: detected OpenGL error 'invalid operation' at end of Geometry::drawImplementation().
[01:02:00.391 W] Warning: detected OpenGL error 'invalid operation' at end of Geometry::drawImplementation().
[01:02:00.391 W] Warning: detected OpenGL error 'invalid operation' at end of Geometry::drawImplementation().
[01:02:00.391 W] Warning: detected OpenGL error 'invalid operation' at end of Geometry::drawImplementation().
[01:02:00.391 W] Warning: detected OpenGL error 'invalid operation' at end of Geometry::drawImplementation().
[01:02:00.391 W] Warning: detected OpenGL error 'invalid operation' at end of Geometry::drawImplementation().
[01:02:00.392 W] Warning: detected OpenGL error 'invalid operation' at end of Geometry::drawImplementation().
[01:02:00.392 W] Warning: detected OpenGL error 'invalid operation' at end of Geometry::drawImplementation().
[01:02:00.392 W] Warning: detected OpenGL error 'invalid operation' at end of Geometry::drawImplementation().
[01:02:00.392 W] Warning: detected OpenGL error 'invalid operation' at end of Geometry::drawImplementation().
[01:02:00.392 W] Warning: detected OpenGL error 'invalid operation' at end of Geometry::drawImplementation().
[01:02:00.392 W] Warning: detected OpenGL error 'invalid operation' at end of Geometry::drawImplementation().
[01:02:00.392 W] Warning: detected OpenGL error 'invalid operation' at end of Geometry::drawImplementation().
[01:02:00.392 W] Warning: detected OpenGL error 'invalid operation' at end of Geometry::drawImplementation().
[01:02:00.392 W] Warning: detected OpenGL error 'invalid operation' at end of Geometry::drawImplementation().
[01:02:00.392 W] Warning: detected OpenGL error 'invalid operation' at end of Geometry::drawImplementation().
[01:02:00.392 W] Warning: detected OpenGL error 'invalid operation' at end of Geometry::drawImplementation().
[01:02:00.392 W] Warning: detected OpenGL error 'invalid operation' at end of Geometry::drawImplementation().
[01:02:00.392 W] Warning: detected OpenGL error 'invalid operation' at end of Geometry::drawImplementation().
[01:02:00.392 W] Warning: detected OpenGL error 'invalid operation' at end of Geometry::drawImplementation().
[01:02:00.392 W] Warning: detected OpenGL error 'invalid operation' at end of Geometry::drawImplementation().
[01:02:00.392 W] Warning: detected OpenGL error 'invalid operation' at end of Geometry::drawImplementation().
[01:02:00.392 W] Warning: detected OpenGL error 'invalid operation' at end of Geometry::drawImplementation().
[01:02:00.392 W] Warning: detected OpenGL error 'invalid operation' at end of Geometry::drawImplementation().
[01:02:00.392 W] Warning: detected OpenGL error 'invalid operation' at end of Geometry::drawImplementation().
[01:02:00.392 W] Warning: detected OpenGL error 'invalid operation' at end of Geometry::drawImplementation().
[01:02:00.392 W] Warning: detected OpenGL error 'invalid operation' at end of Geometry::drawImplementation().
[01:02:00.392 W] Warning: detected OpenGL error 'invalid operation' at end of Geometry::drawImplementation().
[01:02:00.392 W] Warning: detected OpenGL error 'invalid operation' at end of Geometry::drawImplementation().
[01:02:00.392 W] Warning: detected OpenGL error 'invalid operation' at end of Geometry::drawImplementation().
[01:02:00.392 W] Warning: detected OpenGL error 'invalid operation' at end of Geometry::drawImplementation().
[01:02:00.392 W] Warning: detected OpenGL error 'invalid operation' at end of Geometry::drawImplementation().
[01:02:00.392 W] Warning: detected OpenGL error 'invalid operation' at end of Geometry::drawImplementation().
[01:02:00.392 W] Warning: detected OpenGL error 'invalid operation' at end of Geometry::drawImplementation().
[01:02:00.392 W] Warning: detected OpenGL error 'invalid operation' at end of Geometry::drawImplementation().
[01:02:00.392 W] Warning: detected OpenGL error 'invalid operation' at end of Geometry::drawImplementation().
[01:02:00.392 W] Warning: detected OpenGL error 'invalid operation' at end of Geometry::drawImplementation().
[01:02:00.392 W] Warning: detected OpenGL error 'invalid operation' at end of Geometry::drawImplementation().
[01:02:00.392 W] Warning: detected OpenGL error 'invalid operation' at end of Geometry::drawImplementation().
[01:02:00.392 W] Warning: detected OpenGL error 'invalid operation' at end of Geometry::drawImplementation().
[01:02:00.392 W] Warning: detected OpenGL error 'invalid operation' at end of Geometry::drawImplementation().
[01:02:00.392 W] Warning: detected OpenGL error 'invalid operation' at end of Geometry::drawImplementation().
[01:02:00.392 W] Warning: detected OpenGL error 'invalid operation' at end of Geometry::drawImplementation().
[01:02:00.392 W] Warning: detected OpenGL error 'invalid operation' at end of Geometry::drawImplementation().
[01:02:00.392 W] Warning: detected OpenGL error 'invalid operation' at end of Geometry::drawImplementation().
[01:02:00.393 W] Warning: detected OpenGL error 'invalid operation' at end of Geometry::drawImplementation().
[01:02:00.393 W] Warning: detected OpenGL error 'invalid operation' at end of Geometry::drawImplementation().
[01:02:00.393 W] Warning: detected OpenGL error 'invalid operation' at end of Geometry::drawImplementation().
[01:02:00.393 W] Warning: detected OpenGL error 'invalid operation' at end of Geometry::drawImplementation().
[01:02:00.393 W] Warning: detected OpenGL error 'invalid operation' at end of Geometry::drawImplementation().
[01:02:00.393 W] Warning: detected OpenGL error 'invalid operation' at end of Geometry::drawImplementation().
[01:02:00.393 W] Warning: detected OpenGL error 'invalid operation' at end of Geometry::drawImplementation().
[01:02:00.393 W] Warning: detected OpenGL error 'invalid operation' at end of Geometry::drawImplementation().
[01:02:00.393 W] Warning: detected OpenGL error 'invalid operation' at end of Geometry::drawImplementation().
[01:02:00.393 W] Warning: detected OpenGL error 'invalid operation' at end of Geometry::drawImplementation().
[01:02:00.393 W] Warning: detected OpenGL error 'invalid operation' at end of Geometry::drawImplementation().
[01:02:00.393 W] Warning: detected OpenGL error 'invalid operation' at end of Geometry::drawImplementation().
[01:02:00.393 W] Warning: detected OpenGL error 'invalid operation' at end of Geometry::drawImplementation().
[01:02:00.393 W] Warning: detected OpenGL error 'invalid operation' at end of Geometry::drawImplementation().
[01:02:00.393 W] Warning: detected OpenGL error 'invalid operation' at end of Geometry::drawImplementation().
[01:02:00.393 W] Warning: detected OpenGL error 'invalid operation' at end of Geometry::drawImplementation().
[01:02:00.393 W] Warning: detected OpenGL error 'invalid operation' at end of Geometry::drawImplementation().
[01:02:00.393 W] Warning: detected OpenGL error 'invalid operation' at end of Geometry::drawImplementation().
[01:02:00.393 W] Warning: detected OpenGL error 'invalid operation' at end of Geometry::drawImplementation().
[01:02:00.393 W] Warning: detected OpenGL error 'invalid operation' at end of Geometry::drawImplementation().
[01:02:00.393 W] Warning: detected OpenGL error 'invalid operation' at end of Geometry::drawImplementation().
[01:02:00.393 W] Warning: detected OpenGL error 'invalid operation' at end of Geometry::drawImplementation().
[01:02:00.393 W] Warning: detected OpenGL error 'invalid operation' at end of Geometry::drawImplementation().
[01:02:00.393 W] Warning: detected OpenGL error 'invalid operation' at end of Geometry::drawImplementation().
[01:02:00.393 W] Warning: detected OpenGL error 'invalid operation' at end of Geometry::drawImplementation().
[01:02:00.393 W] Warning: detected OpenGL error 'invalid operation' at end of Geometry::drawImplementation().
[01:02:00.393 W] Warning: detected OpenGL error 'invalid operation' at end of Geometry::drawImplementation().
[01:02:00.393 W] Warning: detected OpenGL error 'invalid operation' at end of Geometry::drawImplementation().
[01:02:00.393 W] Warning: detected OpenGL error 'invalid operation' at end of Geometry::drawImplementation().
[01:02:00.393 W] Warning: detected OpenGL error 'invalid operation' at end of Geometry::drawImplementation().
[01:02:00.393 W] Warning: detected OpenGL error 'invalid operation' at end of Geometry::drawImplementation().
[01:02:00.393 W] Warning: detected OpenGL error 'invalid operation' at end of Geometry::drawImplementation().
[01:02:00.393 W] Warning: detected OpenGL error 'invalid operation' at end of Geometry::drawImplementation().
[01:02:00.393 W] Warning: detected OpenGL error 'invalid operation' at end of Geometry::drawImplementation().
[01:02:00.393 W] Warning: detected OpenGL error 'invalid operation' at end of Geometry::drawImplementation().
[01:02:00.393 W] Warning: detected OpenGL error 'invalid operation' at end of Geometry::drawImplementation().
[01:02:00.393 W] Warning: detected OpenGL error 'invalid operation' at end of Geometry::drawImplementation().
[01:02:00.393 W] Warning: detected OpenGL error 'invalid operation' at end of Geometry::drawImplementation().
[01:02:00.393 W] Warning: detected OpenGL error 'invalid operation' at end of Geometry::drawImplementation().
[01:02:00.393 W] Warning: detected OpenGL error 'invalid operation' at end of Geometry::drawImplementation().
[01:02:00.393 W] Warning: detected OpenGL error 'invalid operation' at end of Geometry::drawImplementation().
[01:02:00.393 W] Warning: detected OpenGL error 'invalid operation' at end of Geometry::drawImplementation().
[01:02:00.393 W] Warning: detected OpenGL error 'invalid operation' at end of Geometry::drawImplementation().
[01:02:00.393 W] Warning: detected OpenGL error 'invalid operation' at end of Geometry::drawImplementation().
[01:02:00.393 W] Warning: detected OpenGL error 'invalid operation' at end of Geometry::drawImplementation().
[01:02:00.393 W] Warning: detected OpenGL error 'invalid operation' at end of Geometry::drawImplementation().
[01:02:00.393 W] Warning: detected OpenGL error 'invalid operation' at end of Geometry::drawImplementation().
[01:02:00.393 W] Warning: detected OpenGL error 'invalid operation' at end of Geometry::drawImplementation().
[01:02:00.393 W] Warning: detected OpenGL error 'invalid operation' at end of Geometry::drawImplementation().
[01:02:00.393 W] Warning: detected OpenGL error 'invalid operation' at end of Geometry::drawImplementation().
[01:02:00.393 W] Warning: detected OpenGL error 'invalid operation' at end of Geometry::drawImplementation().
[01:02:00.393 W] Warning: detected OpenGL error 'invalid operation' at end of Geometry::drawImplementation().
[01:02:00.393 W] Warning: detected OpenGL error 'invalid operation' at end of Geometry::drawImplementation().
[01:02:00.393 W] Warning: detected OpenGL error 'invalid operation' at end of Geometry::drawImplementation().
[01:02:00.393 W] Warning: detected OpenGL error 'invalid operation' at end of Geometry::drawImplementation().
[01:02:00.393 W] Warning: detected OpenGL error 'invalid operation' at end of Geometry::drawImplementation().
[01:02:00.393 W] Warning: detected OpenGL error 'invalid operation' at end of Geometry::drawImplementation().
[01:02:00.393 W] Warning: detected OpenGL error 'invalid operation' at end of Geometry::drawImplementation().
[01:02:00.393 W] Warning: detected OpenGL error 'invalid operation' at end of Geometry::drawImplementation().
[01:02:00.393 W] Warning: detected OpenGL error 'invalid operation' at end of Geometry::drawImplementation().
[01:02:00.393 W] Warning: detected OpenGL error 'invalid operation' at end of Geometry::drawImplementation().
[01:02:00.393 W] Warning: detected OpenGL error 'invalid operation' at end of Geometry::drawImplementation().
[01:02:00.393 W] Warning: detected OpenGL error 'invalid operation' at end of Geometry::drawImplementation().
[01:02:00.393 W] Warning: detected OpenGL error 'invalid operation' at end of Geometry::drawImplementation().
[01:02:00.393 W] Warning: detected OpenGL error 'invalid operation' at end of Geometry::drawImplementation().
[01:02:00.393 W] Warning: detected OpenGL error 'invalid operation' at end of Geometry::drawImplementation().
[01:02:00.393 W] Warning: detected OpenGL error 'invalid operation' at end of Geometry::drawImplementation().
[01:02:00.393 W] Warning: detected OpenGL error 'invalid operation' at end of Geometry::drawImplementation().
[01:02:00.393 W] Warning: detected OpenGL error 'invalid operation' at end of Geometry::drawImplementation().
[01:02:00.393 W] Warning: detected OpenGL error 'invalid operation' at end of Geometry::drawImplementation().
[01:02:00.393 W] Warning: detected OpenGL error 'invalid operation' at end of Geometry::drawImplementation().
[01:02:00.393 W] Warning: detected OpenGL error 'invalid operation' at end of Geometry::drawImplementation().
[01:02:00.393 W] Warning: detected OpenGL error 'invalid operation' at end of Geometry::drawImplementation().
[01:02:00.393 W] Warning: detected OpenGL error 'invalid operation' at end of Geometry::drawImplementation().
[01:02:00.393 W] Warning: detected OpenGL error 'invalid operation' at end of Geometry::drawImplementation().
[01:02:00.393 W] Warning: detected OpenGL error 'invalid operation' at end of Geometry::drawImplementation().
[01:02:00.393 W] Warning: detected OpenGL error 'invalid operation' at end of Geometry::drawImplementation().
[01:02:00.393 W] Warning: detected OpenGL error 'invalid operation' at end of Geometry::drawImplementation().
[01:02:00.393 W] Warning: detected OpenGL error 'invalid operation' at end of Geometry::drawImplementation().
[01:02:00.393 W] Warning: detected OpenGL error 'invalid operation' at end of Geometry::drawImplementation().
[01:02:00.393 W] Warning: detected OpenGL error 'invalid operation' at end of Geometry::drawImplementation().
[01:02:00.393 W] Warning: detected OpenGL error 'invalid operation' at end of Geometry::drawImplementation().
[01:02:00.393 W] Warning: detected OpenGL error 'invalid operation' at end of Geometry::drawImplementation().
[01:02:00.393 W] Warning: detected OpenGL error 'invalid operation' at end of Geometry::drawImplementation().
[01:02:00.393 W] Warning: detected OpenGL error 'invalid operation' at end of Geometry::drawImplementation().
[01:02:00.393 W] Warning: detected OpenGL error 'invalid operation' at end of Geometry::drawImplementation().
[01:02:00.393 W] Warning: detected OpenGL error 'invalid operation' at end of Geometry::drawImplementation().
[01:02:00.393 W] Warning: detected OpenGL error 'invalid operation' at end of Geometry::drawImplementation().
[01:02:00.393 W] Warning: detected OpenGL error 'invalid operation' at end of Geometry::drawImplementation().
[01:02:00.393 W] Warning: detected OpenGL error 'invalid operation' at end of Geometry::drawImplementation().
[01:02:00.393 W] Warning: detected OpenGL error 'invalid operation' at end of Geometry::drawImplementation().
[01:02:00.393 W] Warning: detected OpenGL error 'invalid operation' at end of Geometry::drawImplementation().
[01:02:00.393 W] Warning: detected OpenGL error 'invalid operation' at end of Geometry::drawImplementation().
[01:02:00.393 W] Warning: detected OpenGL error 'invalid operation' at end of Geometry::drawImplementation().
[01:02:00.393 W] Warning: detected OpenGL error 'invalid operation' at end of Geometry::drawImplementation().
[01:02:00.393 W] Warning: detected OpenGL error 'invalid operation' at end of Geometry::drawImplementation().
[01:02:00.393 W] Warning: detected OpenGL error 'invalid operation' at end of Geometry::drawImplementation().
[01:02:00.393 W] Warning: detected OpenGL error 'invalid operation' at end of Geometry::drawImplementation().
[01:02:00.393 W] Warning: detected OpenGL error 'invalid operation' at end of Geometry::drawImplementation().
[01:02:00.393 W] Warning: detected OpenGL error 'invalid operation' at end of Geometry::drawImplementation().
[01:02:00.394 W] Warning: detected OpenGL error 'invalid operation' at end of Geometry::drawImplementation().
[01:02:00.394 W] Warning: detected OpenGL error 'invalid operation' at end of Geometry::drawImplementation().
[01:02:00.394 W] Warning: detected OpenGL error 'invalid operation' at end of Geometry::drawImplementation().
[01:02:00.394 W] Warning: detected OpenGL error 'invalid operation' at end of Geometry::drawImplementation().
[01:02:00.394 W] Warning: detected OpenGL error 'invalid operation' at end of Geometry::drawImplementation().
[01:02:00.394 W] Warning: detected OpenGL error 'invalid operation' at end of Geometry::drawImplementation().
[01:02:00.394 W] Warning: detected OpenGL error 'invalid operation' at end of Geometry::drawImplementation().
[01:02:00.394 W] Warning: detected OpenGL error 'invalid operation' at end of Geometry::drawImplementation().
[01:02:00.394 W] Warning: detected OpenGL error 'invalid operation' at end of Geometry::drawImplementation().
[01:02:00.394 W] Warning: detected OpenGL error 'invalid operation' at end of Geometry::drawImplementation().
[01:02:00.394 W] Warning: detected OpenGL error 'invalid operation' at end of Geometry::drawImplementation().
[01:02:00.394 W] Warning: detected OpenGL error 'invalid operation' at end of Geometry::drawImplementation().
[01:02:00.394 W] Warning: detected OpenGL error 'invalid operation' at end of Geometry::drawImplementation().
[01:02:00.394 W] Warning: detected OpenGL error 'invalid operation' at end of Geometry::drawImplementation().
[01:02:00.394 W] Warning: detected OpenGL error 'invalid operation' at end of Geometry::drawImplementation().
[01:02:00.394 W] Warning: detected OpenGL error 'invalid operation' at end of Geometry::drawImplementation().
[01:02:00.394 W] Warning: detected OpenGL error 'invalid operation' at end of Geometry::drawImplementation().
[01:02:00.394 W] Warning: detected OpenGL error 'invalid operation' at end of Geometry::drawImplementation().
[01:02:00.394 W] Warning: detected OpenGL error 'invalid operation' at end of Geometry::drawImplementation().
[01:02:00.394 W] Warning: detected OpenGL error 'invalid operation' at end of Geometry::drawImplementation().
[01:02:00.394 W] Warning: detected OpenGL error 'invalid operation' at end of Geometry::drawImplementation().
[01:02:00.394 W] Warning: detected OpenGL error 'invalid operation' at end of Geometry::drawImplementation().
[01:02:00.394 W] Warning: detected OpenGL error 'invalid operation' at end of Geometry::drawImplementation().
[01:02:00.394 W] Warning: detected OpenGL error 'invalid operation' at end of Geometry::drawImplementation().
[01:02:00.394 W] Warning: detected OpenGL error 'invalid operation' at end of Geometry::drawImplementation().
[01:02:00.394 W] Warning: detected OpenGL error 'invalid operation' at end of Geometry::drawImplementation().
[01:02:00.394 W] Warning: detected OpenGL error 'invalid operation' at end of Geometry::drawImplementation().
[01:02:00.394 W] Warning: detected OpenGL error 'invalid operation' at end of Geometry::drawImplementation().
[01:02:00.394 W] Warning: detected OpenGL error 'invalid operation' at end of Geometry::drawImplementation().
[01:02:00.394 W] Warning: detected OpenGL error 'invalid operation' at end of Geometry::drawImplementation().
[01:02:00.394 W] Warning: detected OpenGL error 'invalid operation' at end of Geometry::drawImplementation().
[01:02:00.394 W] Warning: detected OpenGL error 'invalid operation' at end of Geometry::drawImplementation().
[01:02:00.394 W] Warning: detected OpenGL error 'invalid operation' at end of Geometry::drawImplementation().
[01:02:00.394 W] Warning: detected OpenGL error 'invalid operation' at end of Geometry::drawImplementation().
[01:02:00.394 W] Warning: detected OpenGL error 'invalid operation' at end of Geometry::drawImplementation().
[01:02:00.394 W] Warning: detected OpenGL error 'invalid operation' at end of Geometry::drawImplementation().
[01:02:00.394 W] Warning: detected OpenGL error 'invalid operation' at end of Geometry::drawImplementation().
[01:02:00.394 W] Warning: detected OpenGL error 'invalid operation' at end of Geometry::drawImplementation().
[01:02:00.394 W] Warning: detected OpenGL error 'invalid operation' at end of Geometry::drawImplementation().
[01:02:00.394 W] Warning: detected OpenGL error 'invalid operation' at end of Geometry::drawImplementation().
[01:02:00.394 W] Warning: detected OpenGL error 'invalid operation' at end of Geometry::drawImplementation().
[01:02:00.394 W] Warning: detected OpenGL error 'invalid operation' at end of Geometry::drawImplementation().
[01:02:00.394 W] Warning: detected OpenGL error 'invalid operation' at end of Geometry::drawImplementation().
[01:02:00.394 W] Warning: detected OpenGL error 'invalid operation' at end of Geometry::drawImplementation().
[01:02:00.394 W] Warning: detected OpenGL error 'invalid operation' at end of Geometry::drawImplementation().
[01:02:00.394 W] Warning: detected OpenGL error 'invalid operation' at end of Geometry::drawImplementation().
[01:02:00.394 W] Warning: detected OpenGL error 'invalid operation' at end of Geometry::drawImplementation().
[01:02:00.394 W] Warning: detected OpenGL error 'invalid operation' at end of Geometry::drawImplementation().
[01:02:00.394 W] Warning: detected OpenGL error 'invalid operation' at end of Geometry::drawImplementation().
[01:02:00.394 W] Warning: detected OpenGL error 'invalid operation' at end of Geometry::drawImplementation().
[01:02:00.394 W] Warning: detected OpenGL error 'invalid operation' at end of Geometry::drawImplementation().
[01:02:00.394 W] Warning: detected OpenGL error 'invalid operation' at end of Geometry::drawImplementation().
[01:02:00.394 W] Warning: detected OpenGL error 'invalid operation' at end of Geometry::drawImplementation().
[01:02:00.394 W] Warning: detected OpenGL error 'invalid operation' at end of Geometry::drawImplementation().
[01:02:00.394 W] Warning: detected OpenGL error 'invalid operation' at end of Geometry::drawImplementation().
[01:02:00.394 W] Warning: detected OpenGL error 'invalid operation' at end of Geometry::drawImplementation().
[01:02:00.394 W] Warning: detected OpenGL error 'invalid operation' at end of Geometry::drawImplementation().
[01:02:00.394 W] Warning: detected OpenGL error 'invalid operation' at end of Geometry::drawImplementation().
[01:02:00.394 W] Warning: detected OpenGL error 'invalid operation' at end of Geometry::drawImplementation().
[01:02:00.394 W] Warning: detected OpenGL error 'invalid operation' at end of Geometry::drawImplementation().
[01:02:00.394 W] Warning: detected OpenGL error 'invalid operation' at end of Geometry::drawImplementation().
[01:02:00.394 W] Warning: detected OpenGL error 'invalid operation' at end of Geometry::drawImplementation().
[01:02:00.394 W] Warning: detected OpenGL error 'invalid operation' at end of Geometry::drawImplementation().
[01:02:00.394 W] Warning: detected OpenGL error 'invalid operation' at end of Geometry::drawImplementation().
[01:02:00.394 W] Warning: detected OpenGL error 'invalid operation' at end of Geometry::drawImplementation().
[01:02:00.394 W] Warning: detected OpenGL error 'invalid operation' at end of Geometry::drawImplementation().
[01:02:00.394 W] Warning: detected OpenGL error 'invalid operation' at end of Geometry::drawImplementation().
[01:02:00.394 W] Warning: detected OpenGL error 'invalid operation' at end of Geometry::drawImplementation().
[01:02:00.394 W] Warning: detected OpenGL error 'invalid operation' at end of Geometry::drawImplementation().
[01:02:00.394 W] Warning: detected OpenGL error 'invalid operation' at end of Geometry::drawImplementation().
[01:02:00.394 W] Warning: detected OpenGL error 'invalid operation' at end of Geometry::drawImplementation().
[01:02:00.394 W] Warning: detected OpenGL error 'invalid operation' at end of Geometry::drawImplementation().
[01:02:00.394 W] Warning: detected OpenGL error 'invalid operation' at end of Geometry::drawImplementation().
[01:02:00.394 W] Warning: detected OpenGL error 'invalid operation' at end of Geometry::drawImplementation().
[01:02:00.394 W] Warning: detected OpenGL error 'invalid operation' at end of Geometry::drawImplementation().
[01:02:00.394 W] Warning: detected OpenGL error 'invalid operation' at end of Geometry::drawImplementation().
[01:02:00.394 W] Warning: detected OpenGL error 'invalid operation' at end of Geometry::drawImplementation().
[01:02:00.394 W] Warning: detected OpenGL error 'invalid operation' at end of Geometry::drawImplementation().
[01:02:00.394 W] Warning: detected OpenGL error 'invalid operation' at end of Geometry::drawImplementation().
[01:02:00.394 W] Warning: detected OpenGL error 'invalid operation' at end of Geometry::drawImplementation().
[01:02:00.394 W] Warning: detected OpenGL error 'invalid operation' at end of Geometry::drawImplementation().
[01:02:00.394 W] Warning: detected OpenGL error 'invalid operation' at end of Geometry::drawImplementation().
[01:02:00.394 W] Warning: detected OpenGL error 'invalid operation' at end of Geometry::drawImplementation().
[01:02:00.394 W] Warning: detected OpenGL error 'invalid operation' at end of Geometry::drawImplementation().
[01:02:00.394 W] Warning: detected OpenGL error 'invalid operation' at end of Geometry::drawImplementation().
[01:02:00.394 W] Warning: detected OpenGL error 'invalid operation' at end of Geometry::drawImplementation().
[01:02:00.394 W] Warning: detected OpenGL error 'invalid operation' at end of Geometry::drawImplementation().
[01:02:00.394 W] Warning: detected OpenGL error 'invalid operation' at end of Geometry::drawImplementation().
[01:02:00.394 W] Warning: detected OpenGL error 'invalid operation' at end of Geometry::drawImplementation().
[01:02:00.394 W] Warning: detected OpenGL error 'invalid operation' at end of Geometry::drawImplementation().
[01:02:00.394 W] Warning: detected OpenGL error 'invalid operation' at end of Geometry::drawImplementation().
[01:02:00.394 W] Warning: detected OpenGL error 'invalid operation' at end of Geometry::drawImplementation().
[01:02:00.394 W] Warning: detected OpenGL error 'invalid operation' at end of Geometry::drawImplementation().
[01:02:00.394 W] Warning: detected OpenGL error 'invalid operation' at end of Geometry::drawImplementation().
[01:02:00.394 W] Warning: detected OpenGL error 'invalid operation' at end of Geometry::drawImplementation().
[01:02:00.394 W] Warning: detected OpenGL error 'invalid operation' at end of Geometry::drawImplementation().
[01:02:00.394 W] Warning: detected OpenGL error 'invalid operation' at end of Geometry::drawImplementation().
[01:02:00.394 W] Warning: detected OpenGL error 'invalid operation' at end of Geometry::drawImplementation().
[01:02:00.394 W] Warning: detected OpenGL error 'invalid operation' at end of Geometry::drawImplementation().
[01:02:00.394 W] Warning: detected OpenGL error 'invalid operation' at end of Geometry::drawImplementation().
[01:02:00.394 W] Warning: detected OpenGL error 'invalid operation' at end of Geometry::drawImplementation().
[01:02:00.394 W] Warning: detected OpenGL error 'invalid operation' at end of Geometry::drawImplementation().
[01:02:00.394 W] Warning: detected OpenGL error 'invalid operation' at end of Geometry::drawImplementation().
[01:02:00.394 W] Warning: detected OpenGL error 'invalid operation' at end of Geometry::drawImplementation().
[01:02:00.394 W] Warning: detected OpenGL error 'invalid operation' at end of Geometry::drawImplementation().
[01:02:00.394 W] Warning: detected OpenGL error 'invalid operation' at end of Geometry::drawImplementation().
[01:02:00.394 W] Warning: detected OpenGL error 'invalid operation' at end of Geometry::drawImplementation().
[01:02:00.394 W] Warning: detected OpenGL error 'invalid operation' at end of Geometry::drawImplementation().
[01:02:00.394 W] Warning: detected OpenGL error 'invalid operation' at end of Geometry::drawImplementation().
[01:02:00.394 W] Warning: detected OpenGL error 'invalid operation' at end of Geometry::drawImplementation().
[01:02:00.394 W] Warning: detected OpenGL error 'invalid operation' at end of Geometry::drawImplementation().
[01:02:00.394 W] Warning: detected OpenGL error 'invalid operation' at end of Geometry::drawImplementation().
[01:02:00.394 W] Warning: detected OpenGL error 'invalid operation' at end of Geometry::drawImplementation().
[01:02:00.394 W] Warning: detected OpenGL error 'invalid operation' at end of Geometry::drawImplementation().
[01:02:00.394 W] Warning: detected OpenGL error 'invalid operation' at end of Geometry::drawImplementation().
[01:02:00.394 W] Warning: detected OpenGL error 'invalid operation' at end of Geometry::drawImplementation().
[01:02:00.394 W] Warning: detected OpenGL error 'invalid operation' at end of Geometry::drawImplementation().
[01:02:00.394 W] Warning: detected OpenGL error 'invalid operation' at end of Geometry::drawImplementation().
[01:02:00.394 W] Warning: detected OpenGL error 'invalid operation' at end of Geometry::drawImplementation().
[01:02:00.394 W] Warning: detected OpenGL error 'invalid operation' at end of Geometry::drawImplementation().
[01:02:00.394 W] Warning: detected OpenGL error 'invalid operation' at end of Geometry::drawImplementation().
[01:02:00.394 W] Warning: detected OpenGL error 'invalid operation' at end of Geometry::drawImplementation().
[01:02:00.394 W] Warning: detected OpenGL error 'invalid operation' at end of Geometry::drawImplementation().
[01:02:00.394 W] Warning: detected OpenGL error 'invalid operation' at end of Geometry::drawImplementation().
[01:02:00.394 W] Warning: detected OpenGL error 'invalid operation' at end of Geometry::drawImplementation().
[01:02:00.394 W] Warning: detected OpenGL error 'invalid operation' at end of Geometry::drawImplementation().
[01:02:00.394 W] Warning: detected OpenGL error 'invalid operation' at end of Geometry::drawImplementation().
[01:02:00.394 W] Warning: detected OpenGL error 'invalid operation' at end of Geometry::drawImplementation().
[01:02:00.394 W] Warning: detected OpenGL error 'invalid operation' at end of Geometry::drawImplementation().
[01:02:00.394 W] Warning: detected OpenGL error 'invalid operation' at end of Geometry::drawImplementation().
[01:02:00.394 W] Warning: detected OpenGL error 'invalid operation' at end of Geometry::drawImplementation().
[01:02:00.394 W] Warning: detected OpenGL error 'invalid operation' at end of Geometry::drawImplementation().
[01:02:00.394 W] Warning: detected OpenGL error 'invalid operation' at end of Geometry::drawImplementation().
[01:02:00.394 W] Warning: detected OpenGL error 'invalid operation' at end of Geometry::drawImplementation().
[01:02:00.394 W] Warning: detected OpenGL error 'invalid operation' at end of Geometry::drawImplementation().
[01:02:00.394 W] Warning: detected OpenGL error 'invalid operation' at end of Geometry::drawImplementation().
[01:02:00.394 W] Warning: detected OpenGL error 'invalid operation' at end of Geometry::drawImplementation().
[01:02:00.394 W] Warning: detected OpenGL error 'invalid operation' at end of Geometry::drawImplementation().
[01:02:00.394 W] Warning: detected OpenGL error 'invalid operation' at end of Geometry::drawImplementation().
[01:02:00.394 W] Warning: detected OpenGL error 'invalid operation' at end of Geometry::drawImplementation().
[01:02:00.394 W] Warning: detected OpenGL error 'invalid operation' at end of Geometry::drawImplementation().
[01:02:00.394 W] Warning: detected OpenGL error 'invalid operation' at end of Geometry::drawImplementation().
[01:02:00.394 W] Warning: detected OpenGL error 'invalid operation' at end of Geometry::drawImplementation().
[01:02:00.394 W] Warning: detected OpenGL error 'invalid operation' at end of Geometry::drawImplementation().
[01:02:00.394 W] Warning: detected OpenGL error 'invalid operation' at end of Geometry::drawImplementation().
[01:02:00.394 W] Warning: detected OpenGL error 'invalid operation' at end of Geometry::drawImplementation().
[01:02:00.394 W] Warning: detected OpenGL error 'invalid operation' at end of Geometry::drawImplementation().
[01:02:00.394 W] Warning: detected OpenGL error 'invalid operation' at end of Geometry::drawImplementation().
[01:02:00.394 W] Warning: detected OpenGL error 'invalid operation' at end of Geometry::drawImplementation().
[01:02:00.394 W] Warning: detected OpenGL error 'invalid operation' at end of Geometry::drawImplementation().
[01:02:00.394 W] Warning: detected OpenGL error 'invalid operation' at end of Geometry::drawImplementation().
[01:02:00.394 W] Warning: detected OpenGL error 'invalid operation' at end of Geometry::drawImplementation().
[01:02:00.394 W] Warning: detected OpenGL error 'invalid operation' at end of Geometry::drawImplementation().
[01:02:00.394 W] Warning: detected OpenGL error 'invalid operation' at end of Geometry::drawImplementation().
[01:02:00.394 W] Warning: detected OpenGL error 'invalid operation' at end of Geometry::drawImplementation().
[01:02:00.394 W] Warning: detected OpenGL error 'invalid operation' at end of Geometry::drawImplementation().
[01:02:00.394 W] Warning: detected OpenGL error 'invalid operation' at end of Geometry::drawImplementation().
[01:02:00.394 W] Warning: detected OpenGL error 'invalid operation' at end of Geometry::drawImplementation().
[01:02:00.394 W] Warning: detected OpenGL error 'invalid operation' at end of Geometry::drawImplementation().
[01:02:00.394 W] Warning: detected OpenGL error 'invalid operation' at end of Geometry::drawImplementation().
[01:02:00.394 W] Warning: detected OpenGL error 'invalid operation' at end of Geometry::drawImplementation().
[01:02:00.394 W] Warning: detected OpenGL error 'invalid operation' at end of Geometry::drawImplementation().
[01:02:00.394 W] Warning: detected OpenGL error 'invalid operation' at end of Geometry::drawImplementation().
[01:02:00.394 W] Warning: detected OpenGL error 'invalid operation' at end of Geometry::drawImplementation().
[01:02:00.394 W] Warning: detected OpenGL error 'invalid operation' at end of Geometry::drawImplementation().
[01:02:00.394 W] Warning: detected OpenGL error 'invalid operation' at end of Geometry::drawImplementation().
[01:02:00.394 W] Warning: detected OpenGL error 'invalid operation' at end of Geometry::drawImplementation().
[01:02:00.394 W] Warning: detected OpenGL error 'invalid operation' at end of Geometry::drawImplementation().
[01:02:00.394 W] Warning: detected OpenGL error 'invalid operation' at end of Geometry::drawImplementation().
[01:02:00.395 W] Warning: detected OpenGL error 'invalid operation' at end of Geometry::drawImplementation().
[01:02:00.395 W] Warning: detected OpenGL error 'invalid operation' at end of Geometry::drawImplementation().
[01:02:00.395 W] Warning: detected OpenGL error 'invalid operation' at end of Geometry::drawImplementation().
[01:02:00.395 W] Warning: detected OpenGL error 'invalid operation' at end of Geometry::drawImplementation().
[01:02:00.395 W] Warning: detected OpenGL error 'invalid operation' at end of Geometry::drawImplementation().
[01:02:00.395 W] Warning: detected OpenGL error 'invalid operation' at end of Geometry::drawImplementation().
[01:02:00.395 W] Warning: detected OpenGL error 'invalid operation' at end of Geometry::drawImplementation().
[01:02:00.395 W] Warning: detected OpenGL error 'invalid operation' at end of Geometry::drawImplementation().
[01:02:00.395 W] Warning: detected OpenGL error 'invalid operation' at end of Geometry::drawImplementation().
[01:02:00.395 W] Warning: detected OpenGL error 'invalid operation' at end of Geometry::drawImplementation().
[01:02:00.395 W] Warning: detected OpenGL error 'invalid operation' at end of Geometry::drawImplementation().
[01:02:00.395 W] Warning: detected OpenGL error 'invalid operation' at end of Geometry::drawImplementation().
[01:02:00.395 W] Warning: detected OpenGL error 'invalid operation' at end of Geometry::drawImplementation().
[01:02:00.395 W] Warning: detected OpenGL error 'invalid operation' at end of Geometry::drawImplementation().
[01:02:00.395 W] Warning: detected OpenGL error 'invalid operation' at end of Geometry::drawImplementation().
[01
[truncated: 4199241 bytes of repeated GL error output omitted]
